time,Obs,Mean,F1-Mean,F2-Mean,F2-3DVAR-Mean,sfe11d,sfe12d,sfe13d,sfe31d,sfe32d,sfe33d,sfe41d,sfe42d,sfe43d,N1K1hi,N1K2hi,N2K1hi,N2K2hi,N3K1hi,N3K2hi,N1K1,N1K2,N2K1,N2K2,N3K1,N3K2,N1K1hiV,N1K2hiV,N2K1hiV,N2K2hiV,N3K1hiV,N3K2hiV,N1K1V,N1K2V,N2K1V,N2K2V,N3K1V,N3K2V
1982-01-15,0.10000000000000142,,,,,,,,,,,,,,,,,,,,,,,,,,,,,,,,,,,,,
1982-02-15,0.2384499999999985,,,,,,,,,,,,,,,,,,,,,,,,,,,,,,,,,,,,,
1982-03-15,0.4007500000000004,,,,,,,,,,,,,,,,,,,,,,,,,,,,,,,,,,,,,
1982-04-15,0.6058999999999983,,,,,,,,,,,,,,,,,,,,,,,,,,,,,,,,,,,,,
1982-05-15,0.7987500000000036,,,,,,,,,,,,,,,,,,,,,,,,,,,,,,,,,,,,,
1982-06-15,0.9706999999999972,,,,,,,,,,,,,,,,,,,,,,,,,,,,,,,,,,,,,
1982-07-15,0.7380499999999959,,,,,,,,,,,,,,,,,,,,,,,,,,,,,,,,,,,,,
1982-08-15,0.4092000000000038,,,,,,,,,,,,,,,,,,,,,,,,,,,,,,,,,,,,,
1982-09-15,0.20294999999999774,,,,,,,,,,,,,,,,,,,,,,,,,,,,,,,,,,,,,
1982-10-15,0.25104999999999933,,,,,,,,,,,,,,,,,,,,,,,,,,,,,,,,,,,,,
1982-11-15,-0.013149999999999551,,,,,,,,,,,,,,,,,,,,,,,,,,,,,,,,,,,,,
1982-12-15,-0.4903999999999993,,,,,,,,,,,,,,,,,,,,,,,,,,,,,,,,,,,,,
1983-01-15,-0.31150000000000233,,,,,,,,,,,,,,,,,,,,,,,,,,,,,,,,,,,,,
1983-02-15,-0.048650000000000304,,,,,,,,,,,,,,,,,,,,,,,,,,,,,,,,,,,,,
1983-03-15,-0.20245000000000068,,,,,,,,,,,,,,,,,,,,,,,,,,,,,,,,,,,,,
1983-04-15,-0.6593000000000018,,,,,,,,,,,,,,,,,,,,,,,,,,,,,,,,,,,,,
1983-05-15,-0.7205999999999975,,,,,,,,,,,,,,,,,,,,,,,,,,,,,,,,,,,,,
1983-06-15,-1.3018,,,,,,,,,,,,,,,,,,,,,,,,,,,,,,,,,,,,,
1983-07-15,-1.3922500000000042,,,,,,,,,,,,,,,,,,,,,,,,,,,,,,,,,,,,,
1983-08-15,-1.2882999999999996,,,,,,,,,,,,,,,,,,,,,,,,,,,,,,,,,,,,,
1983-09-15,-1.0763000000000034,,,,,,,,,,,,,,,,,,,,,,,,,,,,,,,,,,,,,
1983-10-15,-1.0866500000000006,,,,,,,,,,,,,,,,,,,,,,,,,,,,,,,,,,,,,
1983-11-15,-0.916500000000001,,,,,,,,,,,,,,,,,,,,,,,,,,,,,,,,,,,,,
1983-12-15,-0.5451499999999996,,,,,,,,,,,,,,,,,,,,,,,,,,,,,,,,,,,,,
1984-01-15,-0.3730999999999991,,,,,,,,,,,,,,,,,,,,,,,,,,,,,,,,,,,,,
1984-02-15,-0.28304999999999936,,,,,,,,,,,,,,,,,,,,,,,,,,,,,,,,,,,,,
1984-03-15,-0.5106999999999999,,,,,,,,,,,,,,,,,,,,,,,,,,,,,,,,,,,,,
1984-04-15,-0.5059000000000022,,,,,,,,,,,,,,,,,,,,,,,,,,,,,,,,,,,,,
1984-05-15,-0.2951499999999996,,,,,,,,,,,,,,,,,,,,,,,,,,,,,,,,,,,,,
1984-06-15,-0.1363000000000021,,,,,,,,,,,,,,,,,,,,,,,,,,,,,,,,,,,,,
1984-07-15,-0.23050000000000104,,,,,,,,,,,,,,,,,,,,,,,,,,,,,,,,,,,,,
1984-08-15,-0.3493999999999975,,,,,,,,,,,,,,,,,,,,,,,,,,,,,,,,,,,,,
1984-09-15,-0.07250000000000156,,,,,,,,,,,,,,,,,,,,,,,,,,,,,,,,,,,,,
1984-10-15,-0.1349999999999998,,,,,,,,,,,,,,,,,,,,,,,,,,,,,,,,,,,,,
1984-11-15,-0.4780500000000014,,,,,,,,,,,,,,,,,,,,,,,,,,,,,,,,,,,,,
1984-12-15,-0.6016499999999994,,,,,,,,,,,,,,,,,,,,,,,,,,,,,,,,,,,,,
1985-01-15,-0.042349999999999,,,,,,,,,,,,,,,,,,,,,,,,,,,,,,,,,,,,,
1985-02-15,-0.017600000000001614,,,,,,,,,,,,,,,,,,,,,,,,,,,,,,,,,,,,,
1985-03-15,-0.2927999999999997,,,,,,,,,,,,,,,,,,,,,,,,,,,,,,,,,,,,,
1985-04-15,-0.1567500000000006,,,,,,,,,,,,,,,,,,,,,,,,,,,,,,,,,,,,,
1985-05-15,0.06905000000000072,,,,,,,,,,,,,,,,,,,,,,,,,,,,,,,,,,,,,
1985-06-15,-0.031950000000000145,,,,,,,,,,,,,,,,,,,,,,,,,,,,,,,,,,,,,
1985-07-15,0.308549999999995,,,,,,,,,,,,,,,,,,,,,,,,,,,,,,,,,,,,,
1985-08-15,0.3395000000000028,,,,,,,,,,,,,,,,,,,,,,,,,,,,,,,,,,,,,
1985-09-15,0.2625999999999973,,,,,,,,,,,,,,,,,,,,,,,,,,,,,,,,,,,,,
1985-10-15,0.19294999999999973,,,,,,,,,,,,,,,,,,,,,,,,,,,,,,,,,,,,,
1985-11-15,0.12154999999999738,,,,,,,,,,,,,,,,,,,,,,,,,,,,,,,,,,,,,
1985-12-15,0.188600000000001,,,,,,,,,,,,,,,,,,,,,,,,,,,,,,,,,,,,,
1986-01-15,0.008000000000000895,,,,,,,,,,,,,,,,,,,,,,,,,,,,,,,,,,,,,
1986-02-15,0.0931999999999995,,,,,,,,,,,,,,,,,,,,,,,,,,,,,,,,,,,,,
1986-03-15,0.10249999999999915,,,,,,,,,,,,,,,,,,,,,,,,,,,,,,,,,,,,,
1986-04-15,0.24609999999999843,,,,,,,,,,,,,,,,,,,,,,,,,,,,,,,,,,,,,
1986-05-15,0.12340000000000195,,,,,,,,,,,,,,,,,,,,,,,,,,,,,,,,,,,,,
1986-06-15,0.4012999999999973,,,,,,,,,,,,,,,,,,,,,,,,,,,,,,,,,,,,,
1986-07-15,0.2895999999999983,,,,,,,,,,,,,,,,,,,,,,,,,,,,,,,,,,,,,
1986-08-15,0.33105000000000295,,,,,,,,,,,,,,,,,,,,,,,,,,,,,,,,,,,,,
1986-09-15,0.5040499999999977,,,,,,,,,,,,,,,,,,,,,,,,,,,,,,,,,,,,,
1986-10-15,0.4880000000000031,,,,,,,,,,,,,,,,,,,,,,,,,,,,,,,,,,,,,
1986-11-15,0.5613499999999974,,,,,,,,,,,,,,,,,,,,,,,,,,,,,,,,,,,,,
1986-12-15,0.5759999999999987,,,,,,,,,,,,,,,,,,,,,,,,,,,,,,,,,,,,,
1987-01-15,0.5163000000000029,,,,,,,,,,,,,,,,,,,,,,,,,,,,,,,,,,,,,
1987-02-15,0.6682000000000006,,,,,,,,,,,,,,,,,,,,,,,,,,,,,,,,,,,,,
1987-03-15,0.36965000000000003,,,,,,,,,,,,,,,,,,,,,,,,,,,,,,,,,,,,,
1987-04-15,0.15364999999999895,,,,,,,,,,,,,,,,,,,,,,,,,,,,,,,,,,,,,
1987-05-15,-0.0909999999999993,,,,,,,,,,,,,,,,,,,,,,,,,,,,,,,,,,,,,
1987-06-15,0.21739999999999782,,,,,,,,,,,,,,,,,,,,,,,,,,,,,,,,,,,,,
1987-07-15,0.362749999999993,,,,,,,,,,,,,,,,,,,,,,,,,,,,,,,,,,,,,
1987-08-15,0.37725000000000186,,,,,,,,,,,,,,,,,,,,,,,,,,,,,,,,,,,,,
1987-09-15,0.41579999999999906,,,,,,,,,,,,,,,,,,,,,,,,,,,,,,,,,,,,,
1987-10-15,0.3780500000000018,,,,,,,,,,,,,,,,,,,,,,,,,,,,,,,,,,,,,
1987-11-15,0.5482499999999959,,,,,,,,,,,,,,,,,,,,,,,,,,,,,,,,,,,,,
1987-12-15,0.34000000000000163,,,,,,,,,,,,,,,,,,,,,,,,,,,,,,,,,,,,,
1988-01-15,0.5075999999999965,,,,,,,,,,,,,,,,,,,,,,,,,,,,,,,,,,,,,
1988-02-15,0.5108499999999996,,,,,,,,,,,,,,,,,,,,,,,,,,,,,,,,,,,,,
1988-03-15,0.15370000000000061,,,,,,,,,,,,,,,,,,,,,,,,,,,,,,,,,,,,,
1988-04-15,0.06654999999999767,,,,,,,,,,,,,,,,,,,,,,,,,,,,,,,,,,,,,
1988-05-15,-0.020899999999999253,,,,,,,,,,,,,,,,,,,,,,,,,,,,,,,,,,,,,
1988-06-15,0.060649999999997206,,,,,,,,,,,,,,,,,,,,,,,,,,,,,,,,,,,,,
1988-07-15,-0.2006500000000031,,,,,,,,,,,,,,,,,,,,,,,,,,,,,,,,,,,,,
1988-08-15,-0.5044999999999966,,,,,,,,,,,,,,,,,,,,,,,,,,,,,,,,,,,,,
1988-09-15,-0.6230000000000011,,,,,,,,,,,,,,,,,,,,,,,,,,,,,,,,,,,,,
1988-10-15,-0.9617000000000004,,,,,,,,,,,,,,,,,,,,,,,,,,,,,,,,,,,,,
1988-11-15,-1.228800000000005,,,,,,,,,,,,,,,,,,,,,,,,,,,,,,,,,,,,,
1988-12-15,-0.86205,,,,,,,,,,,,,,,,,,,,,,,,,,,,,,,,,,,,,
1989-01-15,-1.2586000000000013,,,,,,,,,,,,,,,,,,,,,,,,,,,,,,,,,,,,,
1989-02-15,-1.1646000000000019,,,,,,,,,,,,,,,,,,,,,,,,,,,,,,,,,,,,,
1989-03-15,-0.6479499999999998,,,,,,,,,,,,,,,,,,,,,,,,,,,,,,,,,,,,,
1989-04-15,-0.5765000000000029,,,,,,,,,,,,,,,,,,,,,,,,,,,,,,,,,,,,,
1989-05-15,-0.10140000000000171,,,,,,,,,,,,,,,,,,,,,,,,,,,,,,,,,,,,,
1989-06-15,-0.41999999999999993,,,,,,,,,,,,,,,,,,,,,,,,,,,,,,,,,,,,,
1989-07-15,-0.3439500000000013,,,,,,,,,,,,,,,,,,,,,,,,,,,,,,,,,,,,,
1989-08-15,-0.3429999999999964,,,,,,,,,,,,,,,,,,,,,,,,,,,,,,,,,,,,,
1989-09-15,-0.3041000000000018,,,,,,,,,,,,,,,,,,,,,,,,,,,,,,,,,,,,,
1989-10-15,-0.17980000000000196,,,,,,,,,,,,,,,,,,,,,,,,,,,,,,,,,,,,,
1989-11-15,-0.1154500000000045,,,,,,,,,,,,,,,,,,,,,,,,,,,,,,,,,,,,,
1989-12-15,0.35474999999999923,,,,,,,,,,,,,,,,,,,,,,,,,,,,,,,,,,,,,
1990-01-15,0.4703500000000016,,,,,,,,,,,,,,,,,,,,,,,,,,,,,,,,,,,,,
1990-02-15,0.39010000000000034,,,,,,,,,,,,,,,,,,,,,,,,,,,,,,,,,,,,,
1990-03-15,0.631450000000001,,,,,,,,,,,,,,,,,,,,,,,,,,,,,,,,,,,,,
1990-04-15,0.4622499999999974,,,,,,,,,,,,,,,,,,,,,,,,,,,,,,,,,,,,,
1990-05-15,0.22485,,,,,,,,,,,,,,,,,,,,,,,,,,,,,,,,,,,,,
1990-06-15,0.29110000000000014,,,,,,,,,,,,,,,,,,,,,,,,,,,,,,,,,,,,,
1990-07-15,0.4619499999999963,,,,,,,,,,,,,,,,,,,,,,,,,,,,,,,,,,,,,
1990-08-15,0.46194999999999986,,,,,,,,,,,,,,,,,,,,,,,,,,,,,,,,,,,,,
1990-09-15,0.6071999999999971,,,,,,,,,,,,,,,,,,,,,,,,,,,,,,,,,,,,,
1990-10-15,0.7391000000000023,,,,,,,,,,,,,,,,,,,,,,,,,,,,,,,,,,,,,
1990-11-15,0.763049999999998,,,,,,,,,,,,,,,,,,,,,,,,,,,,,,,,,,,,,
1990-12-15,0.9799000000000007,,,,,,,,,,,,,,,,,,,,,,,,,,,,,,,,,,,,,
1991-01-15,1.084999999999999,,,,,,,,,,,,,,,,,,,,,,,,,,,,,,,,,,,,,
1991-02-15,0.9384499999999996,,,,,,,,,,,,,,,,,,,,,,,,,,,,,,,,,,,,,
1991-03-15,0.7639999999999993,,,,,,,,,,,,,,,,,,,,,,,,,,,,,,,,,,,,,
1991-04-15,0.9246500000000015,,,,,,,,,,,,,,,,,,,,,,,,,,,,,,,,,,,,,
1991-05-15,0.7494000000000014,,,,,,,,,,,,,,,,,,,,,,,,,,,,,,,,,,,,,
1991-06-15,0.6387499999999982,,,,,,,,,,,,,,,,,,,,,,,,,,,,,,,,,,,,,
1991-07-15,0.3372999999999955,,,,,,,,,,,,,,,,,,,,,,,,,,,,,,,,,,,,,
1991-08-15,0.5556000000000019,,,,,,,,,,,,,,,,,,,,,,,,,,,,,,,,,,,,,
1991-09-15,0.6074499999999983,,,,,,,,,,,,,,,,,,,,,,,,,,,,,,,,,,,,,
1991-10-15,0.8986999999999998,,,,,,,,,,,,,,,,,,,,,,,,,,,,,,,,,,,,,
1991-11-15,0.6806499999999964,,,,,,,,,,,,,,,,,,,,,,,,,,,,,,,,,,,,,
1991-12-15,0.7714999999999996,,,,,,,,,,,,,,,,,,,,,,,,,,,,,,,,,,,,,
1992-01-15,0.7438000000000002,,,,,,,,,,,,,,,,,,,,,,,,,,,,,,,,,,,,,
1992-02-15,0.7212499999999995,,,,,,,,,,,,,,,,,,,,,,,,,,,,,,,,,,,,,
1992-03-15,0.5322499999999977,,,,,,,,,,,,,,,,,,,,,,,,,,,,,,,,,,,,,
1992-04-15,0.24774999999999814,,,,,,,,,,,,,,,,,,,,,,,,,,,,,,,,,,,,,
1992-05-15,-0.008099999999998886,,,,,,,,,,,,,,,,,,,,,,,,,,,,,,,,,,,,,
1992-06-15,0.3155500000000018,,,,,,,,,,,,,,,,,,,,,,,,,,,,,,,,,,,,,
1992-07-15,0.8045999999999918,,,,,,,,,,,,,,,,,,,,,,,,,,,,,,,,,,,,,
1992-08-15,0.32500000000000284,,,,,,,,,,,,,,,,,,,,,,,,,,,,,,,,,,,,,
1992-09-15,0.2757999999999967,,,,,,,,,,,,,,,,,,,,,,,,,,,,,,,,,,,,,
1992-10-15,0.2071999999999985,,,,,,,,,,,,,,,,,,,,,,,,,,,,,,,,,,,,,
1992-11-15,0.372149999999996,,,,,,,,,,,,,,,,,,,,,,,,,,,,,,,,,,,,,
1992-12-15,0.6074999999999999,,,,,,,,,,,,,,,,,,,,,,,,,,,,,,,,,,,,,
1993-01-15,0.5384999999999991,,,,,,,,,,,,,,,,,,,,,,,,,,,,,,,,,,,,,
1993-02-15,0.3863499999999984,,,,,,,,,,,,,,,,,,,,,,,,,,,,,,,,,,,,,
1993-03-15,0.31484999999999985,,,,,,,,,,,,,,,,,,,,,,,,,,,,,,,,,,,,,
1993-04-15,0.30134999999999934,,,,,,,,,,,,,,,,,,,,,,,,,,,,,,,,,,,,,
1993-05-15,0.3202499999999997,,,,,,,,,,,,,,,,,,,,,,,,,,,,,,,,,,,,,
1993-06-15,0.25595000000000034,,,,,,,,,,,,,,,,,,,,,,,,,,,,,,,,,,,,,
1993-07-15,0.45014999999999716,,,,,,,,,,,,,,,,,,,,,,,,,,,,,,,,,,,,,
1993-08-15,0.4853000000000005,,,,,,,,,,,,,,,,,,,,,,,,,,,,,,,,,,,,,
1993-09-15,0.5164999999999971,,,,,,,,,,,,,,,,,,,,,,,,,,,,,,,,,,,,,
1993-10-15,0.41915000000000013,,,,,,,,,,,,,,,,,,,,,,,,,,,,,,,,,,,,,
1993-11-15,0.3266999999999953,,,,,,,,,,,,,,,,,,,,,,,,,,,,,,,,,,,,,
1993-12-15,0.3871000000000002,,,,,,,,,,,,,,,,,,,,,,,,,,,,,,,,,,,,,
1994-01-15,0.45089999999999897,,,,,,,,,,,,,,,,,,,,,,,,,,,,,,,,,,,,,
1994-02-15,0.28589999999999804,,,,,,,,,,,,,,,,,,,,,,,,,,,,,,,,,,,,,
1994-03-15,0.5266000000000002,,,,,,,,,,,,,,,,,,,,,,,,,,,,,,,,,,,,,
1994-04-15,0.6112999999999982,,,,,,,,,,,,,,,,,,,,,,,,,,,,,,,,,,,,,
1994-05-15,0.5394500000000004,,,,,,,,,,,,,,,,,,,,,,,,,,,,,,,,,,,,,
1994-06-15,0.5411499999999965,,,,,,,,,,,,,,,,,,,,,,,,,,,,,,,,,,,,,
1994-07-15,0.8644499999999944,,,,,,,,,,,,,,,,,,,,,,,,,,,,,,,,,,,,,
1994-08-15,1.1739499999999978,,,,,,,,,,,,,,,,,,,,,,,,,,,,,,,,,,,,,
1994-09-15,0.8788499999999981,,,,,,,,,,,,,,,,,,,,,,,,,,,,,,,,,,,,,
1994-10-15,0.6849499999999988,,,,,,,,,,,,,,,,,,,,,,,,,,,,,,,,,,,,,
1994-11-15,0.7123999999999953,,,,,,,,,,,,,,,,,,,,,,,,,,,,,,,,,,,,,
1994-12-15,0.7403499999999976,,,,,,,,,,,,,,,,,,,,,,,,,,,,,,,,,,,,,
1995-01-15,0.6117500000000042,,,,,,,,,,,,,,,,,,,,,,,,,,,,,,,,,,,,,
1995-02-15,0.8218499999999977,,,,,,,,,,,,,,,,,,,,,,,,,,,,,,,,,,,,,
1995-03-15,0.972150000000001,,,,,,,,,,,,,,,,,,,,,,,,,,,,,,,,,,,,,
1995-04-15,0.8497999999999966,,,,,,,,,,,,,,,,,,,,,,,,,,,,,,,,,,,,,
1995-05-15,0.7420500000000025,,,,,,,,,,,,,,,,,,,,,,,,,,,,,,,,,,,,,
1995-06-15,0.3855999999999984,,,,,,,,,,,,,,,,,,,,,,,,,,,,,,,,,,,,,
1995-07-15,0.14239999999999498,,,,,,,,,,,,,,,,,,,,,,,,,,,,,,,,,,,,,
1995-08-15,0.08200000000000252,,,,,,,,,,,,,,,,,,,,,,,,,,,,,,,,,,,,,
1995-09-15,-0.16940000000000666,,,,,,,,,,,,,,,,,,,,,,,,,,,,,,,,,,,,,
1995-10-15,-0.2745500000000032,,,,,,,,,,,,,,,,,,,,,,,,,,,,,,,,,,,,,
1995-11-15,-0.45985000000000653,,,,,,,,,,,,,,,,,,,,,,,,,,,,,,,,,,,,,
1995-12-15,-0.27520000000000167,,,,,,,,,,,,,,,,,,,,,,,,,,,,,,,,,,,,,
1996-01-15,-0.1465000000000014,,,,,,,,,,,,,,,,,,,,,,,,,,,,,,,,,,,,,
1996-02-15,-0.20690000000000097,,,,,,,,,,,,,,,,,,,,,,,,,,,,,,,,,,,,,
1996-03-15,-0.19255000000000067,,,,,,,,,,,,,,,,,,,,,,,,,,,,,,,,,,,,,
1996-04-15,0.1526499999999995,,,,,,,,,,,,,,,,,,,,,,,,,,,,,,,,,,,,,
1996-05-15,0.07570000000000121,,,,,,,,,,,,,,,,,,,,,,,,,,,,,,,,,,,,,
1996-06-15,0.0345999999999993,,,,,,,,,,,,,,,,,,,,,,,,,,,,,,,,,,,,,
1996-07-15,-0.16705000000000503,,,,,,,,,,,,,,,,,,,,,,,,,,,,,,,,,,,,,
1996-08-15,-0.11075000000000124,,,,,,,,,,,,,,,,,,,,,,,,,,,,,,,,,,,,,
1996-09-15,-0.14835000000000065,,,,,,,,,,,,,,,,,,,,,,,,,,,,,,,,,,,,,
1996-10-15,-0.1606500000000004,,,,,,,,,,,,,,,,,,,,,,,,,,,,,,,,,,,,,
1996-11-15,0.09329999999999927,,,,,,,,,,,,,,,,,,,,,,,,,,,,,,,,,,,,,
1996-12-15,0.3589000000000002,,,,,,,,,,,,,,,,,,,,,,,,,,,,,,,,,,,,,
1997-01-15,0.602999999999998,,,,,,,,,,,,,,,,,,,,,,,,,,,,,,,,,,,,,
1997-02-15,0.4176999999999982,,,,,,,,,,,,,,,,,,,,,,,,,,,,,,,,,,,,,
1997-03-15,0.29160000000000075,,,,,,,,,,,,,,,,,,,,,,,,,,,,,,,,,,,,,
1997-04-15,0.4312499999999968,,,,,,,,,,,,,,,,,,,,,,,,,,,,,,,,,,,,,
1997-05-15,-0.00954999999999906,,,,,,,,,,,,,,,,,,,,,,,,,,,,,,,,,,,,,
1997-06-15,-0.387100000000002,,,,,,,,,,,,,,,,,,,,,,,,,,,,,,,,,,,,,
1997-07-15,-0.4610000000000074,,,,,,,,,,,,,,,,,,,,,,,,,,,,,,,,,,,,,
1997-08-15,-0.5224499999999974,,,,,,,,,,,,,,,,,,,,,,,,,,,,,,,,,,,,,
1997-09-15,-0.5588000000000033,,,,,,,,,,,,,,,,,,,,,,,,,,,,,,,,,,,,,
1997-10-15,-0.6479499999999998,,,,,,,,,,,,,,,,,,,,,,,,,,,,,,,,,,,,,
1997-11-15,-0.564150000000005,,,,,,,,,,,,,,,,,,,,,,,,,,,,,,,,,,,,,
1997-12-15,-0.7786000000000008,,,,,,,,,,,,,,,,,,,,,,,,,,,,,,,,,,,,,
1998-01-15,-0.5335999999999999,,,,,,,,,,,,,,,,,,,,,,,,,,,,,,,,,,,,,
1998-02-15,-0.3761500000000009,,,,,,,,,,,,,,,,,,,,,,,,,,,,,,,,,,,,,
1998-03-15,-0.46245000000000225,,,,,,,,,,,,,,,,,,,,,,,,,,,,,,,,,,,,,
1998-04-15,-0.7774500000000018,,,,,,,,,,,,,,,,,,,,,,,,,,,,,,,,,,,,,
1998-05-15,-0.8056999999999981,,,,,,,,,,,,,,,,,,,,,,,,,,,,,,,,,,,,,
1998-06-15,-1.0061500000000017,,,,,,,,,,,,,,,,,,,,,,,,,,,,,,,,,,,,,
1998-07-15,-1.478800000000005,,,,,,,,,,,,,,,,,,,,,,,,,,,,,,,,,,,,,
1998-08-15,-1.6126999999999967,,,,,,,,,,,,,,,,,,,,,,,,,,,,,,,,,,,,,
1998-09-15,-1.4156500000000047,,,,,,,,,,,,,,,,,,,,,,,,,,,,,,,,,,,,,
1998-10-15,-1.501999999999999,,,,,,,,,,,,,,,,,,,,,,,,,,,,,,,,,,,,,
1998-11-15,-1.4710500000000053,,,,,,,,,,,,,,,,,,,,,,,,,,,,,,,,,,,,,
1998-12-15,-1.4099000000000004,,,,,,,,,,,,,,,,,,,,,,,,,,,,,,,,,,,,,
1999-01-15,-1.352549999999999,,,,,,,,,,,,,,,,,,,,,,,,,,,,,,,,,,,,,
1999-02-15,-1.3437000000000037,,,,,,,,,,,,,,,,,,,,,,,,,,,,,,,,,,,,,
1999-03-15,-1.2700000000000014,,,,,,,,,,,,,,,,,,,,,,,,,,,,,,,,,,,,,
1999-04-15,-0.6874500000000037,,,,,,,,,,,,,,,,,,,,,,,,,,,,,,,,,,,,,
1999-05-15,-0.6458999999999993,,,,,,,,,,,,,,,,,,,,,,,,,,,,,,,,,,,,,
1999-06-15,-0.4651500000000013,,,,,,,,,,,,,,,,,,,,,,,,,,,,,,,,,,,,,
1999-07-15,-0.517000000000003,,,,,,,,,,,,,,,,,,,,,,,,,,,,,,,,,,,,,
1999-08-15,-0.6406999999999972,,,,,,,,,,,,,,,,,,,,,,,,,,,,,,,,,,,,,
1999-09-15,-0.4483500000000049,,,,,,,,,,,,,,,,,,,,,,,,,,,,,,,,,,,,,
1999-10-15,-0.5662499999999966,,,,,,,,,,,,,,,,,,,,,,,,,,,,,,,,,,,,,
1999-11-15,-0.6494000000000053,,,,,,,,,,,,,,,,,,,,,,,,,,,,,,,,,,,,,
1999-12-15,-0.8198000000000008,,,,,,,,,,,,,,,,,,,,,,,,,,,,,,,,,,,,,
2000-01-15,-0.9140999999999977,,,,,,,,,,,,,,,,,,,,,,,,,,,,,,,,,,,,,
2000-02-15,-1.1209000000000024,,,,,,,,,,,,,,,,,,,,,,,,,,,,,,,,,,,,,
2000-03-15,-1.0047499999999996,,,,,,,,,,,,,,,,,,,,,,,,,,,,,,,,,,,,,
2000-04-15,-1.0521499999999993,,,,,,,,,,,,,,,,,,,,,,,,,,,,,,,,,,,,,
2000-05-15,-0.7720499999999983,,,,,,,,,,,,,,,,,,,,,,,,,,,,,,,,,,,,,
2000-06-15,-0.2908500000000025,,,,,,,,,,,,,,,,,,,,,,,,,,,,,,,,,,,,,
2000-07-15,-0.053900000000004056,,,,,,,,,,,,,,,,,,,,,,,,,,,,,,,,,,,,,
2000-08-15,-0.20759999999999756,,,,,,,,,,,,,,,,,,,,,,,,,,,,,,,,,,,,,
2000-09-15,-0.3260000000000023,,,,,,,,,,,,,,,,,,,,,,,,,,,,,,,,,,,,,
2000-10-15,-0.5169999999999995,,,,,,,,,,,,,,,,,,,,,,,,,,,,,,,,,,,,,
2000-11-15,-0.4826500000000049,,,,,,,,,,,,,,,,,,,,,,,,,,,,,,,,,,,,,
2000-12-15,-0.6784499999999998,,,,,,,,,,,,,,,,,,,,,,,,,,,,,,,,,,,,,
2001-01-15,-0.6747499999999995,,,,,,,,,,,,,,,,,,,,,,,,,,,,,,,,,,,,,
2001-02-15,-0.8625000000000025,,,,,,,,,,,,,,,,,,,,,,,,,,,,,,,,,,,,,
2001-03-15,-0.9003000000000014,,,,,,,,,,,,,,,,,,,,,,,,,,,,,,,,,,,,,
2001-04-15,-0.6743500000000022,,,,,,,,,,,,,,,,,,,,,,,,,,,,,,,,,,,,,
2001-05-15,-0.2472499999999993,,,,,,,,,,,,,,,,,,,,,,,,,,,,,,,,,,,,,
2001-06-15,-0.07935000000000159,,,,,,,,,,,,,,,,,,,,,,,,,,,,,,,,,,,,,
2001-07-15,0.23754999999999526,,,,,,,,,,,,,,,,,,,,,,,,,,,,,,,,,,,,,
2001-08-15,0.31395000000000195,,,,,,,,,,,,,,,,,,,,,,,,,,,,,,,,,,,,,
2001-09-15,0.34544999999999426,,,,,,,,,,,,,,,,,,,,,,,,,,,,,,,,,,,,,
2001-10-15,0.3108000000000004,,,,,,,,,,,,,,,,,,,,,,,,,,,,,,,,,,,,,
2001-11-15,0.34404999999999575,,,,,,,,,,,,,,,,,,,,,,,,,,,,,,,,,,,,,
2001-12-15,0.2541499999999992,,,,,,,,,,,,,,,,,,,,,,,,,,,,,,,,,,,,,
2002-01-15,0.6533499999999997,,,,,,,,,,,,,,,,,,,,,,,,,,,,,,,,,,,,,
2002-02-15,0.5681499999999975,,,,,,,,,,,,,,,,,,,,,,,,,,,,,,,,,,,,,
2002-03-15,0.13824999999999932,,,,,,,,,,,,,,,,,,,,,,,,,,,,,,,,,,,,,
2002-04-15,0.19069999999999965,,,,,,,,,,,,,,,,,,,,,,,,,,,,,,,,,,,,,
2002-05-15,0.31550000000000367,,,,,,,,,,,,,,,,,,,,,,,,,,,,,,,,,,,,,
2002-06-15,0.49309999999999654,,,,,,,,,,,,,,,,,,,,,,,,,,,,,,,,,,,,,
2002-07-15,0.7200999999999969,,,,,,,,,,,,,,,,,,,,,,,,,,,,,,,,,,,,,
2002-08-15,0.7417000000000051,,,,,,,,,,,,,,,,,,,,,,,,,,,,,,,,,,,,,
2002-09-15,0.6506999999999952,,,,,,,,,,,,,,,,,,,,,,,,,,,,,,,,,,,,,
2002-10-15,0.48669999999999725,,,,,,,,,,,,,,,,,,,,,,,,,,,,,,,,,,,,,
2002-11-15,0.47749999999999737,,,,,,,,,,,,,,,,,,,,,,,,,,,,,,,,,,,,,
2002-12-15,0.4643500000000014,,,,,,,,,,,,,,,,,,,,,,,,,,,,,,,,,,,,,
2003-01-15,0.754150000000001,,,,,,,,,,,,,,,,,,,,,,,,,,,,,,,,,,,,,
2003-02-15,0.7911999999999981,,,,,,,,,,,,,,,,,,,,,,,,,,,,,,,,,,,,,
2003-03-15,0.8695000000000004,,,,,,,,,,,,,,,,,,,,,,,,,,,,,,,,,,,,,
2003-04-15,0.5814500000000002,,,,,,,,,,,,,,,,,,,,,,,,,,,,,,,,,,,,,
2003-05-15,0.5509500000000003,,,,,,,,,,,,,,,,,,,,,,,,,,,,,,,,,,,,,
2003-06-15,0.5355999999999987,,,,,,,,,,,,,,,,,,,,,,,,,,,,,,,,,,,,,
2003-07-15,0.33169999999999433,,,,,,,,,,,,,,,,,,,,,,,,,,,,,,,,,,,,,
2003-08-15,0.1644500000000022,,,,,,,,,,,,,,,,,,,,,,,,,,,,,,,,,,,,,
2003-09-15,0.23829999999999707,,,,,,,,,,,,,,,,,,,,,,,,,,,,,,,,,,,,,
2003-10-15,0.12645000000000373,,,,,,,,,,,,,,,,,,,,,,,,,,,,,,,,,,,,,
2003-11-15,0.12659999999999805,,,,,,,,,,,,,,,,,,,,,,,,,,,,,,,,,,,,,
2003-12-15,0.24929999999999808,,,,,,,,,,,,,,,,,,,,,,,,,,,,,,,,,,,,,
2004-01-15,0.31315000000000204,,,,,,,,,,,,,,,,,,,,,,,,,,,,,,,,,,,,,
2004-02-15,0.33214999999999684,,,,,,,,,,,,,,,,,,,,,,,,,,,,,,,,,,,,,
2004-03-15,0.010349999999998971,,,,,,,,,,,,,,,,,,,,,,,,,,,,,,,,,,,,,
2004-04-15,0.03259999999999863,,,,,,,,,,,,,,,,,,,,,,,,,,,,,,,,,,,,,
2004-05-15,0.5007499999999983,,,,,,,,,,,,,,,,,,,,,,,,,,,,,,,,,,,,,
2004-06-15,0.6686499999999995,,,,,,,,,,,,,,,,,,,,,,,,,,,,,,,,,,,,,
2004-07-15,0.8512499999999932,,,,,,,,,,,,,,,,,,,,,,,,,,,,,,,,,,,,,
2004-08-15,1.0754999999999981,,,,,,,,,,,,,,,,,,,,,,,,,,,,,,,,,,,,,
2004-09-15,0.9118499999999976,,,,,,,,,,,,,,,,,,,,,,,,,,,,,,,,,,,,,
2004-10-15,0.7334999999999994,,,,,,,,,,,,,,,,,,,,,,,,,,,,,,,,,,,,,
2004-11-15,0.48864999999999803,,,,,,,,,,,,,,,,,,,,,,,,,,,,,,,,,,,,,
2004-12-15,0.42700000000000315,,,,,,,,,,,,,,,,,,,,,,,,,,,,,,,,,,,,,
2005-01-15,0.6850999999999985,,,,,,,,,,,,,,,,,,,,,,,,,,,,,,,,,,,,,
2005-02-15,0.845799999999997,,,,,,,,,,,,,,,,,,,,,,,,,,,,,,,,,,,,,
2005-03-15,0.6538000000000004,,,,,,,,,,,,,,,,,,,,,,,,,,,,,,,,,,,,,
2005-04-15,0.4447999999999972,,,,,,,,,,,,,,,,,,,,,,,,,,,,,,,,,,,,,
2005-05-15,0.2528000000000006,,,,,,,,,,,,,,,,,,,,,,,,,,,,,,,,,,,,,
2005-06-15,0.2749499999999987,,,,,,,,,,,,,,,,,,,,,,,,,,,,,,,,,,,,,
2005-07-15,0.10284999999999478,,,,,,,,,,,,,,,,,,,,,,,,,,,,,,,,,,,,,
2005-08-15,0.028450000000002973,,,,,,,,,,,,,,,,,,,,,,,,,,,,,,,,,,,,,
2005-09-15,0.28644999999999676,,,,,,,,,,,,,,,,,,,,,,,,,,,,,,,,,,,,,
2005-10-15,0.2504499999999972,,,,,,,,,,,,,,,,,,,,,,,,,,,,,,,,,,,,,
2005-11-15,0.27664999999999473,,,,,,,,,,,,,,,,,,,,,,,,,,,,,,,,,,,,,
2005-12-15,-0.0007500000000000284,,,,,,,,,,,,,,,,,,,,,,,,,,,,,,,,,,,,,
2006-01-15,-0.41089999999999804,,,,,,,,,,,,,,,,,,,,,,,,,,,,,,,,,,,,,
2006-02-15,-0.6766000000000023,,,,,,,,,,,,,,,,,,,,,,,,,,,,,,,,,,,,,
2006-03-15,-0.2914499999999993,,,,,,,,,,,,,,,,,,,,,,,,,,,,,,,,,,,,,
2006-04-15,0.16279999999999895,,,,,,,,,,,,,,,,,,,,,,,,,,,,,,,,,,,,,
2006-05-15,0.15075000000000038,,,,,,,,,,,,,,,,,,,,,,,,,,,,,,,,,,,,,
2006-06-15,0.20004999999999562,,,,,,,,,,,,,,,,,,,,,,,,,,,,,,,,,,,,,
2006-07-15,0.11779999999999546,,,,,,,,,,,,,,,,,,,,,,,,,,,,,,,,,,,,,
2006-08-15,0.30439999999999934,,,,,,,,,,,,,,,,,,,,,,,,,,,,,,,,,,,,,
2006-09-15,0.12694999999999368,,,,,,,,,,,,,,,,,,,,,,,,,,,,,,,,,,,,,
2006-10-15,0.33419999999999916,,,,,,,,,,,,,,,,,,,,,,,,,,,,,,,,,,,,,
2006-11-15,0.3480499999999953,,,,,,,,,,,,,,,,,,,,,,,,,,,,,,,,,,,,,
2006-12-15,0.2665000000000024,,,,,,,,,,,,,,,,,,,,,,,,,,,,,,,,,,,,,
2007-01-15,0.15940000000000154,,,,,,,,,,,,,,,,,,,,,,,,,,,,,,,,,,,,,
2007-02-15,0.3080999999999978,,,,,,,,,,,,,,,,,,,,,,,,,,,,,,,,,,,,,
2007-03-15,0.5485999999999986,,,,,,,,,,,,,,,,,,,,,,,,,,,,,,,,,,,,,
2007-04-15,0.49434999999999896,,,,,,,,,,,,,,,,,,,,,,,,,,,,,,,,,,,,,
2007-05-15,0.45399999999999885,,,,,,,,,,,,,,,,,,,,,,,,,,,,,,,,,,,,,
2007-06-15,0.3313000000000006,,,,,,,,,,,,,,,,,,,,,,,,,,,,,,,,,,,,,
2007-07-15,0.30104999999999293,,,,,,,,,,,,,,,,,,,,,,,,,,,,,,,,,,,,,
2007-08-15,0.3122999999999987,,,,,,,,,,,,,,,,,,,,,,,,,,,,,,,,,,,,,
2007-09-15,0.10779999999999568,,,,,,,,,,,,,,,,,,,,,,,,,,,,,,,,,,,,,
2007-10-15,-0.06610000000000049,,,,,,,,,,,,,,,,,,,,,,,,,,,,,,,,,,,,,
2007-11-15,-0.23075000000000578,,,,,,,,,,,,,,,,,,,,,,,,,,,,,,,,,,,,,
2007-12-15,-0.46940000000000204,,,,,,,,,,,,,,,,,,,,,,,,,,,,,,,,,,,,,
2008-01-15,-0.9842499999999976,,,,,,,,,,,,,,,,,,,,,,,,,,,,,,,,,,,,,
2008-02-15,-1.2884000000000029,,,,,,,,,,,,,,,,,,,,,,,,,,,,,,,,,,,,,
2008-03-15,-1.1479,,,,,,,,,,,,,,,,,,,,,,,,,,,,,,,,,,,,,
2008-04-15,-0.9122000000000003,,,,,,,,,,,,,,,,,,,,,,,,,,,,,,,,,,,,,
2008-05-15,-0.6915499999999977,,,,,,,,,,,,,,,,,,,,,,,,,,,,,,,,,,,,,
2008-06-15,-0.5959500000000038,,,,,,,,,,,,,,,,,,,,,,,,,,,,,,,,,,,,,
2008-07-15,-0.7077500000000008,,,,,,,,,,,,,,,,,,,,,,,,,,,,,,,,,,,,,
2008-08-15,-0.8728000000000016,,,,,,,,,,,,,,,,,,,,,,,,,,,,,,,,,,,,,
2008-09-15,-0.8547000000000029,,,,,,,,,,,,,,,,,,,,,,,,,,,,,,,,,,,,,
2008-10-15,-0.6332500000000021,,,,,,,,,,,,,,,,,,,,,,,,,,,,,,,,,,,,,
2008-11-15,-0.6186000000000043,,,,,,,,,,,,,,,,,,,,,,,,,,,,,,,,,,,,,
2008-12-15,-0.7458000000000027,,,,,,,,,,,,,,,,,,,,,,,,,,,,,,,,,,,,,
2009-01-15,-0.8608999999999973,,,,,,,,,,,,,,,,,,,,,,,,,,,,,,,,,,,,,
2009-02-15,-0.672900000000002,,,,,,,,,,,,,,,,,,,,,,,,,,,,,,,,,,,,,
2009-03-15,-0.2289999999999992,,,,,,,,,,,,,,,,,,,,,,,,,,,,,,,,,,,,,
2009-04-15,-0.36345000000000205,,,,,,,,,,,,,,,,,,,,,,,,,,,,,,,,,,,,,
2009-05-15,-0.15554999999999986,,,,,,,,,,,,,,,,,,,,,,,,,,,,,,,,,,,,,
2009-06-15,-0.08765000000000178,,,,,,,,,,,,,,,,,,,,,,,,,,,,,,,,,,,,,
2009-07-15,-0.07830000000000581,,,,,,,,,,,,,,,,,,,,,,,,,,,,,,,,,,,,,
2009-08-15,0.006450000000002731,,,,,,,,,,,,,,,,,,,,,,,,,,,,,,,,,,,,,
2009-09-15,0.3023999999999969,,,,,,,,,,,,,,,,,,,,,,,,,,,,,,,,,,,,,
2009-10-15,0.6843499999999967,,,,,,,,,,,,,,,,,,,,,,,,,,,,,,,,,,,,,
2009-11-15,0.8495000000000008,,,,,,,,,,,,,,,,,,,,,,,,,,,,,,,,,,,,,
2009-12-15,0.8486500000000028,,,,,,,,,,,,,,,,,,,,,,,,,,,,,,,,,,,,,
2010-01-15,1.1118999999999968,,,,,,,,,,,,,,,,,,,,,,,,,,,,,,,,,,,,,
2010-02-15,0.8497999999999983,,,,,,,,,,,,,,,,,,,,,,,,,,,,,,,,,,,,,
2010-03-15,0.6623500000000018,,,,,,,,,,,,,,,,,,,,,,,,,,,,,,,,,,,,,
2010-04-15,0.3585499999999975,,,,,,,,,,,,,,,,,,,,,,,,,,,,,,,,,,,,,
2010-05-15,0.08185000000000109,,,,,,,,,,,,,,,,,,,,,,,,,,,,,,,,,,,,,
2010-06-15,-0.14200000000000124,,,,,,,,,,,,,,,,,,,,,,,,,,,,,,,,,,,,,
2010-07-15,-0.4173500000000061,,,,,,,,,,,,,,,,,,,,,,,,,,,,,,,,,,,,,
2010-08-15,-0.7585999999999977,,,,,,,,,,,,,,,,,,,,,,,,,,,,,,,,,,,,,
2010-09-15,-1.090300000000001,,,,,,,,,,,,,,,,,,,,,,,,,,,,,,,,,,,,,
2010-10-15,-0.9693999999999967,,,,,,,,,,,,,,,,,,,,,,,,,,,,,,,,,,,,,
2010-11-15,-1.060050000000004,,,,,,,,,,,,,,,,,,,,,,,,,,,,,,,,,,,,,
2010-12-15,-1.048,,,,,,,,,,,,,,,,,,,,,,,,,,,,,,,,,,,,,
2011-01-15,-1.1067,,,,,,,,,,,,,,,,,,,,,,,,,,,,,,,,,,,,,
2011-02-15,-1.079200000000002,,,,,,,,,,,,,,,,,,,,,,,,,,,,,,,,,,,,,
2011-03-15,-0.6334500000000016,,,,,,,,,,,,,,,,,,,,,,,,,,,,,,,,,,,,,
2011-04-15,-0.5340500000000024,,,,,,,,,,,,,,,,,,,,,,,,,,,,,,,,,,,,,
2011-05-15,-0.4751999999999992,,,,,,,,,,,,,,,,,,,,,,,,,,,,,,,,,,,,,
2011-06-15,-0.390900000000002,,,,,,,,,,,,,,,,,,,,,,,,,,,,,,,,,,,,,
2011-07-15,-0.29480000000000395,,,,,,,,,,,,,,,,,,,,,,,,,,,,,,,,,,,,,
2011-08-15,-0.3399999999999981,,,,,,,,,,,,,,,,,,,,,,,,,,,,,,,,,,,,,
2011-09-15,-0.38260000000000005,,,,,,,,,,,,,,,,,,,,,,,,,,,,,,,,,,,,,
2011-10-15,-0.45449999999999946,,,,,,,,,,,,,,,,,,,,,,,,,,,,,,,,,,,,,
2011-11-15,-0.5236500000000053,,,,,,,,,,,,,,,,,,,,,,,,,,,,,,,,,,,,,
2011-12-15,-0.6757999999999988,,,,,,,,,,,,,,,,,,,,,,,,,,,,,,,,,,,,,
2012-01-15,-0.812050000000001,,,,,,,,,,,,,,,,,,,,,,,,,,,,,,,,,,,,,
2012-02-15,-1.0206999999999997,,,,,,,,,,,,,,,,,,,,,,,,,,,,,,,,,,,,,
2012-03-15,-0.7703500000000023,,,,,,,,,,,,,,,,,,,,,,,,,,,,,,,,,,,,,
2012-04-15,-0.7719000000000005,,,,,,,,,,,,,,,,,,,,,,,,,,,,,,,,,,,,,
2012-05-15,-0.6430000000000007,,,,,,,,,,,,,,,,,,,,,,,,,,,,,,,,,,,,,
2012-06-15,-0.5012000000000008,,,,,,,,,,,,,,,,,,,,,,,,,,,,,,,,,,,,,
2012-07-15,-0.45845000000000447,,,,,,,,,,,,,,,,,,,,,,,,,,,,,,,,,,,,,
2012-08-15,0.16590000000000416,,,,,,,,,,,,,,,,,,,,,,,,,,,,,,,,,,,,,
2012-09-15,0.16399999999999793,,,,,,,,,,,,,,,,,,,,,,,,,,,,,,,,,,,,,
2012-10-15,0.4427000000000003,,,,,,,,,,,,,,,,,,,,,,,,,,,,,,,,,,,,,
2012-11-15,0.3905999999999974,,,,,,,,,,,,,,,,,,,,,,,,,,,,,,,,,,,,,
2012-12-15,0.2042500000000036,,,,,,,,,,,,,,,,,,,,,,,,,,,,,,,,,,,,,
2013-01-15,0.16184999999999938,,,,,,,,,,,,,,,,,,,,,,,,,,,,,,,,,,,,,
2013-02-15,-0.0566500000000012,,,,,,,,,,,,,,,,,,,,,,,,,,,,,,,,,,,,,
2013-03-15,-0.34575000000000067,,,,,,,,,,,,,,,,,,,,,,,,,,,,,,,,,,,,,
2013-04-15,-0.056150000000002365,,,,,,,,,,,,,,,,,,,,,,,,,,,,,,,,,,,,,
2013-05-15,0.2049500000000002,,,,,,,,,,,,,,,,,,,,,,,,,,,,,,,,,,,,,
2013-06-15,0.3392499999999963,,,,,,,,,,,,,,,,,,,,,,,,,,,,,,,,,,,,,
2013-07-15,0.23459999999999503,,,,,,,,,,,,,,,,,,,,,,,,,,,,,,,,,,,,,
2013-08-15,0.16255000000000308,,,,,,,,,,,,,,,,,,,,,,,,,,,,,,,,,,,,,
2013-09-15,0.003399999999997405,,,,,,,,,,,,,,,,,,,,,,,,,,,,,,,,,,,,,
2013-10-15,0.12229999999999741,,,,,,,,,,,,,,,,,,,,,,,,,,,,,,,,,,,,,
2013-11-15,0.3485999999999958,,,,,,,,,,,,,,,,,,,,,,,,,,,,,,,,,,,,,
2013-12-15,0.042800000000001504,,,,,,,,,,,,,,,,,,,,,,,,,,,,,,,,,,,,,
2014-01-15,-0.1941500000000005,,,,,,,,,,,,,,,,,,,,,,,,,,,,,,,,,,,,,
2014-02-15,0.3191500000000005,,,,,,,,,,,,,,,,,,,,,,,,,,,,,,,,,,,,,
2014-03-15,0.34834999999999816,,,,,,,,,,,,,,,,,,,,,,,,,,,,,,,,,,,,,
2014-04-15,0.34394999999999776,,,,,,,,,,,,,,,,,,,,,,,,,,,,,,,,,,,,,
2014-05-15,-0.0008500000000015717,,,,,,,,,,,,,,,,,,,,,,,,,,,,,,,,,,,,,
2014-06-15,-0.3243500000000026,,,,,,,,,,,,,,,,,,,,,,,,,,,,,,,,,,,,,
2014-07-15,-0.1695500000000063,,,,,,,,,,,,,,,,,,,,,,,,,,,,,,,,,,,,,
2014-08-15,-0.10654999999999504,,,,,,,,,,,,,,,,,,,,,,,,,,,,,,,,,,,,,
2014-09-15,0.19659999999999478,,,,,,,,,,,,,,,,,,,,,,,,,,,,,,,,,,,,,
2014-10-15,0.28389999999999915,,,,,,,,,,,,,,,,,,,,,,,,,,,,,,,,,,,,,
2014-11-15,0.42334999999999745,,,,,,,,,,,,,,,,,,,,,,,,,,,,,,,,,,,,,
2014-12-15,0.43709999999999916,,,,,,,,,,,,,,,,,,,,,,,,,,,,,,,,,,,,,
2015-01-15,0.6036000000000019,,,,,,,,,,,,,,,,,,,,,,,,,,,,,,,,,,,,,
2015-02-15,0.969699999999996,,,,,,,,,,,,,,,,,,,,,,,,,,,,,,,,,,,,,
2015-03-15,1.0137000000000018,,,,,,,,,,,,,,,,,,,,,,,,,,,,,,,,,,,,,
2015-04-15,0.6711999999999989,,,,,,,,,,,,,,,,,,,,,,,,,,,,,,,,,,,,,
2015-05-15,0.33000000000000185,,,,,,,,,,,,,,,,,,,,,,,,,,,,,,,,,,,,,
2015-06-15,0.17489999999999917,,,,,,,,,,,,,,,,,,,,,,,,,,,,,,,,,,,,,
2015-07-15,0.05194999999999261,,,,,,,,,,,,,,,,,,,,,,,,,,,,,,,,,,,,,
2015-08-15,0.2501000000000051,,,,,,,,,,,,,,,,,,,,,,,,,,,,,,,,,,,,,
2015-09-15,0.06624999999999304,,,,,,,,,,,,,,,,,,,,,,,,,,,,,,,,,,,,,
2015-10-15,0.3703499999999984,,,,,,,,,,,,,,,,,,,,,,,,,,,,,,,,,,,,,
2015-11-15,0.5453499999999956,,,,,,,,,,,,,,,,,,,,,,,,,,,,,,,,,,,,,
2015-12-15,0.41350000000000087,,,,,,,,,,,,,,,,,,,,,,,,,,,,,,,,,,,,,
2016-01-15,0.38640000000000185,,,,,,,,,,,,,,,,,,,,,,,,,,,,,,,,,,,,,
2016-02-15,0.7890499999999996,,,,,,,,,,,,,,,,,,,,,,,,,,,,,,,,,,,,,
2016-03-15,0.5025000000000013,,,,,,,,,,,,,,,,,,,,,,,,,,,,,,,,,,,,,
2016-04-15,0.5148499999999974,,,,,,,,,,,,,,,,,,,,,,,,,,,,,,,,,,,,,
2016-05-15,0.22354999999999947,,,,,,,,,,,,,,,,,,,,,,,,,,,,,,,,,,,,,
2016-06-15,-0.027550000000001518,,,,,,,,,,,,,,,,,,,,,,,,,,,,,,,,,,,,,
2016-07-15,-0.15745000000000253,,,,,,,,,,,,,,,,,,,,,,,,,,,,,,,,,,,,,
2016-08-15,-0.3324499999999979,,,,,,,,,,,,,,,,,,,,,,,,,,,,,,,,,,,,,
2016-09-15,-0.6178000000000026,,,,,,,,,,,,,,,,,,,,,,,,,,,,,,,,,,,,,
2016-10-15,-0.6711000000000009,,,,,,,,,,,,,,,,,,,,,,,,,,,,,,,,,,,,,
2016-11-15,-0.5335500000000017,,,,,,,,,,,,,,,,,,,,,,,,,,,,,,,,,,,,,
2016-12-15,-0.4206000000000003,,,,,,,,,,,,,,,,,,,,,,,,,,,,,,,,,,,,,
2017-01-15,-0.5014000000000003,,,,,,,,,,,,,,,,,,,,,,,,,,,,,,,,,,,,,
2017-02-15,-0.4677500000000041,,,,,,,,,,,,,,,,,,,,,,,,,,,,,,,,,,,,,
2017-03-15,-0.5404,,,,,,,,,,,,,,,,,,,,,,,,,,,,,,,,,,,,,
2017-04-15,-0.14789999999999992,,,,,,,,,,,,,,,,,,,,,,,,,,,,,,,,,,,,,
2017-05-15,-0.13395000000000046,,,,,,,,,,,,,,,,,,,,,,,,,,,,,,,,,,,,,
2017-06-15,0.18579999999999863,,,,,,,,,,,,,,,,,,,,,,,,,,,,,,,,,,,,,
2017-07-15,0.018349999999996314,,,,,,,,,,,,,,,,,,,,,,,,,,,,,,,,,,,,,
2017-08-15,-0.22199999999999598,,,,,,,,,,,,,,,,,,,,,,,,,,,,,,,,,,,,,
2017-09-15,-0.10815000000000197,,,,,,,,,,,,,,,,,,,,,,,,,,,,,,,,,,,,,
2017-10-15,-0.002700000000000813,,,,,,,,,,,,,,,,,,,,,,,,,,,,,,,,,,,,,
2017-11-15,0.06519999999999371,,,,,,,,,,,,,,,,,,,,,,,,,,,,,,,,,,,,,
2017-12-15,0.10004999999999953,,,,,,,,,,,,,,,,,,,,,,,,,,,,,,,,,,,,,
2018-01-15,0.09550000000000125,,,,,,,,,,,,,,,,,,,,,,,,,,,,,,,,,,,,,
2018-02-15,-0.06784999999999997,,,,,,,,,,,,,,,,,,,,,,,,,,,,,,,,,,,,,
2018-03-15,0.0077000000000015945,,,,,,,,,,,,,,,,,,,,,,,,,,,,,,,,,,,,,
2018-04-15,0.2919499999999964,,,,,,,,,,,,,,,,,,,,,,,,,,,,,,,,,,,,,
2018-05-15,0.15265000000000128,,,,,,,,,,,,,,,,,,,,,,,,,,,,,,,,,,,,,
2018-06-15,0.3210999999999977,,,,,,,,,,,,,,,,,,,,,,,,,,,,,,,,,,,,,
2018-07-15,0.1900999999999975,,,,,,,,,,,,,,,,,,,,,,,,,,,,,,,,,,,,,
2018-08-15,0.4320500000000038,,,,,,,,,,,,,,,,,,,,,,,,,,,,,,,,,,,,,
2018-09-15,0.3885999999999967,,,,,,,,,,,,,,,,,,,,,,,,,,,,,,,,,,,,,
2018-10-15,0.6464000000000034,,,,,,,,,,,,,,,,,,,,,,,,,,,,,,,,,,,,,
2018-11-15,0.5012499999999953,,,,,,,,,,,,,,,,,,,,,,,,,,,,,,,,,,,,,
2018-12-15,0.42379999999999995,,,,,,,,,,,,,,,,,,,,,,,,,,,,,,,,,,,,,
2019-01-15,0.4167999999999985,,,,,,,,,,,,,,,,,,,,,,,,,,,,,,,,,,,,,
2019-02-15,0.6839499999999994,,,,,,,,,,,,,,,,,,,,,,,,,,,,,,,,,,,,,
2019-03-15,0.5580499999999979,,,,,,,,,,,,,,,,,,,,,,,,,,,,,,,,,,,,,
2019-04-15,0.5515999999999988,,,,,,,,,,,,,,,,,,,,,,,,,,,,,,,,,,,,,
2019-05-15,0.39064999999999905,,,,,,,,,,,,,,,,,,,,,,,,,,,,,,,,,,,,,
2019-06-15,0.4914999999999985,,,,,,,,,,,,,,,,,,,,,,,,,,,,,,,,,,,,,
2019-07-15,0.798949999999996,,,,,,,,,,,,,,,,,,,,,,,,,,,,,,,,,,,,,
2019-08-15,0.7831500000000045,,,,,,,,,,,,,,,,,,,,,,,,,,,,,,,,,,,,,
2019-09-15,0.7670499999999958,,,,,,,,,,,,,,,,,,,,,,,,,,,,,,,,,,,,,
2019-10-15,0.8831999999999987,,,,,,,,,,,,,,,,,,,,,,,,,,,,,,,,,,,,,
2019-11-15,0.6280499999999982,,,,,,,,,,,,,,,,,,,,,,,,,,,,,,,,,,,,,
2019-12-15,0.5503,,,,,,,,,,,,,,,,,,,,,,,,,,,,,,,,,,,,,
2020-01-15,0.568400000000004,,,,,,,,,,,,,,,,,,,,,,,,,,,,,,,,,,,,,
2020-02-15,0.40495000000000125,,,,,,,,,,,,,,,,,,,,,,,,,,,,,,,,,,,,,
2020-03-15,0.5761500000000019,,,,,,,,,,,,,,,,,,,,,,,,,,,,,,,,,,,,,
2020-04-15,0.37904999999999767,,,,,,,,,,,,,,,,,,,,,,,,,,,,,,,,,,,,,
2020-05-15,0.026100000000001344,,,,,,,,,,,,,,,,,,,,,,,,,,,,,,,,,,,,,
2020-06-15,0.1590999999999969,,,,,,,,,,,,,,,,,,,,,,,,,,,,,,,,,,,,,
2020-07-15,0.07594999999999708,0.07594999999999708,0.07594999999999708,0.07594999999999708,0.07594999999999708,0.07594999999999708,0.07594999999999708,0.07594999999999708,0.07594999999999708,0.07594999999999708,0.07594999999999708,0.07594999999999708,0.07594999999999708,0.07594999999999708,0.07594999999999708,0.07594999999999708,0.07594999999999708,0.07594999999999708,0.07594999999999708,0.07594999999999708,0.07594999999999708,0.07594999999999708,0.07594999999999708,0.07594999999999708,0.07594999999999708,0.07594999999999708,0.07594999999999708,0.07594999999999708,0.07594999999999708,0.07594999999999708,0.07594999999999708,0.07594999999999708,0.07594999999999708,0.07594999999999708,0.07594999999999708,0.07594999999999708,0.07594999999999708,0.07594999999999708
2020-08-15,,-0.20180255555555554,-0.20180255555555554,,,-0.3051625,-0.206258,-0.257865,-0.08376999999999998,-0.22364349999999997,-0.266466,-0.05809500000000006,-0.263864,-0.15109899999999998,,,,,,,,,,,,,,,,,,,,,,,,
2020-09-15,,-0.4787243357575757,-0.34644755555555556,-0.6020921233333333,-0.4545641333333333,-0.21690500000000001,-0.23057150000000004,-0.29025,-0.113617,-0.592265,-0.29982700000000007,-0.2858835,-0.644714,-0.44399500000000003,-0.39987849999999997,-0.36840617999999997,-0.7475668,-0.5517076,-0.23410669999999997,-0.5865336,-0.3738632,-0.9282480000000001,-1.12079,-0.589656,-0.5676884,-0.7566605,-0.12027619999999994,-0.36797599999999997,-0.44699,-0.3904770000000001,-0.46540940000000003,-0.3541505,-0.31297749999999996,-0.7346655,-0.7639819999999999,-0.6498085,-0.468755,-0.379302
2020-10-15,,-0.6058672136363636,-0.44615783333333325,-0.6956443541666667,-0.6358721083333334,-0.10031049999999997,-0.38310299999999997,-0.430936,-0.4157875,-0.6139144999999999,-0.274073,-0.4507635,-0.6989335,-0.647599,-0.350744,-0.700901,-0.6661353,-0.657611,-0.2848733,-0.4556755,-0.47968,-0.9327345,-1.264737,-0.8750560000000001,-0.67342815,-1.0061565,-0.23265820000000004,-0.6007216,-0.4684289,-0.27859849999999997,-0.4912753,-0.535247,-0.6286173,-0.8534979999999999,-0.918859,-0.8811135000000001,-0.9269540000000001,-0.814494
2020-11-15,,-0.5368863584848484,-0.4057331111111111,-0.6240325858333333,-0.5481050666666666,-0.22080449999999996,-0.366826,-0.29452600000000007,-0.34919350000000005,-0.5638955,-0.2817145,-0.36581449999999993,-0.6878069999999998,-0.5210165,-0.09285510000000001,-0.4980399,-0.5435755,-0.6067916799999999,-0.18097514999999997,-0.1771672,-0.8793095,-1.1552715,-0.996853,-0.7925535,-0.7864175,-0.7785814999999999,-0.385358,-0.29943365,-0.42330730000000005,-0.260441,-0.2354059,-0.5946265000000001,-0.660678,-0.764679,-0.5340965,-0.7689630000000001,-0.64744845,-1.0028234999999999
2020-12-15,,-0.49698826818181824,-0.41204138888888897,-0.5650909875,-0.49259570833333344,-0.359562,-0.25796600000000003,-0.22445350000000003,-0.3266615,-0.6509370000000001,-0.41240249999999995,-0.387395,-0.6580835,-0.4309115,-0.24618269999999998,-0.502243,-0.6705364,-0.2814705,-0.054183499999999996,-0.17735309999999999,-0.834363,-0.9909545,-0.972715,-0.5518876,-0.89354255,-0.60566,-0.28520650000000003,-0.2088686,-0.3064518,-0.362176,-0.11221965,-0.827671,-0.40047995000000003,-0.3424115,-0.59182,-0.8251044999999999,-0.4646895,-1.1840495
2021-01-15,,-0.5115228457575758,-0.4068452777777778,-0.5369869758333333,-0.5645668916666666,-0.2592,-0.3064335,-0.21354199999999998,-0.272072,-0.6394755,-0.5743905,-0.5021880000000001,-0.4433445,-0.45096149999999996,-0.42759199999999997,-0.7202025,-0.4298905,-0.582404,-0.11048649999999999,-0.21260589000000002,-1.0328865,-0.69170683,-0.72856445,-0.38078394000000004,-0.6820424999999999,-0.44467809999999997,-0.5628605,-0.22558319999999998,-0.390147,-0.36991799999999997,-0.3838244,-0.8884745,-0.3021211,-0.445499,-0.672086,-1.0028985000000001,-0.42535850000000003,-1.1060320000000001
2021-02-15,,-0.2768835925757576,-0.3438009444444445,-0.31106383791666664,-0.1925153333333333,-0.12262700000000004,-0.2133265,-0.1166085,-0.358735,-0.8372719999999999,-0.3463625,-0.4525205,-0.15977700000000006,-0.4869795,-0.41079,-0.6073040199999999,-0.04173100000000002,-0.25746499999999994,-0.08773350000000002,-0.07995590000000002,-0.34190149999999997,-0.625462,-0.5451917,-0.365246,-0.127763,-0.242222435,-0.2924285,0.3531966,-0.17985999999999996,-0.2836767,0.26208050000000005,-0.22884209999999996,-0.08371550000000001,-0.46539600000000003,-0.40701299999999996,-0.3268488,-0.06661749999999998,-0.5910629999999999
2021-03-15,,-0.2768835925757576,-0.3438009444444445,-0.31106383791666664,-0.1925153333333333,-0.12262700000000004,-0.2133265,-0.1166085,-0.358735,-0.8372719999999999,-0.3463625,-0.4525205,-0.15977700000000006,-0.4869795,-0.41079,-0.6073040199999999,-0.04173100000000002,-0.25746499999999994,-0.08773350000000002,-0.07995590000000002,-0.34190149999999997,-0.625462,-0.5451917,-0.365246,-0.127763,-0.242222435,-0.2924285,0.3531966,-0.17985999999999996,-0.2836767,0.26208050000000005,-0.22884209999999996,-0.08371550000000001,-0.46539600000000003,-0.40701299999999996,-0.3268488,-0.06661749999999998,-0.5910629999999999
2021-04-15,,-0.17415518030303032,-0.2321329222222222,-0.22200955,-0.08281750416666668,-0.04046900000000003,-0.1372195,0.05817829999999999,-0.027385599999999982,-0.7872259999999999,-0.2919405,-0.5000985,-0.04790700000000003,-0.31512850000000003,0.32124499999999995,-0.450107,-0.241893,-0.26696849999999994,0.2781159999999999,-0.23592990000000003,-0.6074325,-0.6395460000000001,-0.31018749999999995,-0.2659017,-0.16472599999999998,-0.08078350000000001,0.12640600000000002,0.5911759999999999,-0.128141,-0.4386978,0.37167364999999997,-0.268082,0.35980395,-0.311736,-0.4140294,-0.11959195,-0.19221850000000001,-0.570373
2021-05-15,,-0.08108813787878788,-0.19143518333333331,-0.05369315833333338,-0.025722833333333316,0.11706549999999999,-0.09739750000000001,-0.10147250000000001,0.1569148,-0.6108015,-0.30536699999999994,-0.429371,-0.22385449999999998,-0.22863294999999995,0.6095765,0.06785549999999997,0.42855800000000005,-0.08646099999999995,0.5896079999999999,-0.02209600000000002,-1.7956500000000002,-0.15946680000000002,-0.35123250000000006,-0.2322371,-0.007104499999999986,0.314332,-0.11513149999999994,0.19824800000000004,0.3072405000000001,0.13338900000000004,0.7428925,-0.43505249999999995,0.12916799999999998,-0.327206,-0.597169,-0.19248500000000002,0.04630099999999998,-0.198869
2021-06-15,,-0.09830199712121213,-0.15882241833333335,-0.062316508333333326,-0.08889717000000001,0.14940619999999996,-0.16082200000000002,-0.146831,0.1793902,-0.39929990000000004,-0.2033035,-0.3568905,-0.182743415,-0.30830784999999994,0.0357248,0.34787889999999994,0.37091655,-0.321136,0.5101296500000001,0.2891215,-1.44507,-0.22496449999999996,-0.32181499999999996,-0.021760500000000002,0.020024999999999987,0.01315150000000001,-0.4010524999999999,0.09339750000000002,0.27033090000000004,0.23378700000000002,0.554004735,-0.291767,-0.091111,-0.3925152,-0.098218,-0.426037975,-0.12541750000000002,-0.39216700000000004
2021-07-15,,,,,,,,,,,,,,,,,,,,,,,,,,,,,,,,,,,,,,
