time,chlor_a
2002-04-29,
2002-04-30,
2002-05-01,
2002-05-02,
2002-05-03,
2002-05-04,
2002-05-05,
2002-05-06,
2002-05-07,
2002-05-08,
2002-05-10,
2002-05-11,
2002-05-15,
2002-05-16,
2002-05-17,
2002-05-18,
2002-05-19,0.19419749
2002-05-20,
2002-05-21,0.17368652
2002-05-22,0.25435185
2002-05-23,
2002-05-24,
2002-05-25,0.2367115
2002-05-26,
2002-05-27,
2002-05-29,
2002-05-30,
2002-05-31,0.22397313
2002-06-01,
2002-06-02,
2002-06-03,0.249216
2002-06-04,
2002-06-05,
2002-06-06,
2002-06-11,
2002-06-12,
2002-06-13,0.22194974
2002-06-14,
2002-06-15,
2002-06-16,0.27319086
2002-06-17,
2002-06-18,
2002-06-19,
2002-06-20,
2002-06-21,
2002-06-22,
2002-06-23,0.28416526
2002-06-24,
2002-06-25,0.24087158
2002-06-26,0.29720122
2002-06-27,
2002-06-28,0.22078499
2002-06-29,0.18451495
2002-06-30,
2002-07-01,
2002-07-02,0.19876513
2002-07-03,
2002-07-04,
2002-07-05,0.19790888
2002-07-06,
2002-07-07,
2002-07-08,0.18417335
2002-07-09,
2002-07-10,
2002-07-11,0.19223972
2002-07-12,0.25845394
2002-07-13,
2002-07-14,0.24762768
2002-07-15,0.30066675
2002-07-16,
2002-07-17,
2002-07-18,0.30392537
2002-07-19,
2002-07-20,
2002-07-21,0.3463021
2002-07-22,
2002-07-23,
2002-07-24,
2002-07-25,
2002-07-26,
2002-07-27,
2002-07-28,0.2139509
2002-07-29,
2002-07-30,
2002-07-31,0.21611796
2002-08-01,
2002-08-02,
2002-08-03,0.1886977
2002-08-04,
2002-08-05,
2002-08-06,0.22968645
2002-08-07,
2002-08-08,
2002-08-09,0.24279734
2002-08-10,
2002-08-11,
2002-08-12,
2002-08-13,
2002-08-14,
2002-08-15,
2002-08-16,
2002-08-17,
2002-08-18,
2002-08-19,0.2313179
2002-08-20,
2002-08-21,
2002-08-22,0.16954395
2002-08-23,
2002-08-24,
2002-08-25,0.18529215
2002-08-26,
2002-08-27,
2002-08-28,
2002-08-29,
2002-08-30,
2002-08-31,
2002-09-01,
2002-09-02,
2002-09-03,
2002-09-04,0.27636233
2002-09-05,
2002-09-06,
2002-09-07,0.1944021
2002-09-08,
2002-09-11,
2002-09-12,
2002-09-13,
2002-09-14,
2002-09-17,
2002-09-18,
2002-09-19,
2002-09-20,0.19838604
2002-09-21,
2002-09-22,
2002-09-23,
2002-09-25,
2002-09-26,0.20433417
2002-09-27,
2002-09-28,
2002-09-29,
2002-09-30,
2002-10-01,
2002-10-02,
2002-10-03,
2002-10-04,
2002-10-05,
2002-10-06,0.24893509
2002-10-07,
2002-10-08,
2002-10-09,0.21674614
2002-10-10,
2002-10-11,
2002-10-12,0.18088202
2002-10-13,
2002-10-14,
2002-10-15,0.16107029
2002-10-16,
2002-10-17,
2002-10-18,
2002-10-19,
2002-10-20,
2002-10-21,
2002-10-22,
2002-10-23,
2002-10-24,
2002-10-25,0.20695278
2002-10-26,
2002-10-27,
2002-10-28,0.18611175
2002-10-29,
2002-10-30,
2002-10-31,0.19605327
2002-11-01,
2002-11-02,
2002-11-03,0.1700472
2002-11-04,
2002-11-05,
2002-11-08,
2002-11-09,
2002-11-10,0.22471695
2002-11-11,
2002-11-12,
2002-11-13,0.21053618
2002-11-14,
2002-11-15,
2002-11-16,0.18123536
2002-11-17,
2002-11-18,
2002-11-20,
2002-11-21,
2002-11-22,0.15740001
2002-11-23,
2002-11-24,
2002-11-25,
2002-11-26,
2002-11-27,
2002-11-28,
2002-11-29,0.16476196
2002-11-30,
2002-12-01,
2002-12-02,0.15944855
2002-12-03,
2002-12-04,
2002-12-05,0.1372163
2002-12-06,
2002-12-07,
2002-12-08,0.16116345
2002-12-09,
2002-12-10,
2002-12-11,
2002-12-12,
2002-12-13,
2002-12-14,
2002-12-15,0.22753
2002-12-16,
2002-12-17,
2002-12-18,0.215736
2002-12-19,
2002-12-20,
2002-12-21,0.17282215
2002-12-22,
2002-12-23,
2002-12-24,0.17975694
2002-12-25,
2002-12-26,
2002-12-27,0.17797638
2002-12-28,
2002-12-29,
2002-12-30,
2002-12-31,
2003-01-01,
2003-01-02,
2003-01-03,0.1972119
2003-01-04,
2003-01-05,
2003-01-06,0.19392304
2003-01-07,
2003-01-08,
2003-01-09,0.16312042
2003-01-10,
2003-01-11,
2003-01-12,0.169062
2003-01-13,
2003-01-14,
2003-01-15,0.206002
2003-01-16,
2003-01-17,
2003-01-18,
2003-01-19,0.22503318
2003-01-20,
2003-01-21,
2003-01-22,0.21306379
2003-01-23,
2003-01-24,
2003-01-25,0.22789204
2003-01-26,
2003-01-27,
2003-01-28,
2003-01-29,
2003-01-30,
2003-01-31,0.13697289
2003-02-01,
2003-02-02,
2003-02-03,
2003-02-04,
2003-02-05,
2003-02-06,
2003-02-07,0.20860639
2003-02-08,
2003-02-09,
2003-02-10,0.1834075
2003-02-11,
2003-02-12,
2003-02-13,0.1752707
2003-02-14,
2003-02-15,
2003-02-16,0.22925854
2003-02-17,
2003-02-18,
2003-02-19,0.21589
2003-02-20,
2003-02-24,
2003-02-25,
2003-02-26,0.24293551
2003-02-27,
2003-02-28,
2003-03-01,0.16970454
2003-03-02,
2003-03-03,
2003-03-04,0.19243799
2003-03-05,
2003-03-06,
2003-03-07,0.16296224
2003-03-08,
2003-03-09,
2003-03-10,
2003-03-11,
2003-03-12,
2003-03-13,
2003-03-14,0.25339842
2003-03-15,
2003-03-19,
2003-03-20,0.20384008
2003-03-21,
2003-03-22,
2003-03-23,0.19956626
2003-03-24,
2003-03-25,
2003-03-26,
2003-03-27,
2003-03-28,
2003-03-29,
2003-03-30,0.19571032
2003-03-31,
2003-04-01,
2003-04-02,0.19218698
2003-04-03,
2003-04-04,
2003-04-05,0.20020086
2003-04-06,
2003-04-07,
2003-04-08,0.22627132
2003-04-09,
2003-04-10,
2003-04-11,0.24799064
2003-04-12,
2003-04-13,
2003-04-14,
2003-04-15,
2003-04-16,
2003-04-17,
2003-04-18,0.29725534
2003-04-19,
2003-04-20,0.22095677
2003-04-21,0.27202505
2003-04-22,
2003-04-23,
2003-04-24,0.23971044
2003-04-25,
2003-04-26,
2003-04-27,0.19550824
2003-04-28,
2003-04-29,
2003-04-30,
2003-05-01,
2003-05-02,
2003-05-03,
2003-05-04,0.29082492
2003-05-05,
2003-05-06,0.2624587
2003-05-07,0.30679044
2003-05-08,
2003-05-09,0.20131999
2003-05-10,0.2569943
2003-05-11,
2003-05-12,
2003-05-13,0.2735206
2003-05-14,
2003-05-15,
2003-05-16,0.26809424
2003-05-17,
2003-05-18,
2003-05-20,
2003-05-21,
2003-05-22,0.2333446
2003-05-23,0.32487786
2003-05-24,
2003-05-25,0.177018
2003-05-26,0.26058406
2003-05-27,
2003-05-28,
2003-05-29,0.2125802
2003-05-30,
2003-05-31,
2003-06-01,0.21375042
2003-06-02,
2003-06-03,
2003-06-04,0.19266333
2003-06-05,
2003-06-06,
2003-06-07,0.41535
2003-06-08,0.42816535
2003-06-09,
2003-06-10,
2003-06-11,0.27305183
2003-06-12,
2003-06-13,0.18651
2003-06-14,0.28252667
2003-06-15,
2003-06-16,
2003-06-17,0.26919213
2003-06-18,
2003-06-19,
2003-06-20,0.21166965
2003-06-21,
2003-06-22,
2003-06-23,
2003-06-24,
2003-06-25,
2003-06-26,0.16861755
2003-06-27,0.23920119
2003-06-28,
2003-06-29,0.20955479
2003-06-30,
2003-07-01,
2003-07-02,
2003-07-03,0.21072112
2003-07-04,
2003-07-05,
2003-07-06,0.20168313
2003-07-07,
2003-07-08,
2003-07-09,0.20181
2003-07-10,
2003-07-11,
2003-07-12,
2003-07-13,0.24231556
2003-07-14,
2003-07-15,0.13657354
2003-07-16,0.19675939
2003-07-17,
2003-07-18,0.18703
2003-07-19,0.19306767
2003-07-20,
2003-07-21,
2003-07-22,0.23062977
2003-07-23,
2003-07-24,
2003-07-25,0.18254408
2003-07-26,
2003-07-27,
2003-07-28,
2003-07-29,
2003-07-30,
2003-07-31,
2003-08-01,0.23614535
2003-08-02,
2003-08-03,
2003-08-04,0.20364386
2003-08-05,
2003-08-06,
2003-08-07,0.27317706
2003-08-08,
2003-08-09,
2003-08-10,0.296817
2003-08-11,
2003-08-12,
2003-08-13,0.14615333
2003-08-14,
2003-08-15,
2003-08-16,
2003-08-17,0.33521003
2003-08-18,
2003-08-19,
2003-08-20,0.29478207
2003-08-21,
2003-08-22,
2003-08-23,0.23356733
2003-08-24,
2003-08-25,
2003-08-26,0.21709163
2003-08-27,
2003-08-28,
2003-08-29,
2003-08-30,
2003-08-31,
2003-09-01,
2003-09-02,
2003-09-03,
2003-09-04,
2003-09-05,
2003-09-06,
2003-09-07,
2003-09-08,0.23508279
2003-09-09,
2003-09-10,
2003-09-11,0.23341542
2003-09-12,
2003-09-13,
2003-09-14,0.2874858
2003-09-15,
2003-09-16,
2003-09-17,
2003-09-18,
2003-09-19,
2003-09-20,
2003-09-21,0.22266057
2003-09-22,
2003-09-23,
2003-09-24,0.220062
2003-09-25,
2003-09-26,
2003-09-27,0.19753161
2003-09-28,
2003-09-29,
2003-09-30,0.27771896
2003-10-01,
2003-10-02,
2003-10-03,0.22339123
2003-10-04,
2003-10-05,
2003-10-06,
2003-10-07,
2003-10-08,
2003-10-09,
2003-10-10,0.24354334
2003-10-11,
2003-10-12,
2003-10-13,0.21803105
2003-10-14,
2003-10-15,
2003-10-16,0.20611052
2003-10-17,
2003-10-18,
2003-10-19,0.19422267
2003-10-20,
2003-10-21,
2003-10-22,
2003-10-23,
2003-10-24,
2003-10-25,
2003-10-26,0.23614751
2003-10-27,
2003-10-28,
2003-10-29,0.25220415
2003-10-30,
2003-10-31,
2003-11-01,0.23074324
2003-11-02,
2003-11-03,
2003-11-04,0.18430096
2003-11-05,
2003-11-06,
2003-11-07,
2003-11-08,
2003-11-09,
2003-11-10,
2003-11-11,
2003-11-12,
2003-11-13,
2003-11-14,0.26965708
2003-11-15,
2003-11-16,
2003-11-17,0.21338774
2003-11-18,
2003-11-19,
2003-11-20,
2003-11-21,
2003-11-22,
2003-11-23,0.1848234
2003-11-24,
2003-11-25,
2003-11-26,
2003-11-27,
2003-11-28,
2003-11-29,
2003-11-30,0.21464735
2003-12-01,
2003-12-02,
2003-12-03,
2003-12-04,
2003-12-05,
2003-12-06,0.2217993
2003-12-07,
2003-12-08,
2003-12-09,0.20515195
2003-12-10,
2003-12-11,
2003-12-12,0.18628
2003-12-13,
2003-12-14,
2003-12-15,
2003-12-16,
2003-12-17,
2003-12-18,
2003-12-19,0.20756406
2003-12-20,
2003-12-21,
2003-12-22,0.19380605
2003-12-23,
2003-12-24,
2003-12-25,
2003-12-26,
2003-12-27,
2003-12-28,0.25851238
2003-12-29,
2003-12-30,
2003-12-31,0.19514
2004-01-01,
2004-01-02,
2004-01-03,
2004-01-04,
2004-01-05,
2004-01-06,
2004-01-07,0.2011075
2004-01-08,
2004-01-09,
2004-01-10,0.19618662
2004-01-11,
2004-01-12,
2004-01-13,0.20238605
2004-01-14,
2004-01-15,
2004-01-16,0.20332111
2004-01-17,
2004-01-18,
2004-01-19,
2004-01-20,
2004-01-21,
2004-01-22,
2004-01-23,0.23999695
2004-01-24,
2004-01-25,
2004-01-26,0.22164653
2004-01-27,
2004-01-28,
2004-01-29,0.20662875
2004-01-30,
2004-01-31,
2004-02-01,0.286092
2004-02-02,
2004-02-03,
2004-02-04,
2004-02-05,
2004-02-06,
2004-02-07,
2004-02-08,0.23562166
2004-02-09,
2004-02-10,
2004-02-11,0.1958811
2004-02-12,
2004-02-13,
2004-02-14,0.21951395
2004-02-15,
2004-02-16,
2004-02-17,0.16915695
2004-02-18,
2004-02-19,
2004-02-20,0.15762945
2004-02-21,
2004-02-22,
2004-02-23,
2004-02-24,
2004-02-25,
2004-02-26,
2004-02-27,0.175338
2004-02-28,
2004-02-29,
2004-03-01,0.14596868
2004-03-02,
2004-03-03,
2004-03-04,0.16014194
2004-03-05,
2004-03-06,
2004-03-07,0.18700297
2004-03-08,
2004-03-09,
2004-03-10,
2004-03-11,
2004-03-12,
2004-03-13,
2004-03-14,0.2082545
2004-03-15,
2004-03-16,
2004-03-17,0.18443932
2004-03-18,
2004-03-19,
2004-03-20,0.17453964
2004-03-21,
2004-03-22,
2004-03-23,0.15293664
2004-03-24,
2004-03-25,
2004-03-26,
2004-03-27,
2004-03-28,
2004-03-29,
2004-03-30,
2004-03-31,
2004-04-01,
2004-04-02,0.27916098
2004-04-03,
2004-04-04,
2004-04-05,0.19941808
2004-04-06,
2004-04-07,
2004-04-08,0.17853628
2004-04-09,
2004-04-10,
2004-04-11,0.18051063
2004-04-12,
2004-04-13,
2004-04-14,
2004-04-15,
2004-04-16,
2004-04-17,
2004-04-18,0.18202877
2004-04-19,
2004-04-20,
2004-04-21,0.19647335
2004-04-22,
2004-04-23,
2004-04-24,0.19468918
2004-04-25,
2004-04-26,
2004-04-27,0.19752306
2004-04-28,
2004-04-29,
2004-04-30,0.19272801
2004-05-01,
2004-05-02,
2004-05-03,
2004-05-04,
2004-05-05,
2004-05-06,
2004-05-07,0.20197347
2004-05-08,
2004-05-09,0.16927157
2004-05-10,0.17395431
2004-05-11,
2004-05-12,
2004-05-13,0.21083772
2004-05-14,
2004-05-15,
2004-05-16,0.19413668
2004-05-17,
2004-05-18,
2004-05-19,0.14757667
2004-05-20,
2004-05-21,
2004-05-22,
2004-05-23,0.19692428
2004-05-24,
2004-05-25,0.18895766
2004-05-26,0.24968144
2004-05-27,
2004-05-28,0.18637
2004-05-29,0.25292417
2004-05-30,
2004-05-31,
2004-06-01,0.27302617
2004-06-02,
2004-06-03,
2004-06-04,0.2787739
2004-06-05,
2004-06-06,
2004-06-07,
2004-06-08,
2004-06-10,
2004-06-11,0.22552091
2004-06-12,
2004-06-13,0.1751199
2004-06-14,0.20441882
2004-06-15,
2004-06-16,
2004-06-17,0.19388993
2004-06-18,
2004-06-19,
2004-06-20,
2004-06-21,
2004-06-22,
2004-06-23,0.2062728
2004-06-24,
2004-06-25,
2004-06-26,0.23018676
2004-06-27,0.26527652
2004-06-28,
2004-06-29,0.229256
2004-06-30,0.23089314
2004-07-01,
2004-07-02,0.18622
2004-07-03,0.24522077
2004-07-04,
2004-07-05,
2004-07-06,0.32638618
2004-07-07,
2004-07-08,
2004-07-09,0.18790391
2004-07-10,
2004-07-11,
2004-07-12,0.22341886
2004-07-13,
2004-07-14,
2004-07-15,0.2455
2004-07-16,0.27807873
2004-07-17,
2004-07-18,0.237055
2004-07-19,0.24064584
2004-07-20,
2004-07-21,
2004-07-22,0.20780651
2004-07-23,
2004-07-24,
2004-07-25,0.233028
2004-07-26,
2004-07-27,
2004-07-28,
2004-07-29,
2004-07-30,
2004-07-31,
2004-08-01,0.24790838
2004-08-02,
2004-08-03,
2004-08-04,0.25813428
2004-08-05,
2004-08-06,
2004-08-07,0.23166718
2004-08-08,
2004-08-09,
2004-08-10,0.19901824
2004-08-11,
2004-08-12,
2004-08-13,
2004-08-14,
2004-08-15,
2004-08-16,
2004-08-17,
2004-08-18,
2004-08-19,
2004-08-20,0.27171022
2004-08-21,
2004-08-22,
2004-08-23,0.2773184
2004-08-24,
2004-08-25,
2004-08-26,0.21721639
2004-08-27,
2004-08-28,
2004-08-29,0.24877605
2004-08-30,
2004-08-31,
2004-09-01,
2004-09-02,
2004-09-03,
2004-09-04,
2004-09-05,0.2664486
2004-09-06,
2004-09-07,
2004-09-08,0.27966166
2004-09-09,
2004-09-10,
2004-09-11,0.2994739
2004-09-12,
2004-09-13,
2004-09-14,0.2554538
2004-09-15,
2004-09-16,
2004-09-17,
2004-09-18,
2004-09-19,
2004-09-20,
2004-09-21,
2004-09-22,
2004-09-23,
2004-09-24,0.2953205
2004-09-25,
2004-09-26,
2004-09-27,0.26076585
2004-09-28,
2004-09-29,
2004-09-30,0.20160909
2004-10-01,
2004-10-02,
2004-10-03,0.21755335
2004-10-04,
2004-10-05,
2004-10-06,
2004-10-07,
2004-10-08,
2004-10-09,
2004-10-10,0.25626364
2004-10-11,
2004-10-12,
2004-10-13,0.25850415
2004-10-14,
2004-10-15,
2004-10-16,0.18763667
2004-10-17,
2004-10-18,
2004-10-19,0.18797755
2004-10-20,
2004-10-21,
2004-10-22,
2004-10-23,
2004-10-24,
2004-10-25,
2004-10-26,
2004-10-27,
2004-10-28,
2004-10-29,0.20138209
2004-10-30,
2004-10-31,
2004-11-01,0.17690757
2004-11-02,
2004-11-03,
2004-11-04,0.18419
2004-11-05,
2004-11-06,
2004-11-07,0.20448802
2004-11-08,
2004-11-09,
2004-11-10,
2004-11-11,
2004-11-12,
2004-11-13,
2004-11-14,0.20571625
2004-11-15,
2004-11-16,
2004-11-17,0.22004735
2004-11-18,
2004-11-19,
2004-11-20,0.22111452
2004-11-21,
2004-11-22,
2004-11-23,0.1886987
2004-11-24,
2004-11-25,
2004-11-26,0.17616251
2004-11-27,
2004-11-28,
2004-11-29,
2004-11-30,
2004-12-01,
2004-12-02,
2004-12-03,0.19198065
2004-12-04,
2004-12-05,
2004-12-06,0.19231008
2004-12-07,
2004-12-08,
2004-12-09,0.16383868
2004-12-10,
2004-12-11,
2004-12-12,0.19796306
2004-12-13,
2004-12-14,
2004-12-15,
2004-12-16,
2004-12-17,
2004-12-18,
2004-12-19,0.2093986
2004-12-20,
2004-12-21,
2004-12-22,0.22332938
2004-12-23,
2004-12-24,
2004-12-25,0.19392
2004-12-26,
2004-12-27,
2004-12-28,0.21754798
2004-12-29,
2004-12-30,
2004-12-31,0.18231206
2005-01-01,
2005-01-02,
2005-01-03,
2005-01-04,
2005-01-05,
2005-01-06,
2005-01-07,0.21465695
2005-01-08,
2005-01-09,
2005-01-10,0.22488692
2005-01-11,
2005-01-12,
2005-01-13,0.19419582
2005-01-14,
2005-01-15,
2005-01-16,0.16365181
2005-01-17,
2005-01-18,
2005-01-19,
2005-01-20,
2005-01-21,
2005-01-22,
2005-01-23,0.29151332
2005-01-24,
2005-01-25,
2005-01-26,0.2932495
2005-01-27,
2005-01-28,
2005-01-29,0.25835577
2005-01-30,
2005-01-31,
2005-02-01,0.17347924
2005-02-02,
2005-02-03,
2005-02-04,
2005-02-05,
2005-02-06,
2005-02-07,
2005-02-08,
2005-02-09,
2005-02-10,
2005-02-11,0.2690251
2005-02-12,
2005-02-13,
2005-02-14,0.17114668
2005-02-15,
2005-02-16,
2005-02-17,0.21653438
2005-02-18,
2005-02-19,
2005-02-20,0.20982249
2005-02-21,
2005-02-22,
2005-02-23,
2005-02-24,
2005-02-25,
2005-02-26,
2005-02-27,0.34534195
2005-02-28,
2005-03-01,
2005-03-02,0.26650542
2005-03-03,
2005-03-04,
2005-03-05,0.27049005
2005-03-06,
2005-03-07,
2005-03-08,0.22892204
2005-03-09,
2005-03-10,
2005-03-11,0.18602125
2005-03-12,
2005-03-13,
2005-03-14,
2005-03-15,
2005-03-16,
2005-03-17,
2005-03-18,0.20331524
2005-03-19,
2005-03-20,
2005-03-21,0.19928667
2005-03-22,
2005-03-23,
2005-03-24,0.17568722
2005-03-25,
2005-03-26,
2005-03-27,0.1785156
2005-03-28,
2005-03-29,
2005-03-30,
2005-03-31,
2005-04-01,
2005-04-02,
2005-04-03,
2005-04-04,
2005-04-05,
2005-04-06,
2005-04-07,
2005-04-08,
2005-04-09,0.1508525
2005-04-10,
2005-04-11,
2005-04-12,
2005-04-13,
2005-04-14,
2005-04-15,0.15804076
2005-04-16,
2005-04-17,
2005-04-18,
2005-04-19,
2005-04-20,
2005-04-21,
2005-04-22,0.20203367
2005-04-23,
2005-04-24,
2005-04-25,0.18598853
2005-04-26,
2005-04-27,
2005-04-28,
2005-04-29,
2005-04-30,
2005-05-01,0.19358562
2005-05-02,
2005-05-03,
2005-05-04,
2005-05-05,
2005-05-06,
2005-05-07,
2005-05-08,0.19759367
2005-05-09,
2005-05-10,
2005-05-11,0.1849226
2005-05-12,
2005-05-13,0.15801999
2005-05-14,0.19715542
2005-05-15,
2005-05-16,
2005-05-17,0.22136
2005-05-18,
2005-05-19,
2005-05-20,0.22251704
2005-05-21,
2005-05-22,
2005-05-23,
2005-05-24,
2005-05-25,
2005-05-26,0.25596
2005-05-27,0.2936773
2005-05-28,
2005-05-29,0.24534522
2005-05-30,0.27728423
2005-05-31,
2005-06-01,
2005-06-02,0.23803008
2005-06-03,
2005-06-04,
2005-06-05,0.24927303
2005-06-06,
2005-06-07,
2005-06-08,0.23503909
2005-06-09,
2005-06-10,
2005-06-11,0.17401667
2005-06-12,0.21440673
2005-06-13,
2005-06-14,0.1958668
2005-06-15,0.25662762
2005-06-16,
2005-06-17,0.17355001
2005-06-18,0.23576158
2005-06-19,
2005-06-20,
2005-06-21,0.24105376
2005-06-22,
2005-06-23,
2005-06-24,0.17797048
2005-06-25,
2005-06-26,
2005-06-27,
2005-06-28,
2005-06-29,
2005-06-30,0.120284855
2005-07-01,0.20392492
2005-07-02,
2005-07-03,0.1787166
2005-07-04,0.21579021
2005-07-05,
2005-07-06,
2005-07-07,0.2061734
2005-07-08,
2005-07-09,
2005-07-10,0.23457058
2005-07-11,
2005-07-12,
2005-07-13,0.19772384
2005-07-14,
2005-07-15,
2005-07-16,
2005-07-17,0.23834287
2005-07-18,
2005-07-19,0.22130513
2005-07-20,0.2873995
2005-07-21,
2005-07-22,0.20524499
2005-07-23,0.26391762
2005-07-24,
2005-07-25,
2005-07-26,0.18212384
2005-07-27,
2005-07-28,
2005-07-29,0.19085298
2005-07-30,
2005-07-31,
2005-08-01,
2005-08-02,
2005-08-03,
2005-08-04,
2005-08-05,0.37935194
2005-08-06,
2005-08-07,
2005-08-08,0.3290375
2005-08-09,
2005-08-10,
2005-08-11,0.31066915
2005-08-12,
2005-08-13,
2005-08-14,0.29395765
2005-08-15,
2005-08-16,
2005-08-17,
2005-08-18,
2005-08-19,
2005-08-20,
2005-08-21,0.29643694
2005-08-22,
2005-08-23,
2005-08-24,0.2925387
2005-08-25,
2005-08-26,
2005-08-27,0.2451394
2005-08-28,
2005-08-29,
2005-08-30,0.28900886
2005-08-31,
2005-09-01,
2005-09-02,
2005-09-03,
2005-09-04,
2005-09-05,
2005-09-06,
2005-09-07,
2005-09-08,
2005-09-09,0.32305306
2005-09-10,
2005-09-11,
2005-09-12,0.33630547
2005-09-13,
2005-09-14,
2005-09-15,0.24585666
2005-09-16,
2005-09-17,
2005-09-18,0.24968602
2005-09-19,
2005-09-20,
2005-09-21,
2005-09-22,
2005-09-23,
2005-09-24,
2005-09-25,0.25059515
2005-09-26,
2005-09-27,
2005-09-28,0.23500083
2005-09-29,
2005-09-30,
2005-10-01,0.23717327
2005-10-02,
2005-10-03,
2005-10-04,0.23060656
2005-10-05,
2005-10-06,
2005-10-07,
2005-10-08,
2005-10-09,
2005-10-10,
2005-10-11,
2005-10-12,
2005-10-13,
2005-10-14,0.232249
2005-10-15,
2005-10-16,
2005-10-17,0.24808934
2005-10-18,
2005-10-19,
2005-10-20,0.27165768
2005-10-21,
2005-10-22,
2005-10-23,0.20751221
2005-10-24,
2005-10-25,
2005-10-26,
2005-10-27,
2005-10-28,
2005-10-29,
2005-10-30,
2005-10-31,
2005-11-01,
2005-11-02,
2005-11-03,
2005-11-04,
2005-11-05,
2005-11-06,
2005-11-07,
2005-11-08,0.18313813
2005-11-09,
2005-11-10,
2005-11-11,
2005-11-12,
2005-11-13,
2005-11-14,
2005-11-15,
2005-11-16,
2005-11-17,
2005-11-18,0.29391655
2005-11-19,
2005-11-20,
2005-11-21,0.23514165
2005-11-22,
2005-11-23,
2005-11-24,0.19958617
2005-11-25,
2005-11-26,
2005-11-27,0.2478431
2005-11-28,
2005-11-29,
2005-11-30,
2005-12-01,
2005-12-02,
2005-12-03,
2005-12-04,0.2903228
2005-12-05,
2005-12-06,
2005-12-07,0.24733262
2005-12-08,
2005-12-09,
2005-12-10,0.20095213
2005-12-11,
2005-12-12,
2005-12-13,0.2513752
2005-12-14,
2005-12-15,
2005-12-16,0.30991966
2005-12-17,
2005-12-18,
2005-12-19,
2005-12-20,
2005-12-21,
2005-12-22,
2005-12-23,0.26357615
2005-12-24,
2005-12-25,
2005-12-26,0.31638643
2005-12-27,
2005-12-28,
2005-12-29,0.24904612
2005-12-30,
2005-12-31,
2006-01-01,0.13326783
2006-01-02,
2006-01-03,
2006-01-04,0.10257571
2006-01-05,
2006-01-06,
2006-01-07,
2006-01-08,0.24811356
2006-01-09,
2006-01-10,
2006-01-11,0.24162368
2006-01-12,
2006-01-13,
2006-01-14,0.2600447
2006-01-15,
2006-01-16,
2006-01-17,0.27925798
2006-01-18,
2006-01-19,
2006-01-20,0.1938199
2006-01-21,
2006-01-22,
2006-01-23,
2006-01-24,
2006-01-25,
2006-01-26,
2006-01-27,0.23366907
2006-01-28,
2006-01-29,
2006-01-30,0.21185549
2006-01-31,
2006-02-01,
2006-02-02,0.19195001
2006-02-03,
2006-02-04,
2006-02-05,0.20256118
2006-02-06,
2006-02-07,
2006-02-08,0.19037445
2006-02-09,
2006-02-10,
2006-02-11,
2006-02-12,0.27540746
2006-02-13,
2006-02-14,
2006-02-15,0.29051813
2006-02-16,
2006-02-17,
2006-02-18,0.2563648
2006-02-19,
2006-02-20,
2006-02-21,0.29590628
2006-02-22,
2006-02-23,
2006-02-24,0.34608242
2006-02-25,
2006-02-26,
2006-02-27,
2006-02-28,
2006-03-01,
2006-03-02,
2006-03-03,0.31589645
2006-03-04,
2006-03-05,
2006-03-06,0.18922828
2006-03-07,
2006-03-08,
2006-03-09,0.22942841
2006-03-10,
2006-03-11,
2006-03-12,0.24332489
2006-03-13,
2006-03-14,
2006-03-15,
2006-03-16,
2006-03-17,
2006-03-18,
2006-03-19,0.35385153
2006-03-20,
2006-03-21,
2006-03-22,0.36035714
2006-03-23,
2006-03-24,
2006-03-25,0.35116398
2006-03-26,
2006-03-27,
2006-03-28,0.47380692
2006-03-29,
2006-03-30,
2006-03-31,
2006-04-01,
2006-04-02,
2006-04-03,
2006-04-04,
2006-04-05,
2006-04-06,
2006-04-08,
2006-04-09,0.20360315
2006-04-10,0.24394716
2006-04-11,
2006-04-12,
2006-04-13,0.3298791
2006-04-14,
2006-04-15,
2006-04-16,0.36506054
2006-04-17,
2006-04-18,
2006-04-19,
2006-04-20,
2006-04-21,
2006-04-22,
2006-04-23,0.29527363
2006-04-24,
2006-04-25,
2006-04-26,0.3784177
2006-04-27,
2006-04-28,
2006-04-29,0.2580742
2006-04-30,
2006-05-01,
2006-05-02,0.22386326
2006-05-03,
2006-05-04,
2006-05-05,
2006-05-06,
2006-05-07,
2006-05-08,
2006-05-09,
2006-05-10,
2006-05-11,
2006-05-12,
2006-05-13,
2006-05-14,0.2025956
2006-05-15,0.2429987
2006-05-16,
2006-05-17,
2006-05-18,0.2160704
2006-05-19,
2006-05-20,
2006-05-21,0.22923695
2006-05-22,
2006-05-23,
2006-05-24,
2006-05-25,
2006-05-26,
2006-05-27,
2006-05-28,0.24517366
2006-05-29,
2006-05-30,0.19054262
2006-05-31,0.26582876
2006-06-01,
2006-06-02,0.19779666
2006-06-03,0.20898104
2006-06-04,
2006-06-05,
2006-06-06,0.24924167
2006-06-07,
2006-06-08,
2006-06-09,0.28408906
2006-06-10,
2006-06-11,
2006-06-12,
2006-06-13,
2006-06-14,
2006-06-15,0.1961454
2006-06-16,0.26175442
2006-06-17,
2006-06-18,0.1645756
2006-06-19,0.2484026
2006-06-20,
2006-06-21,
2006-06-22,0.23615734
2006-06-23,
2006-06-24,
2006-06-25,0.27096564
2006-06-26,
2006-06-27,
2006-06-28,0.21050888
2006-06-29,
2006-06-30,
2006-07-01,0.21187137
2006-07-02,0.24253447
2006-07-03,
2006-07-04,0.20854604
2006-07-05,0.2373011
2006-07-06,
2006-07-07,0.15011
2006-07-08,0.22504795
2006-07-09,
2006-07-10,
2006-07-11,0.32202148
2006-07-12,
2006-07-13,
2006-07-14,0.32734334
2006-07-15,
2006-07-16,
2006-07-17,
2006-07-18,
2006-07-19,
2006-07-20,
2006-07-21,0.26811358
2006-07-22,
2006-07-23,0.25576428
2006-07-24,0.31557047
2006-07-25,
2006-07-26,
2006-07-27,0.2879051
2006-07-28,
2006-07-29,
2006-07-30,0.23899521
2006-07-31,
2006-08-01,
2006-08-02,
2006-08-03,
2006-08-04,
2006-08-05,
2006-08-06,0.31575817
2006-08-07,
2006-08-08,
2006-08-09,0.25071418
2006-08-10,
2006-08-11,
2006-08-12,0.27043322
2006-08-13,
2006-08-14,
2006-08-15,0.19544941
2006-08-16,
2006-08-17,
2006-08-18,
2006-08-19,
2006-08-20,
2006-08-21,
2006-08-22,
2006-08-23,
2006-08-24,
2006-08-25,0.2172938
2006-08-26,
2006-08-27,
2006-08-28,0.2482869
2006-08-29,
2006-08-30,
2006-08-31,0.19530833
2006-09-01,
2006-09-02,
2006-09-03,0.2304098
2006-09-04,
2006-09-05,
2006-09-06,
2006-09-07,
2006-09-10,
2006-09-11,
2006-09-12,
2006-09-13,0.22252686
2006-09-14,
2006-09-15,
2006-09-16,0.1827117
2006-09-17,
2006-09-18,
2006-09-19,0.19670561
2006-09-20,
2006-09-21,
2006-09-22,
2006-09-23,
2006-09-24,
2006-09-25,
2006-09-26,
2006-09-27,
2006-09-28,
2006-09-29,0.27636534
2006-09-30,
2006-10-01,
2006-10-02,0.22906247
2006-10-03,
2006-10-04,
2006-10-05,0.20421164
2006-10-06,
2006-10-07,
2006-10-08,0.22677128
2006-10-09,
2006-10-10,
2006-10-11,
2006-10-12,
2006-10-13,
2006-10-14,
2006-10-15,0.20411707
2006-10-16,
2006-10-17,
2006-10-18,0.24636687
2006-10-19,
2006-10-20,
2006-10-21,0.18067154
2006-10-22,
2006-10-23,
2006-10-24,0.15892728
2006-10-25,
2006-10-26,
2006-10-27,
2006-10-28,
2006-10-29,
2006-10-30,
2006-10-31,
2006-11-01,
2006-11-02,
2006-11-03,0.24594712
2006-11-04,
2006-11-05,
2006-11-06,0.2111694
2006-11-07,
2006-11-08,
2006-11-09,0.19675453
2006-11-10,
2006-11-11,
2006-11-12,0.17122674
2006-11-13,
2006-11-14,
2006-11-15,
2006-11-16,
2006-11-17,
2006-11-18,
2006-11-19,0.15873082
2006-11-20,
2006-11-21,
2006-11-22,0.16568702
2006-11-23,
2006-11-24,
2006-11-25,0.13451482
2006-11-26,
2006-11-27,
2006-11-28,
2006-11-30,
2006-12-01,0.12724668
2006-12-02,
2006-12-03,
2006-12-04,
2006-12-05,
2006-12-06,
2006-12-07,
2006-12-08,0.18229187
2006-12-09,
2006-12-10,
2006-12-11,0.17876083
2006-12-12,
2006-12-15,
2006-12-16,
2006-12-17,0.14862612
2006-12-18,
2006-12-19,
2006-12-20,0.13397285
2006-12-21,
2006-12-22,
2006-12-23,
2006-12-24,0.16542661
2006-12-25,
2006-12-26,
2006-12-27,0.2372717
2006-12-28,
2006-12-29,
2006-12-30,0.14298001
2006-12-31,
2007-01-01,
2007-01-02,0.1575876
2007-01-03,
2007-01-04,
2007-01-05,0.13675
2007-01-06,
2007-01-07,
2007-01-08,
2007-01-09,
2007-01-10,
2007-01-11,
2007-01-12,0.17508727
2007-01-13,
2007-01-14,
2007-01-15,0.18321529
2007-01-16,
2007-01-17,
2007-01-18,0.17754796
2007-01-19,
2007-01-20,
2007-01-21,0.18394119
2007-01-22,
2007-01-23,
2007-01-24,0.148771
2007-01-25,
2007-01-26,
2007-01-27,
2007-01-28,0.21090221
2007-01-29,
2007-01-30,
2007-01-31,0.2522938
2007-02-01,
2007-02-02,
2007-02-03,0.20606717
2007-02-04,
2007-02-05,
2007-02-06,0.23807071
2007-02-07,
2007-02-08,
2007-02-09,0.31442794
2007-02-10,
2007-02-11,
2007-02-12,
2007-02-13,
2007-02-14,
2007-02-15,
2007-02-16,0.29547182
2007-02-17,
2007-02-18,
2007-02-19,0.37801585
2007-02-20,
2007-02-21,
2007-02-22,0.43657798
2007-02-23,
2007-02-24,
2007-02-25,0.4392387
2007-02-26,
2007-02-27,
2007-02-28,
2007-03-01,
2007-03-02,
2007-03-03,
2007-03-04,0.39639774
2007-03-05,
2007-03-06,
2007-03-07,0.31001514
2007-03-08,
2007-03-09,
2007-03-10,0.23101728
2007-03-11,
2007-03-12,
2007-03-13,0.2125357
2007-03-14,
2007-03-15,
2007-03-16,0.19408266
2007-03-17,
2007-03-18,
2007-03-19,
2007-03-20,
2007-03-21,
2007-03-22,
2007-03-23,
2007-03-24,
2007-03-25,
2007-03-26,0.21207696
2007-03-27,
2007-03-28,
2007-03-29,0.23537283
2007-03-30,
2007-03-31,
2007-04-01,0.24431606
2007-04-02,
2007-04-03,
2007-04-04,
2007-04-05,
2007-04-06,
2007-04-07,
2007-04-08,0.2790256
2007-04-09,
2007-04-10,
2007-04-11,0.2509352
2007-04-12,
2007-04-13,
2007-04-14,0.2001936
2007-04-15,
2007-04-16,
2007-04-17,0.21674576
2007-04-18,
2007-04-19,
2007-04-20,0.20600457
2007-04-21,
2007-04-22,
2007-04-23,0.19835
2007-04-24,
2007-04-25,
2007-04-26,
2007-04-27,0.22485226
2007-04-28,
2007-04-29,
2007-04-30,0.22674848
2007-05-01,
2007-05-02,
2007-05-03,0.25872204
2007-05-04,
2007-05-05,
2007-05-06,0.20850945
2007-05-07,
2007-05-08,
2007-05-09,
2007-05-10,
2007-05-11,
2007-05-12,
2007-05-13,0.20427302
2007-05-14,
2007-05-15,0.15783063
2007-05-16,0.21388833
2007-05-17,
2007-05-18,0.15372334
2007-05-19,0.22788192
2007-05-20,
2007-05-21,
2007-05-22,0.22115336
2007-05-23,
2007-05-24,
2007-05-25,0.23072131
2007-05-26,
2007-05-27,
2007-05-28,0.36067596
2007-05-29,
2007-05-30,
2007-05-31,0.3562201
2007-06-01,0.3669916
2007-06-02,
2007-06-03,0.26328573
2007-06-04,0.2715521
2007-06-05,
2007-06-06,
2007-06-07,0.25937212
2007-06-08,
2007-06-09,
2007-06-10,0.41845715
2007-06-11,
2007-06-12,
2007-06-13,0.26329482
2007-06-14,
2007-06-15,
2007-06-16,
2007-06-17,0.29144865
2007-06-18,
2007-06-19,0.2710683
2007-06-20,0.27744478
2007-06-21,
2007-06-22,
2007-06-23,0.23144406
2007-06-24,
2007-06-25,
2007-06-26,0.18992668
2007-06-27,
2007-06-28,
2007-06-29,0.19516923
2007-06-30,
2007-07-01,
2007-07-02,
2007-07-03,
2007-07-04,
2007-07-05,0.3348536
2007-07-06,0.39592203
2007-07-07,
2007-07-08,0.2783369
2007-07-09,0.27716765
2007-07-10,
2007-07-11,
2007-07-12,0.21629013
2007-07-13,
2007-07-14,
2007-07-15,0.24732096
2007-07-16,
2007-07-17,
2007-07-18,0.18749182
2007-07-19,
2007-07-20,
2007-07-21,
2007-07-22,0.29793596
2007-07-23,
2007-07-24,0.27141088
2007-07-25,0.2945532
2007-07-26,
2007-07-27,0.29866
2007-07-28,0.25880444
2007-07-29,
2007-07-30,
2007-07-31,0.17972526
2007-08-01,
2007-08-02,
2007-08-03,0.20905949
2007-08-04,
2007-08-05,
2007-08-06,
2007-08-07,
2007-08-08,
2007-08-09,
2007-08-10,0.23525733
2007-08-11,
2007-08-12,
2007-08-13,0.2396916
2007-08-14,
2007-08-15,
2007-08-16,0.21516916
2007-08-17,
2007-08-18,
2007-08-19,0.18000333
2007-08-20,
2007-08-21,
2007-08-22,
2007-08-23,
2007-08-24,
2007-08-25,
2007-08-26,0.27602142
2007-08-27,
2007-08-28,
2007-08-29,0.2264136
2007-08-30,
2007-08-31,
2007-09-01,0.21780366
2007-09-02,
2007-09-03,
2007-09-04,0.20046882
2007-09-05,
2007-09-06,
2007-09-07,
2007-09-08,
2007-09-09,
2007-09-10,
2007-09-11,
2007-09-12,
2007-09-13,
2007-09-14,0.25750217
2007-09-15,
2007-09-16,
2007-09-17,0.2611436
2007-09-18,
2007-09-19,
2007-09-20,0.19621447
2007-09-21,
2007-09-22,
2007-09-23,0.20876212
2007-09-24,
2007-09-27,
2007-09-28,
2007-09-29,
2007-09-30,0.25150406
2007-10-01,
2007-10-02,
2007-10-03,0.24857153
2007-10-04,
2007-10-05,
2007-10-06,0.28628063
2007-10-07,
2007-10-08,
2007-10-09,0.22882622
2007-10-10,
2007-10-11,
2007-10-12,
2007-10-13,
2007-10-14,
2007-10-15,
2007-10-16,
2007-10-17,
2007-10-18,
2007-10-19,0.231887
2007-10-20,
2007-10-21,
2007-10-22,0.22570951
2007-10-23,
2007-10-24,
2007-10-25,0.18423977
2007-10-26,
2007-10-27,
2007-10-28,0.21297726
2007-10-29,
2007-10-30,
2007-10-31,
2007-11-01,
2007-11-02,
2007-11-03,
2007-11-04,0.35070777
2007-11-05,
2007-11-06,
2007-11-07,0.24661817
2007-11-08,
2007-11-09,
2007-11-10,
2007-11-11,
2007-11-12,
2007-11-13,0.14306708
2007-11-14,
2007-11-15,
2007-11-16,
2007-11-17,
2007-11-18,
2007-11-19,
2007-11-20,
2007-11-21,
2007-11-22,
2007-11-23,0.22411516
2007-11-24,
2007-11-25,
2007-11-26,0.16577606
2007-11-27,
2007-11-28,
2007-11-29,
2007-11-30,
2007-12-01,
2007-12-02,0.17726241
2007-12-03,
2007-12-04,
2007-12-05,0.14851022
2007-12-06,
2007-12-07,
2007-12-08,
2007-12-09,0.20124494
2007-12-10,
2007-12-11,
2007-12-12,0.21761218
2007-12-13,
2007-12-14,
2007-12-15,0.18268563
2007-12-16,
2007-12-17,
2007-12-18,0.15525758
2007-12-19,
2007-12-20,
2007-12-21,0.13489088
2007-12-22,
2007-12-23,
2007-12-24,
2007-12-25,
2007-12-26,
2007-12-27,
2007-12-28,0.2503133
2007-12-29,
2007-12-30,
2007-12-31,
2008-01-01,
2008-01-02,
2008-01-03,0.19820352
2008-01-04,
2008-01-05,
2008-01-06,0.30490187
2008-01-07,
2008-01-08,
2008-01-09,
2008-01-10,
2008-01-11,
2008-01-12,
2008-01-13,0.20428957
2008-01-14,
2008-01-15,
2008-01-16,
2008-01-17,
2008-01-18,
2008-01-19,0.17140792
2008-01-20,
2008-01-21,
2008-01-22,0.20912716
2008-01-23,
2008-01-24,
2008-01-25,0.183083
2008-01-26,
2008-01-27,
2008-01-28,
2008-01-29,
2008-01-30,
2008-01-31,
2008-02-01,0.19293691
2008-02-02,
2008-02-03,
2008-02-04,0.25819972
2008-02-05,
2008-02-06,
2008-02-07,0.22791709
2008-02-08,
2008-02-09,
2008-02-10,0.25097427
2008-02-11,
2008-02-12,
2008-02-13,0.301762
2008-02-14,
2008-02-15,
2008-02-16,
2008-02-17,0.27592748
2008-02-18,
2008-02-19,
2008-02-20,0.25234115
2008-02-21,
2008-02-22,
2008-02-23,0.41929045
2008-02-24,
2008-02-25,
2008-02-26,0.54440945
2008-02-27,
2008-02-28,
2008-02-29,0.7528477
2008-03-01,
2008-03-02,
2008-03-03,0.62846
2008-03-04,
2008-03-05,
2008-03-06,
2008-03-07,0.24169001
2008-03-08,
2008-03-09,
2008-03-10,0.3123942
2008-03-11,
2008-03-12,
2008-03-13,0.2970202
2008-03-14,
2008-03-15,
2008-03-16,0.20716885
2008-03-17,
2008-03-18,
2008-03-19,0.19996
2008-03-20,
2008-03-21,
2008-03-22,
2008-03-23,0.19889835
2008-03-24,
2008-03-25,
2008-03-26,0.22961645
2008-03-27,
2008-03-28,
2008-03-29,0.19892827
2008-03-30,
2008-03-31,
2008-04-01,0.18135825
2008-04-02,
2008-04-03,
2008-04-04,0.17207612
2008-04-05,
2008-04-06,
2008-04-07,
2008-04-08,
2008-04-09,
2008-04-10,
2008-04-11,0.180038
2008-04-12,
2008-04-13,0.1590899
2008-04-14,0.19099715
2008-04-15,
2008-04-16,
2008-04-17,0.23559743
2008-04-18,
2008-04-19,
2008-04-20,0.24363129
2008-04-21,
2008-04-22,
2008-04-23,0.19994088
2008-04-24,
2008-04-25,
2008-04-26,
2008-04-27,0.20606792
2008-04-28,
2008-04-29,
2008-04-30,0.20694631
2008-05-01,
2008-05-02,0.17069334
2008-05-03,0.1858514
2008-05-04,
2008-05-05,
2008-05-06,0.18028365
2008-05-07,
2008-05-08,
2008-05-09,0.18815558
2008-05-10,
2008-05-11,
2008-05-12,
2008-05-13,
2008-05-14,
2008-05-15,
2008-05-16,0.18566151
2008-05-17,
2008-05-18,0.1525909
2008-05-19,0.18605804
2008-05-20,
2008-05-21,
2008-05-22,0.22672234
2008-05-23,
2008-05-24,
2008-05-25,0.24016221
2008-05-26,
2008-05-27,
2008-05-28,0.17538916
2008-05-29,
2008-05-30,
2008-05-31,0.1871016
2008-06-01,0.25879544
2008-06-02,
2008-06-03,0.22582127
2008-06-04,0.25124556
2008-06-05,
2008-06-06,0.21863334
2008-06-07,0.22167493
2008-06-08,
2008-06-09,
2008-06-10,0.19589324
2008-06-11,
2008-06-12,
2008-06-13,0.26318726
2008-06-14,
2008-06-15,
2008-06-16,
2008-06-17,
2008-06-18,
2008-06-19,0.18781532
2008-06-20,
2008-06-21,
2008-06-22,0.2008154
2008-06-23,0.24509875
2008-06-24,
2008-06-25,
2008-06-26,0.20365493
2008-06-27,
2008-06-28,
2008-06-29,0.18344632
2008-06-30,
2008-07-01,
2008-07-02,0.20597869
2008-07-03,
2008-07-04,
2008-07-05,0.2459
2008-07-06,0.27279603
2008-07-07,
2008-07-08,0.20848767
2008-07-09,0.23579904
2008-07-10,
2008-07-11,0.26186666
2008-07-12,0.26392493
2008-07-13,
2008-07-14,
2008-07-15,0.24159235
2008-07-16,
2008-07-17,
2008-07-18,0.19702022
2008-07-19,
2008-07-20,
2008-07-21,
2008-07-22,
2008-07-23,
2008-07-24,
2008-07-25,0.24219787
2008-07-26,
2008-07-27,0.203555
2008-07-28,0.22618008
2008-07-29,
2008-07-30,
2008-07-31,0.22635487
2008-08-01,
2008-08-02,
2008-08-03,0.23220988
2008-08-04,
2008-08-05,
2008-08-06,
2008-08-07,
2008-08-08,
2008-08-09,
2008-08-10,0.24760687
2008-08-11,
2008-08-12,
2008-08-13,0.1870193
2008-08-14,
2008-08-15,
2008-08-16,0.19930398
2008-08-17,
2008-08-18,
2008-08-19,0.21739593
2008-08-20,
2008-08-21,
2008-08-22,
2008-08-23,
2008-08-24,
2008-08-25,
2008-08-26,
2008-08-27,
2008-08-28,
2008-08-29,0.270838
2008-08-30,
2008-08-31,
2008-09-01,0.27720946
2008-09-02,
2008-09-03,
2008-09-04,0.1861042
2008-09-05,
2008-09-06,
2008-09-07,0.17058422
2008-09-08,
2008-09-09,
2008-09-10,
2008-09-11,
2008-09-12,
2008-09-13,
2008-09-14,0.28913885
2008-09-15,
2008-09-16,
2008-09-17,0.2434891
2008-09-18,
2008-09-19,
2008-09-20,0.25608307
2008-09-21,
2008-09-22,
2008-09-23,0.1678995
2008-09-24,
2008-09-25,
2008-09-26,
2008-09-27,
2008-09-28,
2008-09-29,
2008-09-30,
2008-10-01,
2008-10-02,
2008-10-03,0.2549882
2008-10-04,
2008-10-05,
2008-10-06,0.18978368
2008-10-07,
2008-10-08,
2008-10-09,0.19300765
2008-10-10,
2008-10-11,
2008-10-12,0.208125
2008-10-13,
2008-10-14,
2008-10-15,
2008-10-16,
2008-10-17,
2008-10-18,
2008-10-19,0.25298563
2008-10-20,
2008-10-21,
2008-10-22,0.2209411
2008-10-23,
2008-10-24,
2008-10-25,0.17777956
2008-10-26,
2008-10-27,
2008-10-28,0.16165642
2008-10-29,
2008-10-30,
2008-10-31,
2008-11-01,
2008-11-02,
2008-11-03,
2008-11-04,
2008-11-05,
2008-11-06,
2008-11-07,0.20252804
2008-11-08,
2008-11-09,
2008-11-10,0.1974132
2008-11-11,
2008-11-12,
2008-11-13,0.17883205
2008-11-14,
2008-11-15,
2008-11-16,0.17607541
2008-11-17,
2008-11-18,
2008-11-19,
2008-11-20,
2008-11-21,
2008-11-22,
2008-11-23,0.22229515
2008-11-24,
2008-11-25,
2008-11-26,0.23630108
2008-11-27,
2008-11-28,
2008-11-29,0.16791648
2008-11-30,
2008-12-01,
2008-12-02,0.143375
2008-12-03,
2008-12-04,
2008-12-05,0.13191636
2008-12-06,
2008-12-07,
2008-12-08,
2008-12-09,
2008-12-10,
2008-12-11,
2008-12-12,0.2142753
2008-12-13,
2008-12-14,
2008-12-15,0.21091881
2008-12-16,
2008-12-17,
2008-12-18,0.21752861
2008-12-19,
2008-12-20,
2008-12-21,0.22720954
2008-12-22,
2008-12-23,
2008-12-24,0.122211255
2008-12-25,
2008-12-26,
2008-12-27,
2008-12-28,0.2815893
2008-12-29,
2008-12-30,
2008-12-31,0.22555113
2009-01-01,
2009-01-02,
2009-01-03,0.18761192
2009-01-04,
2009-01-05,
2009-01-06,0.21096689
2009-01-07,
2009-01-08,
2009-01-09,0.17235637
2009-01-10,
2009-01-11,
2009-01-12,
2009-01-13,
2009-01-14,
2009-01-15,
2009-01-16,0.21088317
2009-01-17,
2009-01-18,
2009-01-19,0.20313562
2009-01-20,
2009-01-21,
2009-01-22,0.15111434
2009-01-23,
2009-01-24,
2009-01-25,0.22195649
2009-01-26,
2009-01-27,
2009-01-28,0.21843243
2009-01-29,
2009-01-30,
2009-01-31,
2009-02-01,0.26707003
2009-02-02,
2009-02-03,
2009-02-04,0.37205574
2009-02-05,
2009-02-06,
2009-02-07,0.292443
2009-02-08,
2009-02-09,
2009-02-10,0.30695903
2009-02-11,
2009-02-12,
2009-02-13,
2009-02-14,
2009-02-15,
2009-02-16,
2009-02-17,
2009-02-18,
2009-02-19,
2009-02-20,0.21855882
2009-02-21,
2009-02-22,
2009-02-23,0.24222973
2009-02-24,
2009-02-25,
2009-02-26,0.21119174
2009-02-27,
2009-02-28,
2009-03-01,0.22330812
2009-03-02,
2009-03-03,
2009-03-04,
2009-03-05,
2009-03-06,
2009-03-07,
2009-03-08,0.30252996
2009-03-09,
2009-03-10,
2009-03-11,0.24986176
2009-03-12,
2009-03-13,
2009-03-14,0.26644477
2009-03-15,
2009-03-16,
2009-03-17,0.27065954
2009-03-18,
2009-03-19,
2009-03-20,0.31538445
2009-03-21,
2009-03-22,
2009-03-23,
2009-03-24,
2009-03-25,
2009-03-26,
2009-03-27,0.3855346
2009-03-28,
2009-03-29,
2009-03-30,0.26727423
2009-03-31,
2009-04-01,
2009-04-02,0.28711322
2009-04-03,
2009-04-04,
2009-04-05,0.2718865
2009-04-06,
2009-04-07,
2009-04-08,
2009-04-09,
2009-04-10,
2009-04-11,
2009-04-12,0.2736242
2009-04-13,
2009-04-14,
2009-04-15,0.23271222
2009-04-16,
2009-04-17,
2009-04-18,0.19467357
2009-04-19,
2009-04-20,
2009-04-21,0.1835851
2009-04-22,
2009-04-23,
2009-04-24,0.1801177
2009-04-25,
2009-04-26,
2009-04-27,
2009-04-28,
2009-04-29,
2009-04-30,
2009-05-01,0.21904851
2009-05-02,
2009-05-03,
2009-05-04,0.19509211
2009-05-05,
2009-05-06,
2009-05-07,0.21579911
2009-05-08,
2009-05-09,
2009-05-10,0.26131117
2009-05-11,
2009-05-12,
2009-05-13,0.2288728
2009-05-14,
2009-05-15,
2009-05-16,
2009-05-17,0.20837514
2009-05-18,
2009-05-19,0.14934462
2009-05-20,0.20707853
2009-05-21,
2009-05-22,0.20534666
2009-05-23,0.1916538
2009-05-24,
2009-05-25,
2009-05-26,0.20733592
2009-05-27,
2009-05-28,
2009-05-29,0.2531205
2009-05-30,
2009-05-31,
2009-06-01,
2009-06-02,
2009-06-03,
2009-06-04,0.21382272
2009-06-05,0.29031384
2009-06-06,
2009-06-07,0.21086526
2009-06-08,0.2005933
2009-06-09,
2009-06-10,
2009-06-11,0.20932743
2009-06-12,
2009-06-13,
2009-06-14,0.23610026
2009-06-15,
2009-06-16,
2009-06-17,0.22111057
2009-06-18,
2009-06-19,
2009-06-20,0.22550471
2009-06-21,0.270054
2009-06-22,
2009-06-23,0.21847185
2009-06-24,0.27475664
2009-06-25,
2009-06-26,0.18002333
2009-06-27,0.2178228
2009-06-28,
2009-06-29,
2009-06-30,0.24867775
2009-07-01,
2009-07-02,
2009-07-03,0.22711992
2009-07-04,
2009-07-05,
2009-07-06,
2009-07-07,
2009-07-08,
2009-07-09,0.17828514
2009-07-10,0.22200333
2009-07-11,
2009-07-12,0.16449721
2009-07-13,0.20753641
2009-07-14,
2009-07-15,
2009-07-16,0.18274647
2009-07-17,
2009-07-18,
2009-07-19,0.20801973
2009-07-20,
2009-07-21,
2009-07-22,
2009-07-23,
2009-07-24,
2009-07-25,
2009-07-26,0.2646158
2009-07-27,
2009-07-28,
2009-07-29,0.22891423
2009-07-30,
2009-07-31,
2009-08-01,0.23534042
2009-08-02,
2009-08-03,
2009-08-04,0.26145756
2009-08-05,
2009-08-06,
2009-08-07,0.22647786
2009-08-08,
2009-08-09,
2009-08-10,
2009-08-11,
2009-08-12,
2009-08-13,
2009-08-14,0.2472504
2009-08-15,
2009-08-16,
2009-08-17,0.23721473
2009-08-18,
2009-08-19,
2009-08-20,0.25338402
2009-08-21,
2009-08-22,
2009-08-23,0.25924274
2009-08-24,
2009-08-25,
2009-08-26,
2009-08-27,
2009-08-28,
2009-08-29,
2009-08-30,0.18756458
2009-08-31,
2009-09-01,
2009-09-02,0.18863486
2009-09-03,
2009-09-04,
2009-09-05,0.1706117
2009-09-06,
2009-09-07,
2009-09-08,0.12342001
2009-09-09,
2009-09-10,
2009-09-11,
2009-09-12,
2009-09-13,
2009-09-14,
2009-09-15,
2009-09-16,
2009-09-17,
2009-09-18,0.24298552
2009-09-19,
2009-09-20,
2009-09-21,0.23183131
2009-09-22,
2009-09-23,
2009-09-24,0.16398613
2009-09-25,
2009-09-26,
2009-09-27,0.18677168
2009-09-28,
2009-09-29,
2009-09-30,
2009-10-01,
2009-10-02,
2009-10-03,
2009-10-04,0.23435672
2009-10-05,
2009-10-06,
2009-10-07,0.22829533
2009-10-08,
2009-10-09,
2009-10-10,0.18758585
2009-10-11,
2009-10-12,
2009-10-13,0.18933967
2009-10-14,
2009-10-15,
2009-10-16,0.21152
2009-10-17,
2009-10-18,
2009-10-19,
2009-10-20,
2009-10-21,
2009-10-22,
2009-10-23,0.21661659
2009-10-24,
2009-10-25,
2009-10-26,0.1769072
2009-10-27,
2009-10-28,
2009-10-29,0.16290629
2009-10-30,
2009-10-31,
2009-11-01,0.18161787
2009-11-02,
2009-11-03,
2009-11-04,
2009-11-05,
2009-11-06,
2009-11-07,
2009-11-08,0.18438207
2009-11-09,
2009-11-10,
2009-11-11,0.16439754
2009-11-12,
2009-11-13,
2009-11-14,0.14543779
2009-11-15,
2009-11-16,
2009-11-17,0.14988604
2009-11-18,
2009-11-19,
2009-11-20,
2009-11-21,
2009-11-22,
2009-11-23,
2009-11-24,
2009-11-25,
2009-11-26,
2009-11-27,0.21943145
2009-11-28,
2009-11-29,
2009-11-30,0.18937097
2009-12-01,
2009-12-02,
2009-12-03,0.18434916
2009-12-04,
2009-12-05,
2009-12-06,0.2024807
2009-12-07,
2009-12-08,
2009-12-09,
2009-12-10,
2009-12-11,
2009-12-12,
2009-12-13,0.22246903
2009-12-14,
2009-12-15,
2009-12-16,0.21888766
2009-12-17,
2009-12-18,
2009-12-19,0.19868489
2009-12-20,
2009-12-21,
2009-12-22,0.17953043
2009-12-23,
2009-12-24,
2009-12-25,0.17338845
2009-12-26,
2009-12-27,
2009-12-28,
2009-12-29,
2009-12-30,
2009-12-31,
2010-01-01,0.23458242
2010-01-02,
2010-01-03,
2010-01-04,0.23547944
2010-01-05,
2010-01-06,
2010-01-07,0.18316479
2010-01-08,
2010-01-09,
2010-01-10,0.18051036
2010-01-11,
2010-01-12,
2010-01-13,
2010-01-14,
2010-01-15,
2010-01-16,
2010-01-17,0.2481683
2010-01-18,
2010-01-19,
2010-01-20,0.18860833
2010-01-21,
2010-01-22,
2010-01-23,0.17103934
2010-01-24,
2010-01-25,
2010-01-26,0.19288689
2010-01-27,
2010-01-28,
2010-01-29,0.18474834
2010-01-30,
2010-01-31,
2010-02-01,
2010-02-02,
2010-02-03,
2010-02-04,
2010-02-05,0.26545158
2010-02-06,
2010-02-07,
2010-02-08,0.18253252
2010-02-09,
2010-02-10,
2010-02-11,0.18601769
2010-02-12,
2010-02-13,
2010-02-14,0.16812922
2010-02-15,
2010-02-16,
2010-02-17,0.12558334
2010-02-18,
2010-02-19,
2010-02-20,
2010-02-21,0.22089499
2010-02-22,
2010-02-23,
2010-02-24,0.21931103
2010-02-25,
2010-02-26,
2010-02-27,0.20486617
2010-02-28,
2010-03-01,
2010-03-02,0.1614129
2010-03-03,
2010-03-04,
2010-03-05,0.17886385
2010-03-06,
2010-03-07,
2010-03-08,
2010-03-09,
2010-03-10,
2010-03-11,
2010-03-12,0.1835327
2010-03-13,
2010-03-14,
2010-03-15,0.1709454
2010-03-16,
2010-03-17,
2010-03-18,
2010-03-19,
2010-03-20,
2010-03-21,0.17166938
2010-03-22,
2010-03-23,
2010-03-24,
2010-03-25,
2010-03-26,
2010-03-27,
2010-03-28,
2010-03-29,
2010-03-30,
2010-03-31,0.20113999
2010-04-01,
2010-04-02,
2010-04-03,0.17846096
2010-04-04,
2010-04-05,
2010-04-06,0.15030235
2010-04-07,
2010-04-08,
2010-04-09,
2010-04-10,
2010-04-11,
2010-04-12,
2010-04-13,
2010-04-14,
2010-04-15,
2010-04-16,0.2038939
2010-04-17,
2010-04-18,
2010-04-19,0.16955931
2010-04-20,
2010-04-21,
2010-04-22,0.19661629
2010-04-23,
2010-04-24,
2010-04-25,0.26521567
2010-04-26,
2010-04-27,
2010-04-28,
2010-04-29,
2010-04-30,
2010-05-01,
2010-05-02,0.21714723
2010-05-03,
2010-05-04,0.18164028
2010-05-05,0.23303272
2010-05-06,
2010-05-07,
2010-05-08,0.23067138
2010-05-09,
2010-05-10,
2010-05-11,0.20578115
2010-05-12,
2010-05-13,
2010-05-14,0.31304464
2010-05-15,
2010-05-16,
2010-05-17,
2010-05-18,
2010-05-19,
2010-05-20,0.38736692
2010-05-21,0.49404076
2010-05-22,
2010-05-23,0.5247342
2010-05-24,0.57777256
2010-05-25,
2010-05-26,
2010-05-27,0.72541916
2010-05-28,
2010-05-29,
2010-05-30,0.72554296
2010-05-31,
2010-06-01,
2010-06-02,0.36540475
2010-06-03,
2010-06-04,
2010-06-05,0.7911726
2010-06-06,0.97100776
2010-06-07,
2010-06-08,0.87489027
2010-06-09,0.42489722
2010-06-10,
2010-06-11,0.2496
2010-06-12,0.546285
2010-06-13,
2010-06-14,
2010-06-15,0.7935698
2010-06-16,
2010-06-17,
2010-06-18,0.7020981
2010-06-19,
2010-06-20,
2010-06-21,
2010-06-22,
2010-06-23,
2010-06-24,0.36126843
2010-06-25,0.3127009
2010-06-26,
2010-06-27,0.23217319
2010-06-28,0.23400158
2010-06-29,
2010-06-30,
2010-07-01,0.16334942
2010-07-02,
2010-07-03,
2010-07-04,0.3226729
2010-07-05,
2010-07-06,
2010-07-07,0.3122296
2010-07-08,
2010-07-09,
2010-07-10,
2010-07-11,0.43358013
2010-07-12,
2010-07-13,0.27514374
2010-07-14,0.3325639
2010-07-15,
2010-07-16,0.13368666
2010-07-17,0.17451909
2010-07-18,
2010-07-19,
2010-07-20,0.18748859
2010-07-21,
2010-07-22,
2010-07-23,0.23028098
2010-07-24,
2010-07-25,
2010-07-26,0.32088366
2010-07-27,
2010-07-28,
2010-07-29,
2010-07-30,0.24236529
2010-07-31,
2010-08-01,0.25416344
2010-08-02,0.2665353
2010-08-03,
2010-08-04,
2010-08-05,0.21002722
2010-08-06,
2010-08-07,
2010-08-08,0.17335674
2010-08-09,
2010-08-10,
2010-08-11,
2010-08-12,
2010-08-13,
2010-08-14,
2010-08-15,
2010-08-16,
2010-08-17,
2010-08-18,0.29553404
2010-08-19,
2010-08-20,
2010-08-21,0.2677177
2010-08-22,
2010-08-23,
2010-08-24,0.25151297
2010-08-25,
2010-08-26,
2010-08-27,
2010-08-28,
2010-08-29,
2010-08-30,
2010-08-31,
2010-09-01,
2010-09-02,
2010-09-03,0.22051705
2010-09-04,
2010-09-05,
2010-09-06,0.19704787
2010-09-07,
2010-09-08,
2010-09-09,0.1689534
2010-09-10,
2010-09-11,
2010-09-12,0.22605081
2010-09-13,
2010-09-14,
2010-09-15,
2010-09-16,
2010-09-17,
2010-09-18,
2010-09-19,0.2619835
2010-09-20,
2010-09-21,
2010-09-22,0.27969113
2010-09-23,
2010-09-24,
2010-09-25,0.18099956
2010-09-26,
2010-09-27,
2010-09-28,0.18802765
2010-09-29,
2010-09-30,
2010-10-01,
2010-10-02,
2010-10-03,
2010-10-04,
2010-10-05,
2010-10-06,
2010-10-07,
2010-10-08,0.20049652
2010-10-09,
2010-10-10,
2010-10-11,0.20518374
2010-10-12,
2010-10-13,
2010-10-14,0.18758991
2010-10-15,
2010-10-16,
2010-10-17,
2010-10-18,
2010-10-19,
2010-10-21,
2010-11-05,
2010-11-06,0.19028418
2010-11-07,
2010-11-08,
2010-11-09,0.19783445
2010-11-10,
2010-11-11,
2010-11-12,0.20303202
2010-11-13,
2010-11-14,
2010-11-15,
2010-11-16,
2010-11-17,0.19726382
2010-11-18,
2010-11-19,
2010-11-20,0.35537875
2010-11-21,
2010-11-22,
2010-11-23,
2010-11-24,
2010-11-25,
2010-11-26,
2010-11-27,
2010-11-28,
2010-11-29,
2010-11-30,
2010-12-01,0.29396755
2010-12-02,
2010-12-03,
2010-12-04,
2010-12-05,
2010-12-06,0.3749495
2010-12-07,
2010-12-08,
2010-12-09,0.22017701
2010-12-10,
2010-12-11,
2010-12-12,0.18468636
2010-12-13,
2010-12-14,
2010-12-15,
2010-12-16,
2010-12-17,0.1618888
2010-12-18,
2010-12-19,
2010-12-20,0.25243792
2010-12-21,
2010-12-22,
2010-12-23,
2010-12-24,
2010-12-25,0.19053
2010-12-26,
2010-12-27,
2010-12-28,0.2173939
2010-12-29,
2010-12-30,
2010-12-31,0.2537429
2011-01-01,
2011-01-02,
2011-01-03,
2011-01-04,
2011-01-05,0.2144645
2011-01-06,
2011-01-07,
2011-01-08,0.19150284
2011-01-09,
2011-01-10,
2011-01-11,0.23888716
2011-01-12,
2011-01-13,
2011-01-14,
2011-01-15,
2011-01-16,0.2495497
2011-01-17,
2011-01-18,
2011-01-19,0.25071222
2011-01-20,
2011-01-21,
2011-01-22,
2011-01-23,
2011-01-24,0.131373
2011-01-25,
2011-01-26,
2011-01-27,0.31413758
2011-01-28,
2011-01-29,
2011-01-30,0.34151554
2011-01-31,
2011-02-01,
2011-02-02,
2011-02-03,
2011-02-04,0.21277066
2011-02-05,
2011-02-06,
2011-02-07,0.22561008
2011-02-08,
2011-02-09,
2011-02-10,0.2621127
2011-02-11,
2011-02-12,
2011-02-13,
2011-02-14,
2011-02-15,0.24199241
2011-02-16,
2011-02-17,
2011-02-18,0.22119111
2011-02-19,
2011-02-20,
2011-02-21,
2011-02-22,
2011-02-23,
2011-02-24,
2011-02-25,
2011-02-26,0.15379333
2011-02-27,
2011-02-28,
2011-03-01,0.23517598
2011-03-02,
2011-03-03,
2011-03-04,
2011-03-05,
2011-03-06,0.17887141
2011-03-07,
2011-03-08,
2011-03-09,0.19843048
2011-03-10,
2011-03-11,
2011-03-12,0.22604798
2011-03-13,
2011-03-14,
2011-03-15,
2011-03-16,
2011-03-17,0.21629848
2011-03-18,
2011-03-19,
2011-03-20,0.21391696
2011-03-21,
2011-03-22,
2011-03-23,
2011-03-24,
2011-03-25,0.16172
2011-03-26,
2011-03-27,
2011-03-28,0.16741402
2011-03-29,
2011-03-30,
2011-03-31,0.19464608
2011-04-01,
2011-04-02,
2011-04-03,
2011-04-05,0.17743772
2011-04-06,
2011-04-07,
2011-04-08,0.18151715
2011-04-09,
2011-04-10,0.1163
2011-04-11,0.1722168
2011-04-12,
2011-04-13,
2011-04-14,
2011-04-15,
2011-04-16,0.19162667
2011-04-17,
2011-04-18,
2011-04-19,0.2234288
2011-04-20,
2011-04-21,
2011-04-22,
2011-04-23,
2011-04-24,
2011-04-25,
2011-04-26,
2011-04-27,0.22739264
2011-04-28,
2011-04-29,0.20656297
2011-04-30,0.28816926
2011-05-01,
2011-05-02,
2011-05-03,
2011-05-04,
2011-05-05,0.20920673
2011-05-06,
2011-05-07,
2011-05-08,0.22531822
2011-05-09,
2011-05-10,0.18556938
2011-05-11,0.26386228
2011-05-12,
2011-05-13,
2011-05-14,
2011-05-15,
2011-05-16,0.22076508
2011-05-17,
2011-05-18,
2011-05-19,0.21267487
2011-05-20,
2011-05-21,0.15470323
2011-05-22,
2011-05-23,
2011-05-24,0.21221563
2011-05-25,
2011-05-26,
2011-05-27,0.22113279
2011-05-28,
2011-05-29,0.18811649
2011-05-30,0.19518666
2011-05-31,
2011-06-01,
2011-06-02,
2011-06-03,
2011-06-04,0.2241464
2011-06-05,
2011-06-06,
2011-06-07,0.20320326
2011-06-08,
2011-06-09,0.18126352
2011-06-10,0.25016773
2011-06-11,
2011-06-12,0.20380203
2011-06-13,
2011-06-14,
2011-06-15,0.24717689
2011-06-16,
2011-06-17,
2011-06-18,0.29715025
2011-06-19,
2011-06-20,0.20214638
2011-06-21,
2011-06-22,
2011-06-23,0.22321242
2011-06-24,
2011-06-25,
2011-06-26,0.21719667
2011-06-27,
2011-06-28,0.17123365
2011-06-29,0.18291743
2011-06-30,
2011-07-01,
2011-07-02,
2011-07-03,
2011-07-04,0.20670812
2011-07-05,
2011-07-06,
2011-07-07,0.17078382
2011-07-08,
2011-07-09,0.13513422
2011-07-10,0.19760698
2011-07-11,
2011-07-12,0.20801812
2011-07-13,
2011-07-14,
2011-07-15,0.31420076
2011-07-16,
2011-07-17,
2011-07-18,0.29977083
2011-07-19,
2011-07-20,
2011-07-21,
2011-07-22,
2011-07-23,
2011-07-24,
2011-07-25,
2011-07-26,0.19415213
2011-07-27,
2011-07-28,0.11103334
2011-07-29,0.20347999
2011-07-30,
2011-07-31,
2011-08-01,
2011-08-02,
2011-08-03,0.22056302
2011-08-04,
2011-08-05,
2011-08-06,0.17821908
2011-08-07,
2011-08-08,
2011-08-09,0.30738887
2011-08-10,
2011-08-11,
2011-08-12,
2011-08-13,
2011-08-14,0.19288483
2011-08-15,
2011-08-16,
2011-08-17,0.28418097
2011-08-18,
2011-08-19,
2011-08-20,
2011-08-21,
2011-08-22,
2011-08-23,
2011-08-24,
2011-08-25,0.23239267
2011-08-26,
2011-08-27,
2011-08-28,0.1750864
2011-08-29,
2011-08-30,
2011-08-31,
2011-09-01,
2011-09-02,
2011-09-03,
2011-09-04,
2011-09-05,0.21466625
2011-09-06,
2011-09-07,
2011-09-08,
2011-09-09,
2011-09-10,
2011-09-11,
2011-09-12,
2011-09-13,0.19619963
2011-09-14,
2011-09-15,
2011-09-16,
2011-09-17,
2011-09-18,
2011-09-19,
2011-09-20,
2011-09-21,
2011-09-22,
2011-09-23,
2011-09-24,0.20156728
2011-09-25,
2011-09-26,
2011-09-27,0.23807816
2011-09-28,
2011-09-29,
2011-09-30,
2011-10-01,
2011-10-02,
2011-10-03,
2011-10-04,
2011-10-05,0.19013304
2011-10-06,
2011-10-07,
2011-10-08,0.22123493
2011-10-09,
2011-10-10,
2011-10-11,
2011-10-12,
2011-10-13,0.1507593
2011-10-14,
2011-10-15,
2011-10-16,0.22418007
2011-10-17,
2011-10-18,
2011-10-19,
2011-10-20,
2011-10-21,
2011-10-22,
2011-10-23,
2011-10-24,0.22615296
2011-10-25,
2011-10-26,
2011-10-27,0.20962715
2011-10-28,
2011-10-29,
2011-10-30,
2011-10-31,
2011-11-01,0.168515
2011-11-02,
2011-11-03,
2011-11-04,
2011-11-05,
2011-11-06,
2011-11-07,
2011-11-08,
2011-11-09,
2011-11-10,
2011-11-11,
2011-11-12,0.20717038
2011-11-13,
2011-11-14,
2011-11-15,0.2544409
2011-11-16,
2011-11-17,
2011-11-18,
2011-11-19,
2011-11-20,
2011-11-21,
2011-11-22,
2011-11-23,0.22281429
2011-11-24,
2011-11-25,
2011-11-26,
2011-11-27,
2011-11-28,
2011-11-29,
2011-11-30,
2011-12-01,0.22605117
2011-12-02,
2011-12-03,
2011-12-04,0.240916
2011-12-05,
2011-12-06,
2011-12-07,0.28753757
2011-12-08,
2011-12-09,
2011-12-10,
2011-12-11,
2011-12-12,
2011-12-13,
2011-12-14,
2011-12-15,0.1741332
2011-12-16,
2011-12-17,
2011-12-18,
2011-12-19,
2011-12-20,
2011-12-21,
2011-12-22,
2011-12-23,
2011-12-24,
2011-12-25,
2011-12-26,
2011-12-27,
2011-12-28,
2011-12-29,
2011-12-30,
2011-12-31,0.1835114
2012-01-01,
2012-01-02,
2012-01-03,
2012-01-04,
2012-01-05,
2012-01-06,
2012-01-07,
2012-01-08,
2012-01-09,
2012-01-10,
2012-01-11,0.2147704
2012-01-12,
2012-01-13,
2012-01-14,0.29651418
2012-01-15,
2012-01-16,
2012-01-17,
2012-01-18,
2012-01-19,
2012-01-20,
2012-01-21,
2012-01-22,
2012-01-23,
2012-01-24,
2012-01-25,
2012-01-26,
2012-01-27,
2012-01-28,
2012-01-29,
2012-01-30,0.19906493
2012-01-31,
2012-02-01,
2012-02-02,
2012-02-03,
2012-02-04,
2012-02-05,
2012-02-06,
2012-02-07,0.13996
2012-02-08,
2012-02-09,
2012-02-10,0.18926078
2012-02-11,
2012-02-12,
2012-02-13,
2012-02-14,
2012-02-15,
2012-02-16,
2012-02-17,
2012-02-18,
2012-02-19,
2012-02-20,
2012-02-21,
2012-02-22,
2012-02-23,
2012-02-24,0.20278603
2012-02-25,
2012-02-26,
2012-02-27,
2012-02-28,
2012-02-29,0.14881837
2012-03-01,
2012-03-02,
2012-03-03,0.16659825
2012-03-04,
2012-03-05,
2012-03-06,0.21985334
2012-03-07,
2012-03-08,
2012-03-09,
2012-03-10,
2012-03-11,
2012-03-12,
2012-03-13,
2012-03-14,0.25859243
2012-03-15,
2012-03-16,
2012-03-17,
2012-03-18,
2012-03-19,
2012-03-20,
2012-03-21,
2012-03-22,0.30271542
2012-03-23,
2012-03-24,
2012-03-25,
2012-03-26,
2012-03-27,
2012-03-28,
2012-03-29,
2012-03-30,
2012-03-31,
2012-04-01,
2012-04-02,0.24894322
2012-04-03,
2012-04-04,
2012-04-05,0.2555409
2012-04-06,
2012-04-07,
2012-04-08,
