2002-07-04,
2002-07-05,0.20585619
2002-07-06,
2002-07-07,0.15716158
2002-07-08,0.16328286
2002-07-09,0.16571294
2002-07-10,0.15783925
2002-07-11,
2002-07-12,0.12913288
2002-07-13,
2002-07-14,0.1280342
2002-07-15,0.11933604
2002-07-16,0.11911339
2002-07-17,0.119681545
2002-07-18,0.12641187
2002-07-19,0.1283186
2002-07-20,
2002-07-21,
2002-07-22,
2002-07-23,0.13865387
2002-07-24,0.17292526
2002-07-25,0.13603891
2002-07-26,0.122108355
2002-07-27,
2002-07-28,0.11413672
2002-07-29,
2002-08-06,
2002-08-07,
2002-08-08,
2002-08-09,0.1159407
2002-08-10,0.10978183
2002-08-11,0.1189343
2002-08-12,
2002-08-13,0.122421615
2002-08-14,
2002-08-15,
2002-08-16,
2002-08-17,
2002-08-18,0.15786941
2002-08-19,0.15905096
2002-08-20,0.14247832
2002-08-21,
2002-08-22,
2002-08-23,
2002-08-24,0.13070308
2002-08-25,0.10036092
2002-08-26,0.100091964
2002-08-27,0.10009397
2002-08-28,
2002-08-29,0.12746353
2002-08-30,
2002-08-31,
2002-09-01,0.07848718
2002-09-02,0.0652827
2002-09-03,
2002-09-04,
2002-09-05,
2002-09-06,
2002-09-07,
2002-09-08,
2002-09-09,
2002-09-10,
2002-09-11,0.0560684
2002-09-12,0.05398787
2002-09-13,
2002-09-14,0.057017893
2002-09-15,
2002-09-16,
2002-09-17,0.04983532
2002-09-18,
2002-09-19,
2002-09-20,
2002-09-21,0.054941915
2002-09-22,
2002-09-23,
2002-09-24,
2002-09-25,
2002-09-26,
2002-09-27,0.07244061
2002-09-28,0.052326467
2002-09-29,
2002-09-30,0.055992927
2002-10-01,
2002-10-02,
2002-10-03,0.043580584
2002-10-04,
2002-10-05,0.045516197
2002-10-06,
2002-10-07,0.048828002
2002-10-08,
2002-10-09,
2002-10-10,
2002-10-11,
2002-10-12,0.048865195
2002-10-13,0.06008218
2002-10-14,0.04639857
2002-10-15,
2002-10-16,
2002-10-17,
2002-10-18,
2002-10-19,
2002-10-20,0.05554465
2002-10-21,0.044693056
2002-10-22,0.04790257
2002-10-23,0.042856168
2002-10-24,
2002-10-25,0.047617048
2002-10-26,
2002-10-27,
2002-10-28,0.043477695
2002-10-29,0.044889007
2002-10-30,0.042405948
2002-10-31,
2002-11-01,0.04376571
2002-11-02,
2002-11-03,
2002-11-04,0.049355675
2002-11-05,
2002-11-06,0.043174047
2002-11-07,
2002-11-08,0.043768905
2002-11-09,
2002-11-10,0.052285936
2002-11-11,
2002-11-12,
2002-11-13,0.05391871
2002-11-14,0.05316547
2002-11-15,0.053148847
2002-11-16,
2002-11-17,
2002-11-18,
2002-11-19,
2002-11-20,
2002-11-21,0.07213235
2002-11-22,0.06817791
2002-11-23,
2002-11-24,0.06591233
2002-11-25,
2002-11-26,0.06562094
2002-11-27,
2002-11-28,
2002-11-29,0.05328441
2002-11-30,
2002-12-01,
2002-12-02,
2002-12-03,0.086757146
2002-12-04,
2002-12-05,
2002-12-06,0.07073741
2002-12-07,0.084580556
2002-12-08,
2002-12-09,
2002-12-10,
2002-12-11,
2002-12-12,
2002-12-13,
2002-12-14,
2002-12-15,
2002-12-16,0.08224361
2002-12-17,0.06211403
2002-12-18,
2002-12-19,
2002-12-20,
2002-12-21,
2002-12-22,
2002-12-23,
2002-12-24,
2002-12-25,
2002-12-26,0.058014426
2002-12-27,
2002-12-28,
2002-12-29,
2002-12-30,
2002-12-31,
2003-01-01,
2003-01-02,0.059967935
2003-01-03,
2003-01-04,0.063090466
2003-01-05,
2003-01-06,
2003-01-07,
2003-01-08,
2003-01-09,
2003-01-10,
2003-01-11,0.09693554
2003-01-12,
2003-01-13,
2003-01-14,
2003-01-15,
2003-01-16,0.12274981
2003-01-17,0.1463501
2003-01-18,0.17697564
2003-01-19,
2003-01-20,0.18371484
2003-01-21,
2003-01-22,
2003-01-23,0.15310805
2003-01-24,0.15436026
2003-01-25,0.15047877
2003-01-26,
2003-01-27,
2003-01-28,
2003-01-29,0.25064263
2003-01-30,
2003-01-31,
2003-02-01,
2003-02-02,
2003-02-03,
2003-02-04,
2003-02-05,
2003-02-06,
2003-02-07,
2003-02-08,0.16225325
2003-02-09,
2003-02-10,
2003-02-11,
2003-02-12,0.18982299
2003-02-13,
2003-02-14,
2003-02-15,
2003-02-16,
2003-02-17,0.15004559
2003-02-18,
2003-02-19,0.2102656
2003-02-20,
2003-02-21,0.2022246
2003-02-22,
2003-02-23,
2003-02-24,0.19200623
2003-02-25,
2003-02-26,0.19106705
2003-02-27,0.18733223
2003-02-28,0.17967351
2003-03-01,
2003-03-02,
2003-03-03,
2003-03-04,
2003-03-05,
2003-03-06,
2003-03-07,0.18138272
2003-03-08,
2003-03-09,0.20558967
2003-03-10,
2003-03-11,
2003-03-12,0.1434487
2003-03-13,0.13809833
2003-03-14,0.14831023
2003-03-15,0.20671579
2003-03-16,0.16671477
2003-03-17,
2003-03-18,
2003-03-19,
2003-03-20,
2003-03-21,
2003-03-22,0.17515662
2003-03-23,0.19248852
2003-03-24,
2003-03-25,0.2511179
2003-03-26,
2003-03-27,
2003-03-28,0.18223427
2003-03-29,0.14982803
2003-03-30,0.1908511
2003-03-31,
2003-04-01,0.17964983
2003-04-02,
2003-04-03,
2003-04-04,
2003-04-05,
2003-04-06,
2003-04-07,0.18594892
2003-04-08,0.19760214
2003-04-09,
2003-04-10,0.19781522
2003-04-11,
2003-04-12,
2003-04-13,0.17988282
2003-04-14,0.18727672
2003-04-15,0.21292491
2003-04-16,0.22317263
2003-04-17,0.23063956
2003-04-18,
2003-04-19,
2003-04-20,
2003-04-21,
2003-04-22,0.2595283
2003-04-23,0.24495019
2003-04-24,0.257715
2003-04-25,
2003-04-26,0.2509775
2003-04-27,
2003-04-28,
2003-04-29,0.20621224
2003-04-30,0.18649866
2003-05-01,0.2081384
2003-05-02,0.19601274
2003-05-03,0.20455435
2003-05-04,
2003-05-05,
2003-05-06,
2003-05-07,0.16944939
2003-05-08,0.2141389
2003-05-09,0.19834058
2003-05-10,0.1992676
2003-05-11,
2003-05-12,0.2066604
2003-05-13,
2003-05-14,
2003-05-15,0.19623032
2003-05-16,0.19377111
2003-05-17,0.20140162
2003-05-18,0.21503879
2003-05-19,0.19630978
2003-05-20,
2003-05-21,
2003-05-22,
2003-05-23,0.18614648
2003-05-24,0.17664044
2003-05-25,0.15116596
2003-05-26,
2003-05-27,
2003-05-28,0.16482897
2003-05-29,
2003-05-30,
2003-05-31,0.16078787
2003-06-01,0.1711443
2003-06-02,0.17568049
2003-06-03,0.18125203
2003-06-04,0.17694867
2003-06-05,
2003-06-06,0.18952176
2003-06-07,
2003-06-08,0.1757168
2003-06-09,0.19419594
2003-06-10,0.20651041
2003-06-11,0.21211788
2003-06-12,
2003-06-13,0.20483677
2003-06-14,
2003-06-15,0.19403753
2003-06-16,0.21303861
2003-06-17,0.17430358
2003-06-18,0.21509883
2003-06-19,0.21702546
2003-06-20,0.2016888
2003-06-21,
2003-06-22,
2003-06-23,
2003-06-24,0.1659242
2003-06-25,0.20270787
2003-06-26,0.19173513
2003-06-27,0.19597915
2003-06-28,
2003-06-29,0.21224384
2003-06-30,
2003-07-01,
2003-07-02,0.17240971
2003-07-03,0.16951089
2003-07-04,0.17145067
2003-07-05,0.19417755
2003-07-06,0.22298111
2003-07-07,
2003-07-08,
2003-07-09,
2003-07-10,0.1827491
2003-07-11,0.19019085
2003-07-12,
2003-07-13,0.17074676
2003-07-14,
2003-07-15,0.22379817
2003-07-16,
2003-07-17,
2003-07-18,
2003-07-19,0.17994106
2003-07-20,0.19726942
2003-07-21,0.2013171
2003-07-22,0.22447175
2003-07-23,
2003-07-24,
2003-07-25,
2003-07-26,0.21969566
2003-07-27,0.1944302
2003-07-28,0.17223763
2003-07-29,0.23727262
2003-07-30,
2003-07-31,0.20907629
2003-08-01,
2003-08-02,
2003-08-03,
2003-08-04,0.1852549
2003-08-05,0.19967203
2003-08-06,0.16484645
2003-08-07,0.2076109
2003-08-08,
2003-08-09,
2003-08-10,
2003-08-11,0.16869456
2003-08-12,0.16378209
2003-08-13,0.15884313
2003-08-14,0.14297564
2003-08-15,
2003-08-16,0.14618771
2003-08-17,
2003-08-18,
2003-08-19,0.16223572
2003-08-20,0.18695411
2003-08-21,0.19306692
2003-08-22,0.1566952
2003-08-23,0.1764352
2003-08-24,
2003-08-25,
2003-08-26,
2003-08-27,
2003-08-28,0.18352793
2003-08-29,0.19563212
2003-08-30,0.20179214
2003-08-31,
2003-09-01,0.20190461
2003-09-02,
2003-09-03,
2003-09-04,0.21893755
2003-09-05,0.14657617
2003-09-06,0.18888655
2003-09-07,0.20717715
2003-09-08,0.20825946
2003-09-09,
2003-09-10,
2003-09-11,
2003-09-12,
2003-09-13,0.20272404
2003-09-14,0.19662449
2003-09-15,0.19719747
2003-09-16,
2003-09-17,0.18921043
2003-09-18,
2003-09-19,
2003-09-20,0.22213323
2003-09-21,0.21227272
2003-09-22,0.20704119
2003-09-23,
2003-09-24,0.17001393
2003-09-25,
2003-09-26,
2003-09-27,
2003-09-28,
2003-09-29,0.17293353
2003-09-30,0.14959568
2003-10-01,0.19527918
2003-10-02,
2003-10-03,0.2186922
2003-10-04,
2003-10-05,
2003-10-06,0.18987298
2003-10-07,
2003-10-08,0.16548458
2003-10-09,
2003-10-10,0.1894919
2003-10-11,
2003-10-12,
2003-10-13,
2003-10-14,
2003-10-15,0.15200128
2003-10-16,
2003-10-17,0.1327027
2003-10-18,
2003-10-19,0.17109211
2003-10-20,
2003-10-21,
2003-10-22,0.17643315
2003-10-23,0.1464352
2003-10-24,0.14589019
2003-10-25,0.15262184
2003-10-26,0.15390612
2003-10-27,
2003-10-28,0.13399959
2003-10-29,
2003-10-30,
2003-10-31,0.13997631
2003-11-01,0.13159244
2003-11-02,0.1621476
2003-11-03,
2003-11-04,0.20432794
2003-11-05,
2003-11-06,
2003-11-07,0.1701466
2003-11-08,
2003-11-09,0.20302714
2003-11-10,
2003-11-11,0.1823661
2003-11-12,
2003-11-13,
2003-11-14,
2003-11-15,
2003-11-16,0.20336328
2003-11-17,
2003-11-18,0.20914404
2003-11-19,
2003-11-20,0.19649275
2003-11-21,
2003-11-22,
2003-11-23,0.2202194
2003-11-24,0.18026301
2003-11-25,0.20509164
2003-11-26,0.1936037
2003-11-27,0.1886252
2003-11-28,
2003-11-29,0.18354075
2003-11-30,
2003-12-01,
2003-12-02,0.23920391
2003-12-03,0.20436859
2003-12-04,
2003-12-05,
2003-12-06,0.19746713
2003-12-07,
2003-12-08,
2003-12-09,0.20168048
2003-12-10,0.2188849
2003-12-11,
2003-12-12,0.17230664
2003-12-13,0.18574785
2003-12-14,
2003-12-15,
2003-12-16,
2003-12-17,
2003-12-18,0.20714682
2003-12-19,0.16300723
2003-12-20,0.19763762
2003-12-21,
2003-12-22,
2003-12-23,
2003-12-24,
2003-12-25,
2003-12-26,
2003-12-27,0.2213114
2003-12-28,0.17763913
2003-12-29,0.2002756
2003-12-30,
2003-12-31,0.2310364
2004-01-01,
2004-01-02,
2004-01-03,
2004-01-04,
2004-01-05,
2004-01-06,
2004-01-07,
2004-01-08,
2004-01-09,
2004-01-10,
2004-01-11,
2004-01-12,0.21279542
2004-01-13,0.18483055
2004-01-14,0.20096825
2004-01-15,
2004-01-16,
2004-01-17,
2004-01-18,
2004-01-19,0.1625435
2004-01-20,0.18879162
2004-01-21,0.18018511
2004-01-22,
2004-01-23,0.1966693
2004-01-24,
2004-01-25,
2004-01-26,
2004-01-27,0.13259463
2004-01-28,0.16336179
2004-01-29,
2004-01-30,0.17799115
2004-01-31,
2004-02-01,
2004-02-02,
2004-02-03,
2004-02-04,0.17296031
2004-02-05,0.15276091
2004-02-06,0.16437858
2004-02-07,
2004-02-08,0.18384469
2004-02-09,
2004-02-10,
2004-02-11,0.19652703
2004-02-12,0.18902476
2004-02-13,0.2207554
2004-02-14,0.19203073
2004-02-15,0.18932433
2004-02-16,
2004-02-17,
2004-02-18,
2004-02-19,
2004-02-20,0.17408393
2004-02-21,0.14267512
2004-02-22,
2004-02-23,
2004-02-24,0.17655048
2004-02-25,
2004-02-26,
2004-02-27,0.2172194
2004-02-28,0.14756647
2004-02-29,
2004-03-01,0.21277954
2004-03-02,0.2349684
2004-03-03,
2004-03-04,
2004-03-05,
2004-03-06,
2004-03-07,
2004-03-08,
2004-03-09,0.20202674
2004-03-10,
2004-03-11,0.23652647
2004-03-12,
2004-03-13,
2004-03-14,0.17782071
2004-03-15,
2004-03-16,0.18511376
2004-03-17,0.17050144
2004-03-18,0.19878615
2004-03-19,
2004-03-20,
2004-03-21,
2004-03-22,
2004-03-23,
2004-03-24,0.2266542
2004-03-25,0.2048217
2004-03-26,
2004-03-27,0.2238884
2004-03-28,
2004-03-29,
2004-03-30,0.15478396
2004-03-31,0.14802904
2004-04-01,0.15725784
2004-04-02,
2004-04-03,0.17753126
2004-04-04,
2004-04-05,
2004-04-06,
2004-04-07,
2004-04-08,0.22203116
2004-04-09,0.14547002
2004-04-10,0.20436761
2004-04-11,
2004-04-12,0.22166564
2004-04-13,
2004-04-14,
2004-04-15,0.19593823
2004-04-16,0.16901734
2004-04-17,0.17556795
2004-04-18,
2004-04-19,0.21469717
2004-04-20,
2004-04-21,
2004-04-22,
2004-04-23,0.25957584
2004-04-24,0.21562155
2004-04-25,0.22156617
2004-04-26,0.22719249
2004-04-27,
2004-04-28,0.19769078
2004-04-29,
2004-04-30,
2004-05-01,0.1633387
2004-05-02,
2004-05-03,0.1988945
2004-05-04,0.17121018
2004-05-05,
2004-05-06,
2004-05-07,
2004-05-08,
2004-05-09,0.22581339
2004-05-10,0.17393528
2004-05-11,0.10239635
2004-05-12,0.1714981
2004-05-13,
2004-05-14,0.18383776
2004-05-15,
2004-05-16,
2004-05-17,0.19643225
2004-05-18,0.17912649
2004-05-19,0.16554284
2004-05-20,0.14918794
2004-05-21,0.17962039
2004-05-22,
2004-05-23,0.17617835
2004-05-24,
2004-05-25,0.182402
2004-05-26,0.18782309
2004-05-27,0.20335789
2004-05-28,0.19897975
2004-05-29,
2004-05-30,
2004-05-31,
2004-06-01,
2004-06-02,0.16935542
2004-06-03,0.19292384
2004-06-04,0.17519253
2004-06-05,0.1994806
2004-06-06,0.201828
2004-06-07,
2004-06-08,
2004-06-09,
2004-06-10,0.18670598
2004-06-11,0.1822782
2004-06-12,0.17322518
2004-06-13,0.20229517
2004-06-14,
2004-06-15,0.21276827
2004-06-16,
2004-06-17,0.19409548
2004-06-18,0.16986074
2004-06-19,0.16824532
2004-06-20,0.19065142
2004-06-21,0.18061034
2004-06-22,0.18778226
2004-06-23,
2004-06-24,
2004-06-25,
2004-06-26,0.20566227
2004-06-27,0.21888344
2004-06-28,
2004-06-29,
2004-06-30,
2004-07-01,0.22857422
2004-07-02,
2004-07-03,0.2633053
2004-07-04,0.21356817
2004-07-05,0.21593854
2004-07-06,0.20339656
2004-07-07,0.1995492
2004-07-08,0.18297212
2004-07-09,
2004-07-10,0.16445743
2004-07-11,
2004-07-12,0.19852842
2004-07-13,0.27361435
2004-07-14,0.2446982
2004-07-15,0.2286447
2004-07-16,
2004-07-17,0.23716
2004-07-18,
2004-07-19,0.17838548
2004-07-20,0.22543277
2004-07-21,0.15290774
2004-07-22,0.15057138
2004-07-23,0.1644159
2004-07-24,0.18137021
2004-07-25,
2004-07-26,
2004-07-27,
2004-07-28,
2004-07-29,
2004-07-30,0.18133599
2004-07-31,
2004-08-01,
2004-08-02,0.25403345
2004-08-03,
2004-08-04,
2004-08-05,
2004-08-06,0.15082045
2004-08-07,0.16583861
2004-08-08,0.16840696
2004-08-09,0.19617397
2004-08-10,
2004-08-11,
2004-08-12,
2004-08-13,0.20186289
2004-08-14,0.2498103
2004-08-15,0.20652235
2004-08-16,0.2354217
2004-08-17,
2004-08-18,
2004-08-19,
2004-08-20,
2004-08-21,0.24860679
2004-08-22,0.23127383
2004-08-23,0.19100398
2004-08-24,0.17847711
2004-08-25,0.18564655
2004-08-26,
2004-08-27,
2004-08-28,
2004-08-29,
2004-08-30,0.16908862
2004-08-31,0.16787072
2004-09-01,0.17735957
2004-09-02,
2004-09-03,0.17263466
2004-09-04,
2004-09-05,
2004-09-06,0.18057261
2004-09-07,0.16177344
2004-09-08,0.18829519
2004-09-09,0.15820098
2004-09-10,0.18572539
2004-09-11,
2004-09-12,
2004-09-13,
2004-09-14,
2004-09-15,0.18598348
2004-09-16,
2004-09-17,0.20110576
2004-09-18,
2004-09-19,0.18145567
2004-09-20,
2004-09-21,
2004-09-22,0.21681568
2004-09-23,
2004-09-24,0.18399072
2004-09-25,0.1719753
2004-09-26,0.18845975
2004-09-27,
2004-09-28,
2004-09-29,
2004-09-30,
2004-10-01,
2004-10-02,0.18940271
2004-10-03,0.19367248
2004-10-04,
2004-10-05,0.19450785
2004-10-06,
2004-10-07,
2004-10-08,0.16738407
2004-10-09,
2004-10-10,0.17768982
2004-10-11,0.15738218
2004-10-12,0.18186943
2004-10-13,
2004-10-14,0.24186863
2004-10-15,
2004-10-16,
2004-10-17,0.18782723
2004-10-18,0.17009772
2004-10-19,0.18855667
2004-10-20,
2004-10-21,0.16162325
2004-10-22,
2004-10-23,
2004-10-24,0.20081547
2004-10-25,0.19837348
2004-10-26,0.17098936
2004-10-27,0.20696609
2004-10-28,0.24866182
2004-10-29,
2004-10-30,
2004-10-31,
2004-11-01,
2004-11-02,0.23258957
2004-11-03,0.21428801
2004-11-04,0.20598039
2004-11-05,
2004-11-06,0.21688189
2004-11-07,
2004-11-08,
2004-11-09,0.19971845
2004-11-10,
2004-11-11,0.19878428
2004-11-12,0.23316377
2004-11-13,0.25054178
2004-11-14,
2004-11-15,0.25838438
2004-11-16,
2004-11-17,0.17110683
2004-11-18,0.17916737
2004-11-19,0.16092874
2004-11-20,0.14293846
2004-11-21,
2004-11-22,0.13426349
2004-11-23,
2004-11-24,
2004-11-25,0.1759554
2004-11-26,
2004-11-27,
2004-11-28,0.18788117
2004-11-29,0.20572866
2004-11-30,
2004-12-01,0.23480879
2004-12-02,
2004-12-03,
2004-12-04,0.16688211
2004-12-05,0.16207676
2004-12-06,0.18740873
2004-12-07,
2004-12-08,
2004-12-09,
2004-12-10,
2004-12-11,0.17464378
2004-12-12,0.1621668
2004-12-13,0.20717104
2004-12-14,0.24095586
2004-12-15,0.20021556
2004-12-16,
2004-12-17,0.20751381
2004-12-18,
2004-12-19,0.17182232
2004-12-20,0.18990023
2004-12-21,0.15890887
2004-12-22,0.14674391
2004-12-23,
2004-12-24,0.17627846
2004-12-25,
2004-12-26,
2004-12-27,0.15293549
2004-12-28,0.1284554
2004-12-29,0.14067502
2004-12-30,0.10467989
2004-12-31,0.16647148
2005-01-01,
2005-01-02,
2005-01-03,
2005-01-04,
2005-01-05,0.17393152
2005-01-06,0.19569415
2005-01-07,0.19270319
2005-01-08,
2005-01-09,0.19471805
2005-01-10,
2005-01-11,
2005-01-12,0.19713677
2005-01-13,0.19616564
2005-01-14,0.17482279
2005-01-15,0.19036189
2005-01-16,0.20495377
2005-01-17,
2005-01-18,
2005-01-19,
2005-01-20,
2005-01-21,0.19083579
2005-01-22,0.18846914
2005-01-23,0.16459735
2005-01-24,
2005-01-25,
2005-01-26,
2005-01-27,
2005-01-28,0.1638671
2005-01-29,0.1358517
2005-01-30,0.16658564
2005-01-31,0.17917305
2005-02-01,0.18349051
2005-02-02,
2005-02-03,
2005-02-04,
2005-02-05,
2005-02-06,
2005-02-07,0.16314022
2005-02-08,
2005-02-09,
2005-02-10,
2005-02-11,
2005-02-12,
2005-02-13,
2005-02-14,
2005-02-15,0.16874994
2005-02-16,
2005-02-17,0.16802074
2005-02-18,
2005-02-19,
2005-02-20,
2005-02-21,
2005-02-22,
2005-02-23,0.19944994
2005-02-24,0.20645802
2005-02-25,
2005-02-26,
2005-02-27,
2005-02-28,
2005-03-01,
2005-03-02,
2005-03-03,
2005-03-04,0.15377972
2005-03-05,
2005-03-06,
2005-03-07,
2005-03-08,
2005-03-09,
2005-03-10,0.1723745
2005-03-11,0.15655535
2005-03-12,0.18898076
2005-03-13,
2005-03-14,0.22931974
2005-03-15,
2005-03-16,
2005-03-17,0.16134009
2005-03-18,
2005-03-19,0.15789485
2005-03-20,0.16409966
2005-03-21,0.18106359
2005-03-22,
2005-03-23,
2005-03-24,
2005-03-25,
2005-03-26,0.1756189
2005-03-27,0.17991392
2005-03-28,0.16740723
2005-03-29,
2005-03-30,0.17053784
2005-03-31,
2005-04-01,
2005-04-02,0.17052877
2005-04-03,0.17001416
2005-04-04,0.17047334
2005-04-05,0.17050688
2005-04-06,0.15961164
2005-04-07,
2005-04-08,
2005-04-09,
2005-04-10,
2005-04-11,0.18198562
2005-04-12,0.14793468
2005-04-13,0.16873817
2005-04-14,
2005-04-15,0.17852363
2005-04-16,
2005-04-17,
2005-04-18,
2005-04-19,0.1342073
2005-04-20,0.14521877
2005-04-21,0.13520747
2005-04-22,0.1621862
2005-04-23,
2005-04-24,
2005-04-25,
2005-04-26,0.16061285
2005-04-27,0.18434949
2005-04-28,0.1570999
2005-04-29,0.17126392
2005-04-30,
2005-05-01,0.20897436
2005-05-02,
2005-05-03,
2005-05-04,0.20102978
2005-05-05,0.165308
2005-05-06,0.17072988
2005-05-07,
2005-05-08,0.17740932
2005-05-09,
2005-05-10,
2005-05-11,
2005-05-12,0.15181002
2005-05-13,0.1471
2005-05-14,0.16603336
2005-05-15,0.14777692
2005-05-16,
2005-05-17,0.15974946
2005-05-18,
2005-05-19,0.1359426
2005-05-20,0.16218358
2005-05-21,
2005-05-22,0.17910814
2005-05-23,0.19147548
2005-05-24,0.19102156
2005-05-25,
2005-05-26,0.23652956
2005-05-27,
2005-05-28,0.25961474
2005-05-29,0.25670308
2005-05-30,0.23961274
2005-05-31,0.21873839
2005-06-01,
2005-06-02,0.18263668
2005-06-03,
2005-06-04,
2005-06-05,0.19262631
2005-06-06,0.17914641
2005-06-07,0.1860794
2005-06-08,0.18495296
2005-06-09,0.18688719
2005-06-10,
2005-06-11,0.20273252
2005-06-12,
2005-06-13,0.19203468
2005-06-14,0.20874414
2005-06-15,0.19097178
2005-06-16,0.18520357
2005-06-17,
2005-06-18,0.19647901
2005-06-19,
2005-06-20,0.18677706
2005-06-21,0.15072192
2005-06-22,0.21329327
2005-06-23,0.18626013
2005-06-24,
2005-06-25,0.19825864
2005-06-26,
2005-06-27,
2005-06-28,
2005-06-29,0.18541873
2005-06-30,0.20729679
2005-07-01,0.18147755
2005-07-02,0.1924989
2005-07-03,
2005-07-04,0.19855227
2005-07-05,
2005-07-06,0.17141218
2005-07-07,
2005-07-08,0.18624261
2005-07-09,0.19135936
2005-07-10,0.18145001
2005-07-11,0.15393594
2005-07-12,
2005-07-13,
2005-07-14,
2005-07-15,0.18106614
2005-07-16,0.18975422
2005-07-17,0.20717
2005-07-18,0.1970721
2005-07-19,
2005-07-20,0.20878917
2005-07-21,
2005-07-22,
2005-07-23,0.22749677
2005-07-24,0.1977357
2005-07-25,0.17444184
2005-07-26,0.23926395
2005-07-27,0.23769313
2005-07-28,
2005-07-29,
2005-07-30,
2005-07-31,0.23892906
2005-08-01,0.19568507
2005-08-02,0.23542549
2005-08-03,0.24247971
2005-08-04,
2005-08-05,0.27917603
2005-08-06,
2005-08-07,
2005-08-08,0.23167895
2005-08-09,0.21465208
2005-08-10,0.21052554
2005-08-11,0.18624218
2005-08-12,0.176954
2005-08-13,
2005-08-14,
2005-08-15,
2005-08-16,0.16672668
2005-08-17,0.19134267
2005-08-18,0.16577353
2005-08-19,0.17629948
2005-08-20,
2005-08-21,0.16695714
2005-08-22,
2005-08-23,
2005-08-24,
2005-08-25,0.20078412
2005-08-26,0.1964079
2005-08-27,0.19962718
2005-08-28,0.16225632
2005-08-29,
2005-08-30,
2005-08-31,
2005-09-01,
2005-09-02,0.1738616
2005-09-03,0.17436858
2005-09-04,0.19383375
2005-09-05,
2005-09-06,
2005-09-07,
2005-09-08,
2005-09-09,0.19774184
2005-09-10,0.13536544
2005-09-11,0.21247675
2005-09-12,0.17681152
2005-09-13,0.19989166
2005-09-14,
2005-09-15,
2005-09-16,
2005-09-17,
2005-09-18,0.19390552
2005-09-19,0.17917092
2005-09-20,0.19680111
2005-09-21,
2005-09-22,0.19578005
2005-09-23,
2005-09-24,
2005-09-25,0.21057743
2005-09-26,
2005-09-27,0.2128611
2005-09-28,0.26331404
2005-09-29,0.24894163
2005-09-30,
2005-10-01,
2005-10-02,
2005-10-03,
2005-10-04,0.21661331
2005-10-05,0.18671282
2005-10-06,0.1877139
2005-10-07,
2005-10-08,0.21246584
2005-10-09,
2005-10-10,
2005-10-11,0.21147752
2005-10-12,
2005-10-13,0.19159867
2005-10-14,0.17062289
2005-10-15,0.20378889
2005-10-16,
2005-10-17,
2005-10-18,
2005-10-19,
2005-10-20,0.17406882
2005-10-21,
2005-10-22,0.14889148
2005-10-23,
2005-10-24,
2005-10-25,
2005-10-26,
2005-10-27,0.20582907
2005-10-28,
2005-10-29,0.20782843
2005-10-30,
2005-10-31,0.17444065
2005-11-01,
2005-11-02,
2005-11-03,
2005-11-04,
2005-11-05,
2005-11-06,
2005-11-07,0.18668734
2005-11-08,
2005-11-09,
2005-11-10,
2005-11-11,
2005-11-12,
2005-11-13,0.22990389
2005-11-14,0.2273412
2005-11-15,0.18746085
2005-11-16,0.23286012
2005-11-17,
2005-11-18,
2005-11-19,
2005-11-20,
2005-11-21,0.22713524
2005-11-22,0.21296568
2005-11-23,0.22380833
2005-11-24,
2005-11-25,0.23790313
2005-11-26,
2005-11-27,
2005-11-28,0.113375425
2005-11-29,
2005-11-30,0.17512916
2005-12-01,0.19750766
2005-12-02,0.18538374
2005-12-03,
2005-12-04,0.21020254
2005-12-05,
2005-12-06,
2005-12-07,0.19502692
2005-12-08,0.17578682
2005-12-09,
2005-12-10,
2005-12-11,0.22483197
2005-12-12,
2005-12-13,
2005-12-14,0.1775453
2005-12-15,
2005-12-16,
2005-12-17,
2005-12-18,0.21021008
2005-12-19,
2005-12-20,
2005-12-21,
2005-12-22,
2005-12-23,0.17884327
2005-12-24,0.20720284
2005-12-25,0.19307323
2005-12-26,
2005-12-27,0.20639464
2005-12-28,
2005-12-29,
2005-12-30,0.25642717
2005-12-31,0.24701633
2006-01-01,0.25144908
2006-01-02,0.23341292
2006-01-03,0.23234928
2006-01-04,
2006-01-05,
2006-01-06,
2006-01-07,
2006-01-08,0.19375359
2006-01-09,0.15298608
2006-01-10,0.22580639
2006-01-11,
2006-01-12,0.27617067
2006-01-13,
2006-01-14,
2006-01-15,0.27855748
2006-01-16,0.24130139
2006-01-17,0.23023024
2006-01-18,0.18948147
2006-01-19,0.24051374
2006-01-20,
2006-01-21,
2006-01-22,
2006-01-23,0.18716274
2006-01-24,
2006-01-25,0.21165116
2006-01-26,0.21546857
2006-01-27,
2006-01-28,0.1801789
2006-01-29,
2006-01-30,
2006-01-31,0.21213831
2006-02-01,0.18478146
2006-02-02,0.2145201
2006-02-03,0.20695023
2006-02-04,
2006-02-05,
2006-02-06,
2006-02-07,
2006-02-08,
2006-02-09,
2006-02-10,0.18512297
2006-02-11,0.21117102
2006-02-12,
2006-02-13,0.20146644
2006-02-14,
2006-02-15,
2006-02-16,0.21805559
2006-02-17,0.1764081
2006-02-18,0.22579943
2006-02-19,
2006-02-20,0.24467336
2006-02-21,
2006-02-22,
2006-02-23,
2006-02-24,
2006-02-25,0.22554527
2006-02-26,0.21211675
2006-02-27,0.20908318
2006-02-28,
2006-03-01,0.21876821
2006-03-02,
2006-03-03,
2006-03-04,0.19435768
2006-03-05,
2006-03-06,0.16049188
2006-03-07,0.16365656
2006-03-08,0.18368366
2006-03-09,
2006-03-10,
2006-03-11,
2006-03-12,
2006-03-13,0.18604589
2006-03-14,0.1792487
2006-03-15,0.19607702
2006-03-16,
2006-03-17,0.21832967
2006-03-18,
2006-03-19,
2006-03-20,0.19936104
2006-03-21,0.15552384
2006-03-22,0.18981259
2006-03-23,0.17586422
2006-03-24,0.19355157
2006-03-25,
2006-03-26,
2006-03-27,
2006-03-28,
2006-03-29,0.1495785
2006-03-30,0.1572032
2006-03-31,0.16848262
2006-04-01,
2006-04-02,0.21047407
2006-04-03,
2006-04-04,
2006-04-05,
2006-04-06,0.15085495
2006-04-07,0.16453928
2006-04-08,0.17904681
2006-04-09,0.17766054
2006-04-10,
2006-04-11,
2006-04-12,
2006-04-13,
2006-04-14,0.16946213
2006-04-15,0.15002164
2006-04-16,0.15666431
2006-04-17,
2006-04-18,0.16883384
2006-04-19,
2006-04-20,
2006-04-21,0.18257822
2006-04-22,
2006-04-23,0.16516203
2006-04-24,0.16747198
2006-04-25,0.1891517
2006-04-26,
2006-04-27,
2006-04-28,
2006-04-29,
2006-04-30,0.19779806
2006-05-01,0.1698443
2006-05-02,0.18962063
2006-05-03,
2006-05-04,0.17934398
2006-05-05,
2006-05-06,
2006-05-07,0.1848417
2006-05-08,0.16153179
2006-05-09,0.16550964
2006-05-10,0.16414206
2006-05-11,0.15484262
2006-05-12,
2006-05-13,0.16646893
2006-05-14,
2006-05-15,0.1730844
2006-05-16,0.18073845
2006-05-17,0.1823624
2006-05-18,0.16233926
2006-05-19,
2006-05-20,0.17523693
2006-05-21,
2006-05-22,
2006-05-23,0.21605103
2006-05-24,0.20796357
2006-05-25,0.21575618
2006-05-26,0.17546302
2006-05-27,0.19466631
2006-05-28,
2006-05-29,0.16402029
2006-05-30,
2006-05-31,0.17776735
2006-06-01,
2006-06-02,0.17921287
2006-06-03,0.19646452
2006-06-04,
2006-06-05,0.18946238
2006-06-06,
2006-06-07,0.19321844
2006-06-08,0.19565116
2006-06-09,0.17490824
2006-06-10,0.17430806
2006-06-11,0.170396
2006-06-12,0.18689747
2006-06-13,
2006-06-14,
2006-06-15,
2006-06-16,0.16798258
2006-06-17,0.19589575
2006-06-18,0.19319831
2006-06-19,0.18277092
2006-06-20,
2006-06-21,0.2077608
2006-06-22,
2006-06-23,0.17727995
2006-06-24,0.18438786
2006-06-25,0.16980417
2006-06-26,0.18635118
2006-06-27,
2006-06-28,0.17285457
2006-06-29,
2006-06-30,
2006-07-01,
2006-07-02,0.19040833
2006-07-03,
2006-07-04,0.15903226
2006-07-05,0.19166778
2006-07-06,
2006-07-07,0.18847544
2006-07-08,
2006-07-09,0.15688433
2006-07-10,0.21955658
2006-07-11,0.17723183
2006-07-12,0.17843045
2006-07-13,0.17169625
2006-07-14,0.17251979
2006-07-15,
2006-07-16,
2006-07-17,
2006-07-18,0.1994009
2006-07-19,0.2020214
2006-07-20,
2006-07-21,0.18218647
2006-07-22,
2006-07-23,0.20331979
2006-07-24,
2006-07-25,0.18461168
2006-07-26,0.19014835
2006-07-27,0.18705544
2006-07-28,0.19775291
2006-07-29,0.21543148
2006-07-30,0.20692913
2006-07-31,
2006-08-01,
2006-08-02,
2006-08-03,
2006-08-04,
2006-08-05,0.1620084
2006-08-06,0.16805354
2006-08-07,
2006-08-08,0.15926719
2006-08-09,
2006-08-10,
2006-08-11,
2006-08-12,0.14865148
2006-08-13,0.20093171
2006-08-14,0.20740804
2006-08-15,0.20681545
2006-08-16,
2006-08-17,
2006-08-18,
2006-08-19,0.17959774
2006-08-20,0.18981625
2006-08-21,0.17577393
2006-08-22,0.19135621
2006-08-23,
2006-08-24,0.17953973
2006-08-25,
2006-08-26,
2006-08-27,0.1769873
2006-08-28,0.14821893
2006-08-29,0.1619261
2006-08-30,0.1655409
2006-08-31,0.19448304
2006-09-01,
2006-09-02,
2006-09-03,
2006-09-04,
2006-09-05,0.15608934
2006-09-06,0.14768934
2006-09-07,0.17580605
2006-09-08,
2006-09-09,0.1572153
2006-09-10,
2006-09-11,
2006-09-12,0.16867493
2006-09-13,
2006-09-14,0.13325088
2006-09-15,0.1794109
2006-09-16,0.17737344
2006-09-17,
2006-09-18,
2006-09-19,
2006-09-20,
2006-09-21,0.16912515
2006-09-22,0.1515825
2006-09-23,0.15504444
2006-09-24,
2006-09-25,0.19155273
2006-09-26,
2006-09-27,
2006-09-28,
2006-09-29,
2006-09-30,0.16426367
2006-10-01,0.15222839
2006-10-02,0.19135799
2006-10-03,
2006-10-04,
2006-10-05,
2006-10-06,
2006-10-07,0.16262214
2006-10-08,0.16214718
2006-10-09,0.19151133
2006-10-10,
2006-10-11,0.15304677
2006-10-12,
2006-10-13,
2006-10-14,0.13250053
2006-10-15,0.11722807
2006-10-16,0.08302177
2006-10-17,
2006-10-18,
2006-10-19,
2006-10-20,
2006-10-21,
2006-10-22,
2006-10-23,0.13613282
2006-10-24,0.1451508
2006-10-25,0.15050618
2006-10-26,
2006-10-27,0.13350055
2006-10-28,
2006-10-29,
2006-10-30,0.13702969
2006-10-31,
2006-11-01,0.16090655
2006-11-02,0.15570644
2006-11-03,0.15508686
2006-11-04,
2006-11-05,
2006-11-06,
2006-11-07,
2006-11-08,0.16478331
2006-11-09,0.13857333
2006-11-10,0.12744638
2006-11-11,
2006-11-12,0.153132
2006-11-13,
2006-11-14,
2006-11-15,
2006-11-16,0.1212072
2006-11-17,0.117415786
2006-11-18,
2006-11-19,0.11533242
2006-11-20,
2006-11-21,0.1519667
2006-11-22,
2006-11-23,
2006-11-24,0.10318956
2006-11-25,0.10504724
2006-11-26,0.07287939
2006-11-27,
2006-11-28,0.10429288
2006-11-29,
2006-11-30,
2006-12-01,
2006-12-02,
2006-12-03,
2006-12-04,
2006-12-05,
2006-12-06,
2006-12-07,0.15124092
2006-12-08,
2006-12-09,0.12373681
2006-12-10,
2006-12-11,0.1528938
2006-12-12,0.16173269
2006-12-13,
2006-12-14,0.15854408
2006-12-15,
2006-12-16,
2006-12-17,0.16841245
2006-12-18,
2006-12-19,0.17242078
2006-12-20,0.14376
2006-12-21,
2006-12-22,
2006-12-23,
2006-12-24,
2006-12-25,
2006-12-26,
2006-12-27,
2006-12-28,0.17643942
2006-12-29,
2006-12-30,
2006-12-31,
2007-01-01,
2007-01-02,0.19693944
2007-01-03,0.16878192
2007-01-04,0.15659142
2007-01-05,
2007-01-06,0.16390385
2007-01-07,
2007-01-08,0.19668378
2007-01-09,
2007-01-10,
2007-01-11,0.15732197
2007-01-12,0.15259594
2007-01-13,
2007-01-14,
2007-01-15,0.17589991
2007-01-16,
2007-01-17,
2007-01-18,
2007-01-19,0.13583182
2007-01-20,
2007-01-21,
2007-01-22,0.14423041
2007-01-23,
2007-01-24,
2007-01-25,
2007-01-26,
2007-01-27,
2007-01-28,0.16745782
2007-01-29,0.18771608
2007-01-30,
2007-01-31,0.15768866
2007-02-01,
2007-02-02,
2007-02-03,0.1505509
2007-02-04,0.17117845
2007-02-05,0.18046004
2007-02-06,0.17091557
2007-02-07,0.16593064
2007-02-08,
2007-02-09,
2007-02-10,
2007-02-11,
2007-02-12,0.17153065
2007-02-13,0.16631941
2007-02-14,0.16988985
2007-02-15,
2007-02-16,0.15929136
2007-02-17,
2007-02-18,
2007-02-19,
2007-02-20,
2007-02-21,0.17830807
2007-02-22,0.15902318
2007-02-23,0.1570898
2007-02-24,
2007-02-25,
2007-02-26,
2007-02-27,
2007-02-28,0.22157638
2007-03-01,0.14730027
2007-03-02,0.20423049
2007-03-03,
2007-03-04,0.18886891
2007-03-05,
2007-03-06,
2007-03-07,0.13315228
2007-03-08,
2007-03-09,0.15881231
2007-03-10,0.14805849
2007-03-11,0.18640006
2007-03-12,
2007-03-13,
2007-03-14,
2007-03-15,
2007-03-16,0.19741318
2007-03-17,
2007-03-18,0.15010358
2007-03-19,
2007-03-20,0.17453152
2007-03-21,
2007-03-22,
2007-03-23,0.15142046
2007-03-24,
2007-03-25,0.17226912
2007-03-26,0.15417174
2007-03-27,0.19392878
2007-03-28,
2007-03-29,
2007-03-30,
2007-03-31,
2007-04-01,0.22240558
2007-04-02,0.17031762
2007-04-03,0.13971888
2007-04-04,
2007-04-05,0.20978354
2007-04-06,
2007-04-07,
2007-04-08,
2007-04-09,
2007-04-10,0.19210093
2007-04-11,0.16497743
2007-04-12,0.21170169
2007-04-13,
2007-04-14,
2007-04-15,
2007-04-16,
2007-04-17,0.14172587
2007-04-18,0.1572724
2007-04-19,0.21661592
2007-04-20,
2007-04-21,0.23035161
2007-04-22,
2007-04-23,
2007-04-24,0.19515932
2007-04-25,0.1996442
2007-04-26,0.19260736
2007-04-27,0.17248048
2007-04-28,0.1843602
2007-04-29,
2007-04-30,
2007-05-01,
2007-05-02,0.20653665
2007-05-03,0.20315103
2007-05-04,0.17882633
2007-05-05,0.20050997
2007-05-06,
2007-05-07,
2007-05-08,
2007-05-09,
2007-05-10,0.20899782
2007-05-11,0.18133423
2007-05-12,0.21501842
2007-05-13,0.2075505
2007-05-14,0.19252586
2007-05-15,
2007-05-16,
2007-05-17,
2007-05-18,0.16194
2007-05-19,0.22506607
2007-05-20,0.21105832
2007-05-21,0.19077183
2007-05-22,
2007-05-23,0.21542923
2007-05-24,
2007-05-25,0.16578513
2007-05-26,0.16304123
2007-05-27,0.1759102
2007-05-28,0.19601941
2007-05-29,0.18309623
2007-05-30,0.1919068
2007-05-31,
2007-06-01,
2007-06-02,
2007-06-03,0.18642594
2007-06-04,0.18166883
2007-06-05,0.18683824
2007-06-06,0.19411258
2007-06-07,
2007-06-08,0.19778253
2007-06-09,
2007-06-10,0.21340314
2007-06-11,
2007-06-12,0.18986034
2007-06-13,0.19647762
2007-06-14,
2007-06-15,0.19836743
2007-06-16,
2007-06-17,
2007-06-18,
2007-06-19,0.2037171
2007-06-20,0.21664004
2007-06-21,0.19820622
2007-06-22,0.22646564
2007-06-23,
2007-06-24,0.2176411
2007-06-25,
2007-06-26,
2007-06-27,0.1844661
2007-06-28,0.22158045
2007-06-29,0.23969899
2007-06-30,0.26026222
2007-07-01,0.20801488
2007-07-02,
2007-07-03,
2007-07-04,
2007-07-05,0.19386007
2007-07-06,0.23630749
2007-07-07,0.20571527
2007-07-08,0.21127945
2007-07-09,
2007-07-10,0.2038984
2007-07-11,
2007-07-12,0.18322259
2007-07-13,0.1773255
2007-07-14,0.18491356
2007-07-15,0.1793416
2007-07-16,0.15115476
2007-07-17,0.18219091
2007-07-18,
2007-07-19,
2007-07-20,
2007-07-21,0.18488911
2007-07-22,0.21353343
2007-07-23,0.22009175
2007-07-24,0.19358137
2007-07-25,
2007-07-26,0.19705436
2007-07-27,
2007-07-28,
2007-07-29,0.21096879
2007-07-30,0.16244207
2007-07-31,
2007-08-01,0.20654099
2007-08-02,0.21383147
2007-08-03,
2007-08-04,
2007-08-05,
2007-08-06,
2007-08-07,0.17567904
2007-08-08,0.19163729
2007-08-09,0.21788684
2007-08-10,
2007-08-11,0.22658437
2007-08-12,
2007-08-13,
2007-08-14,
2007-08-15,0.18279523
2007-08-16,0.20742102
2007-08-17,0.19910277
2007-08-18,0.22387227
2007-08-19,
2007-08-20,
2007-08-21,
2007-08-22,
2007-08-23,0.22358648
2007-08-24,0.20761196
2007-08-25,0.20970353
2007-08-26,
2007-08-27,0.21014376
2007-08-28,
2007-08-29,
2007-08-30,0.24784702
2007-08-31,0.21478978
2007-09-01,
2007-09-02,0.19763368
2007-09-03,0.23019715
2007-09-04,
2007-09-05,
2007-09-06,
2007-09-07,
2007-09-08,0.1498783
2007-09-09,0.14420314
2007-09-10,0.17601168
2007-09-11,
2007-09-12,0.22333683
2007-09-13,
2007-09-14,
2007-09-15,0.19332726
2007-09-16,
2007-09-17,0.18698263
2007-09-18,0.21760274
2007-09-19,0.23683915
2007-09-20,
2007-09-21,
2007-09-22,
2007-09-23,
2007-09-24,0.22279915
2007-09-25,0.19720282
2007-09-26,0.25809908
2007-09-27,
2007-09-28,0.23400971
2007-09-29,
2007-09-30,
2007-10-01,0.2632898
2007-10-02,
2007-10-03,0.24648309
2007-10-04,0.28627905
2007-10-05,0.22916518
2007-10-06,
2007-10-07,
2007-10-08,
2007-10-09,
2007-10-10,0.21151607
2007-10-11,0.19648592
2007-10-12,0.22401825
2007-10-13,
2007-10-14,0.24070196
2007-10-15,
2007-10-16,
2007-10-17,0.20570365
2007-10-18,
2007-10-19,0.20551206
2007-10-20,0.19200769
2007-10-21,0.2120172
2007-10-22,
2007-10-23,
2007-10-24,
2007-10-25,
2007-10-26,0.2227127
2007-10-27,0.18081248
2007-10-28,0.21236429
2007-10-29,
2007-10-30,0.21107063
2007-10-31,
2007-11-01,
2007-11-02,
2007-11-03,
2007-11-04,0.23967476
2007-11-05,
2007-11-06,0.21791703
2007-11-07,
2007-11-08,
2007-11-09,
2007-11-10,
2007-11-11,0.23735781
2007-11-12,
2007-11-13,0.22509305
2007-11-14,
2007-11-15,0.24155124
2007-11-16,
2007-11-17,
2007-11-18,0.238326
2007-11-19,0.21287453
2007-11-20,0.26280007
2007-11-21,
2007-11-22,0.2319638
2007-11-23,
2007-11-24,
2007-11-25,
2007-11-26,
2007-11-27,0.2094871
2007-11-28,0.21349612
2007-11-29,0.23687954
2007-11-30,
2007-12-01,
2007-12-02,
2007-12-03,
2007-12-04,0.1833359
2007-12-05,0.1614847
2007-12-06,0.17402957
2007-12-07,0.20938836
2007-12-08,0.16721962
2007-12-09,
2007-12-10,
2007-12-11,
2007-12-12,
2007-12-13,0.1820213
2007-12-14,
2007-12-15,0.17396998
2007-12-16,
2007-12-17,0.16837287
2007-12-18,
2007-12-19,
2007-12-20,0.18864426
2007-12-21,0.17471695
2007-12-22,0.18136963
2007-12-23,
2007-12-24,0.18624063
2007-12-25,
2007-12-26,
2007-12-27,
2007-12-28,
2007-12-29,0.21853481
2007-12-30,0.21674223
2007-12-31,0.23104264
2008-01-01,
2008-01-02,0.21871702
2008-01-03,
2008-01-04,
2008-01-05,0.23724386
2008-01-06,0.17153187
2008-01-07,0.23418649
2008-01-08,0.19710831
2008-01-09,0.20004426
2008-01-10,
2008-01-11,
2008-01-12,
2008-01-13,
2008-01-14,0.2982281
2008-01-15,0.26344565
2008-01-16,0.2586114
2008-01-17,
2008-01-18,0.2205057
2008-01-19,
2008-01-20,
2008-01-21,
2008-01-22,
2008-01-23,0.19427621
2008-01-24,0.18409044
2008-01-25,0.19023435
2008-01-26,
2008-01-27,
2008-01-28,
2008-01-29,
2008-01-30,0.29221976
2008-01-31,0.22382714
2008-02-01,
2008-02-02,
2008-02-03,0.21099615
2008-02-04,
2008-02-05,
2008-02-06,0.16044772
2008-02-07,0.15531163
2008-02-08,0.20128436
2008-02-09,0.21578513
2008-02-10,0.23344141
2008-02-11,
2008-02-12,
2008-02-13,
2008-02-14,
2008-02-15,0.18244217
2008-02-16,0.15655112
2008-02-17,0.1903597
2008-02-18,
2008-02-19,0.20150922
2008-02-20,
2008-02-21,
2008-02-22,0.2109122
2008-02-23,
2008-02-24,0.19968653
2008-02-25,0.16761078
2008-02-26,0.19234806
2008-02-27,
2008-02-28,
2008-02-29,
2008-03-01,
2008-03-02,0.22912575
2008-03-03,0.20952046
2008-03-04,0.20862019
2008-03-05,
2008-03-06,0.18109392
2008-03-07,
2008-03-08,
2008-03-09,0.1404964
2008-03-10,
2008-03-11,0.1862293
2008-03-12,0.18155196
2008-03-13,0.20414133
2008-03-14,
2008-03-15,
2008-03-16,
2008-03-17,
2008-03-18,0.19633134
2008-03-19,0.14068376
2008-03-20,0.17716333
2008-03-21,
2008-03-22,0.16497694
2008-03-23,
2008-03-24,
2008-03-25,
2008-03-26,0.15420978
2008-03-27,0.19281591
2008-03-28,0.17729214
2008-03-29,0.17066534
2008-03-30,
2008-03-31,
2008-04-01,
2008-04-02,
2008-04-03,0.14671375
2008-04-04,0.15046999
2008-04-05,0.15893964
2008-04-06,
2008-04-07,0.1792271
2008-04-08,
2008-04-09,
2008-04-10,0.18777256
2008-04-11,
2008-04-12,0.17433272
2008-04-13,0.157468
2008-04-14,0.16995548
2008-04-15,
2008-04-16,
2008-04-17,
2008-04-18,
2008-04-19,0.1595834
2008-04-20,0.15756993
2008-04-21,0.16829875
2008-04-22,
2008-04-23,0.14943416
2008-04-24,
2008-04-25,
2008-04-26,0.18068177
2008-04-27,0.18650547
2008-04-28,0.18697555
2008-04-29,0.20677933
2008-04-30,0.21325837
2008-05-01,
2008-05-02,
2008-05-03,
2008-05-04,0.16335756
2008-05-05,0.19440128
2008-05-06,0.21031544
2008-05-07,0.20444812
2008-05-08,
2008-05-09,0.22354299
2008-05-10,
2008-05-11,
2008-05-12,0.18526015
2008-05-13,0.16488081
2008-05-14,0.19242403
2008-05-15,0.20450291
2008-05-16,0.2161488
2008-05-17,
2008-05-18,
2008-05-19,
2008-05-20,0.1949781
2008-05-21,0.189926
2008-05-22,0.2045094
2008-05-23,0.18580423
2008-05-24,
2008-05-25,0.18593593
2008-05-26,
2008-05-27,
2008-05-28,
2008-05-29,0.16934311
2008-05-30,0.185434
2008-05-31,0.21153474
2008-06-01,0.19205384
2008-06-02,
2008-06-03,
2008-06-04,
2008-06-05,0.1767916
2008-06-06,0.19780831
2008-06-07,0.18161868
2008-06-08,0.18169329
2008-06-09,
2008-06-10,0.16941445
2008-06-11,
2008-06-12,
2008-06-13,0.17683662
2008-06-14,0.1755414
2008-06-15,0.1680274
2008-06-16,0.17874882
2008-06-17,0.20101249
2008-06-18,
2008-06-19,
2008-06-20,
2008-06-21,0.20325087
2008-06-22,0.21853796
2008-06-23,0.15361957
2008-06-24,0.20307337
2008-06-25,
2008-06-26,0.19441569
2008-06-27,
2008-06-28,
2008-06-29,0.16133407
2008-06-30,0.18169174
2008-07-01,0.17940073
2008-07-02,0.2119216
2008-07-03,0.22145887
2008-07-04,
2008-07-05,0.21439809
2008-07-06,
2008-07-07,0.16944265
2008-07-08,0.16474076
2008-07-09,0.15084998
2008-07-10,0.15848435
2008-07-11,
2008-07-12,0.18110028
2008-07-13,
2008-07-14,
2008-07-15,0.17825036
2008-07-16,0.16740601
2008-07-17,0.17240134
2008-07-18,0.17496037
2008-07-19,0.19654031
2008-07-20,
2008-07-21,
2008-07-22,
2008-07-23,0.21117085
2008-07-24,0.2109168
2008-07-25,0.18402953
2008-07-26,0.21344589
2008-07-27,
2008-07-28,0.20211771
2008-07-29,
2008-07-30,
2008-07-31,0.16436672
2008-08-01,0.17833233
2008-08-02,
2008-08-03,0.17869112
2008-08-04,0.19458783
2008-08-05,
2008-08-06,
2008-08-07,
2008-08-08,0.17532079
2008-08-09,0.15647955
2008-08-10,0.17724997
2008-08-11,0.17813452
2008-08-12,
2008-08-13,0.19012131
2008-08-14,
2008-08-15,
2008-08-16,0.16705169
2008-08-17,0.17409387
2008-08-18,0.1868525
2008-08-19,0.17162076
2008-08-20,0.19523598
2008-08-21,
2008-08-22,
2008-08-23,
2008-08-24,
2008-08-25,
2008-08-26,0.17116958
2008-08-27,0.18522885
2008-08-28,
2008-08-29,0.22234397
2008-08-30,
2008-08-31,
2008-09-01,0.2154066
2008-09-02,
2008-09-03,0.19249058
2008-09-04,0.15634839
2008-09-05,0.17015165
2008-09-06,
2008-09-07,
2008-09-08,
2008-09-09,
2008-09-10,
2008-09-11,0.17849465
2008-09-12,0.18263061
2008-09-13,
2008-09-14,0.18053734
2008-09-15,
2008-09-16,
2008-09-17,0.19590086
2008-09-18,0.16826193
2008-09-19,
2008-09-20,
2008-09-21,0.21151912
2008-09-22,
2008-09-23,
2008-09-24,
2008-09-25,
2008-09-26,0.16817357
2008-09-27,0.117137715
2008-09-28,0.1553631
2008-09-29,
2008-09-30,0.16595125
2008-10-01,
2008-10-02,
2008-10-03,0.10598617
2008-10-04,
2008-10-05,0.17110243
2008-10-06,
2008-10-07,0.16097099
2008-10-08,
2008-10-09,
2008-10-10,
2008-10-11,
2008-10-12,0.17219773
2008-10-13,0.18177448
2008-10-14,0.21696088
2008-10-15,
2008-10-16,0.21440691
2008-10-17,
2008-10-18,
2008-10-19,
2008-10-20,
2008-10-21,0.18086362
2008-10-22,
2008-10-23,0.20523743
2008-10-24,
2008-10-25,
2008-10-26,
2008-10-27,
2008-10-28,0.16887541
2008-10-29,
2008-10-30,0.17377028
2008-10-31,
2008-11-01,0.16377008
2008-11-02,
2008-11-03,
2008-11-04,0.14425948
2008-11-05,
2008-11-06,0.14149272
2008-11-07,0.14786527
2008-11-08,0.16072533
2008-11-09,
2008-11-10,
2008-11-11,
2008-11-12,
2008-11-13,0.17848891
2008-11-14,
2008-11-15,0.20177904
2008-11-16,
2008-11-17,0.1960446
2008-11-18,
2008-11-19,
2008-11-20,0.208098
2008-11-21,
2008-11-22,0.19805059
2008-11-23,0.17802325
2008-11-24,
2008-11-25,
2008-11-26,
2008-11-27,
2008-11-28,
2008-11-29,0.20460202
2008-11-30,0.20010622
2008-12-01,0.22324228
2008-12-02,
2008-12-03,0.2520267
2008-12-04,
2008-12-05,
2008-12-06,0.19979893
2008-12-07,0.17720003
2008-12-08,0.19087674
2008-12-09,
2008-12-10,0.187061
2008-12-11,
2008-12-12,
2008-12-13,
2008-12-14,
2008-12-15,
2008-12-16,0.19905283
2008-12-17,0.1888368
2008-12-18,
2008-12-19,0.20440002
2008-12-20,
2008-12-21,
2008-12-22,0.2310173
2008-12-23,0.21922448
2008-12-24,0.1835888
2008-12-25,
2008-12-26,0.2222107
2008-12-27,
2008-12-28,
2008-12-29,
2008-12-30,
2008-12-31,0.21411288
2009-01-01,0.21952005
2009-01-02,0.24206075
2009-01-03,
2009-01-04,0.25967273
2009-01-05,
2009-01-06,
2009-01-07,0.2389336
2009-01-08,0.25537902
2009-01-09,0.23030464
2009-01-10,0.23309106
2009-01-11,0.24968053
2009-01-12,
2009-01-13,
2009-01-14,
2009-01-15,
2009-01-16,0.19624479
2009-01-17,0.16604604
2009-01-18,0.20536199
2009-01-19,
2009-01-20,0.15743302
2009-01-21,
2009-01-22,
2009-01-23,0.18099713
2009-01-24,0.1546033
2009-01-25,0.21008097
2009-01-26,0.20486341
2009-01-27,0.24915953
2009-01-28,
2009-01-29,
2009-01-30,
2009-01-31,
2009-02-01,0.1875535
2009-02-02,0.13582155
2009-02-03,0.17745681
2009-02-04,
2009-02-05,0.18401043
2009-02-06,
2009-02-07,
2009-02-08,0.16025363
2009-02-09,
2009-02-10,0.19844685
2009-02-11,0.18783228
2009-02-12,0.19281325
2009-02-13,
2009-02-14,
2009-02-15,
2009-02-16,
2009-02-17,0.17812504
2009-02-18,0.18395002
2009-02-19,0.22074081
2009-02-20,
2009-02-21,0.24332933
2009-02-22,
2009-02-23,
2009-02-24,0.1873367
2009-02-25,0.15008885
2009-02-26,0.20106076
2009-02-27,0.18790808
2009-02-28,0.19273813
2009-03-01,
2009-03-02,
2009-03-03,
2009-03-04,
2009-03-05,0.20159876
2009-03-06,
2009-03-07,0.173771
2009-03-08,
2009-03-09,0.19372682
2009-03-10,
2009-03-11,
2009-03-12,0.22054552
2009-03-13,0.17461085
2009-03-14,0.2290825
2009-03-15,0.1786021
2009-03-16,0.2139087
2009-03-17,
2009-03-18,
2009-03-19,
2009-03-20,
2009-03-21,0.19020681
2009-03-22,0.16045
2009-03-23,0.19220859
2009-03-24,
2009-03-25,0.17380811
2009-03-26,
2009-03-27,
2009-03-28,0.16174173
2009-03-29,0.14148887
2009-03-30,0.18071221
2009-03-31,
2009-04-01,0.1736997
2009-04-02,
2009-04-03,
2009-04-04,
2009-04-05,
2009-04-06,0.21475306
2009-04-07,0.21479978
2009-04-08,0.22826204
2009-04-09,
2009-04-10,0.25388896
2009-04-11,
2009-04-12,
2009-04-13,0.19008276
2009-04-14,
2009-04-15,0.18524225
2009-04-16,
2009-04-17,0.22256851
2009-04-18,
2009-04-19,
2009-04-20,
2009-04-21,
2009-04-22,0.13285723
2009-04-23,0.13442847
2009-04-24,0.17256966
2009-04-25,
2009-04-26,0.17454773
2009-04-27,
2009-04-28,
2009-04-29,0.15990041
2009-04-30,0.16495386
2009-05-01,0.1575031
2009-05-02,0.14345296
2009-05-03,0.17822886
2009-05-04,
2009-05-05,
2009-05-06,
2009-05-07,0.15412426
2009-05-08,0.16184126
2009-05-09,0.17206675
2009-05-10,0.18105584
2009-05-11,
2009-05-12,0.19925718
2009-05-13,
2009-05-14,0.1378442
2009-05-15,0.15889822
2009-05-16,0.16462322
2009-05-17,0.16215135
2009-05-18,0.16496989
2009-05-19,0.1668884
2009-05-20,
2009-05-21,0.19059213
2009-05-22,
2009-05-23,0.1480681
2009-05-24,0.16707188
2009-05-25,0.18257365
2009-05-26,0.18012187
2009-05-27,
2009-05-28,0.19424981
2009-05-29,
2009-05-30,
2009-05-31,0.14564967
2009-06-01,
2009-06-02,
2009-06-03,0.22824548
2009-06-04,0.1918723
2009-06-05,
2009-06-06,0.20126815
2009-06-07,
2009-06-08,0.16956924
2009-06-09,0.16154712
2009-06-10,0.18495251
2009-06-11,0.19322029
2009-06-12,
2009-06-13,0.20115201
2009-06-14,
2009-06-15,0.17634937
2009-06-16,0.17341933
2009-06-17,0.16514763
2009-06-18,0.19317251
2009-06-19,0.21533395
2009-06-20,0.20377484
2009-06-21,
2009-06-22,0.17204362
2009-06-23,
2009-06-24,0.14876156
2009-06-25,0.159909
2009-06-26,0.13107182
2009-06-27,0.16555609
2009-06-28,
2009-06-29,0.1508116
2009-06-30,
2009-07-01,0.16357756
2009-07-02,0.18669139
2009-07-03,0.19564728
2009-07-04,0.15382223
2009-07-05,
2009-07-06,0.15165897
2009-07-07,
2009-07-08,
2009-07-09,
2009-07-10,0.18416625
2009-07-11,0.18388364
2009-07-12,0.17233711
2009-07-13,0.19388442
2009-07-14,
2009-07-15,
2009-07-16,
2009-07-17,0.17442048
2009-07-18,0.1894729
2009-07-19,0.17884429
2009-07-20,0.19135624
2009-07-21,0.20116952
2009-07-22,0.2050049
2009-07-23,
2009-07-24,
2009-07-25,
2009-07-26,0.19222407
2009-07-27,0.20917162
2009-07-28,0.21065001
2009-07-29,0.20829414
2009-07-30,
2009-07-31,0.1802397
2009-08-01,
2009-08-02,
2009-08-03,
2009-08-04,0.22109222
2009-08-05,0.20645094
2009-08-06,0.22795936
2009-08-07,0.21673608
2009-08-08,
2009-08-09,
2009-08-10,
2009-08-11,0.20390347
2009-08-12,0.18841031
2009-08-13,0.17835993
2009-08-14,0.20785761
2009-08-15,
2009-08-16,0.17408328
2009-08-17,
2009-08-18,
2009-08-19,0.1706125
2009-08-20,0.18653354
2009-08-21,0.19071746
2009-08-22,0.21594337
2009-08-23,0.18396634
2009-08-24,
2009-08-25,
2009-08-26,
2009-08-27,
2009-08-28,0.19113526
2009-08-29,0.18921767
2009-08-30,0.19125676
2009-08-31,
2009-09-01,0.18715459
2009-09-02,
2009-09-03,
2009-09-04,0.1714988
2009-09-05,0.14076628
2009-09-06,0.1836891
2009-09-07,0.17206123
2009-09-08,0.19730058
2009-09-09,
2009-09-10,
2009-09-11,
2009-09-12,
2009-09-13,0.14340316
2009-09-14,0.16211192
2009-09-15,0.17204349
2009-09-16,
2009-09-17,0.19794783
2009-09-18,
2009-09-19,
2009-09-20,0.16690779
2009-09-21,
2009-09-22,0.17582206
2009-09-23,0.15377927
2009-09-24,0.1743072
2009-09-25,
2009-09-26,
2009-09-27,
2009-09-28,
2009-09-29,0.1623375
2009-09-30,
2009-10-01,0.18737026
2009-10-02,
2009-10-03,0.15350547
2009-10-04,
2009-10-05,
2009-10-06,0.08941245
2009-10-07,0.13965225
2009-10-08,0.11427536
2009-10-09,0.12621844
2009-10-10,0.11279378
2009-10-11,
2009-10-12,
2009-10-13,
2009-10-14,
2009-10-15,0.1851346
2009-10-16,0.16514152
2009-10-17,0.14918925
2009-10-18,
2009-10-19,0.15930745
2009-10-20,
2009-10-21,
2009-10-22,0.13058072
2009-10-23,
2009-10-24,0.13558045
2009-10-25,0.13057019
2009-10-26,0.1376148
2009-10-27,
2009-10-28,0.15659662
2009-10-29,
2009-10-30,
2009-10-31,0.21648248
2009-11-01,0.18993445
2009-11-02,0.21022427
2009-11-03,
2009-11-04,0.22948125
2009-11-05,
2009-11-06,
2009-11-07,0.20941769
2009-11-08,
2009-11-09,0.18398653
2009-11-10,
2009-11-11,0.20420653
2009-11-12,
2009-11-13,
2009-11-14,
2009-11-15,
2009-11-16,0.19516239
2009-11-17,
2009-11-18,0.20165782
2009-11-19,
2009-11-20,0.15602379
2009-11-21,
2009-11-22,
2009-11-23,
2009-11-24,
2009-11-25,
2009-11-26,0.21551688
2009-11-27,0.22441204
2009-11-28,
2009-11-29,0.2744809
2009-11-30,
2009-12-01,0.18804248
2009-12-02,0.27882832
2009-12-03,
2009-12-04,0.23223513
2009-12-05,
2009-12-06,0.18936291
2009-12-07,
2009-12-08,
2009-12-09,
2009-12-10,0.16719721
2009-12-11,
2009-12-12,
2009-12-13,0.11057105
2009-12-14,
2009-12-15,0.1001546
2009-12-16,
2009-12-17,0.08816162
2009-12-18,0.06703432
2009-12-19,
2009-12-20,0.056953806
2009-12-21,
2009-12-22,
2009-12-23,
2009-12-24,
2009-12-25,
2009-12-26,0.08630645
2009-12-27,
2009-12-28,
2009-12-29,0.076114565
2009-12-30,
2009-12-31,
2010-01-01,
2010-01-02,
2010-01-03,0.075521536
2010-01-04,
2010-01-05,
2010-01-06,
2010-01-07,0.08806468
2010-01-08,
2010-01-09,
2010-01-10,0.07941989
2010-01-11,
2010-01-12,
2010-01-13,
2010-01-14,0.077821925
2010-01-15,
2010-01-16,
2010-01-17,
2010-01-18,0.07358963
2010-01-19,0.0727118
2010-01-20,0.06859834
2010-01-21,0.09119102
2010-01-22,
2010-01-23,0.125794
2010-01-24,
2010-01-25,
2010-01-26,
2010-01-27,
2010-01-28,
2010-01-29,
2010-01-30,
2010-01-31,
2010-02-01,
2010-02-02,
2010-02-03,
2010-02-04,
2010-02-05,
2010-02-06,0.10809182
2010-02-07,
2010-02-08,
2010-02-09,
2010-02-10,
2010-02-11,
2010-02-12,
2010-02-13,
2010-02-14,
2010-02-15,
2010-02-16,
2010-02-17,
2010-02-18,
2010-02-19,
2010-02-20,0.14042343
2010-02-21,0.14443652
2010-02-22,0.1459573
2010-02-23,
2010-02-24,0.16152535
2010-02-25,
2010-02-26,
2010-02-27,
2010-02-28,
2010-03-01,
2010-03-02,
2010-03-03,0.13418095
2010-03-04,
2010-03-05,
2010-03-06,
2010-03-07,
2010-03-08,
2010-03-09,
2010-03-10,0.16002265
2010-03-11,
2010-03-12,0.19541736
2010-03-13,
2010-03-14,
2010-03-15,0.15955795
2010-03-16,0.13007653
2010-03-17,0.15612862
2010-03-18,0.11669623
2010-03-19,0.15070121
2010-03-20,
2010-03-21,
2010-03-22,
2010-03-23,
2010-03-24,0.16301994
2010-03-25,
2010-03-26,0.13998204
2010-03-27,
2010-03-28,0.19077504
2010-03-29,
2010-03-30,
2010-03-31,0.24118282
2010-04-01,
2010-04-02,0.24518406
2010-04-03,
2010-04-04,0.24009207
2010-04-05,
2010-04-06,
2010-04-07,
2010-04-08,0.18513757
2010-04-09,0.19757533
2010-04-10,0.20538822
2010-04-11,0.2333188
2010-04-12,
2010-04-13,0.30432567
2010-04-14,
2010-04-15,
2010-04-16,0.17976435
2010-04-17,0.17072871
2010-04-18,
2010-04-19,0.1575043
2010-04-20,0.19529782
2010-04-21,
2010-04-22,
2010-04-23,
2010-04-24,0.1786467
2010-04-25,0.21753086
2010-04-26,0.22149307
2010-04-27,0.31099802
2010-04-28,
2010-04-29,0.32040334
2010-04-30,
2010-05-01,
2010-05-02,0.22281413
2010-05-03,0.24336113
2010-05-04,0.20446198
2010-05-05,
2010-05-06,0.25095147
2010-05-07,
2010-05-08,
2010-05-09,
2010-05-10,0.19303827
2010-05-11,0.29671267
2010-05-12,
2010-05-13,0.2773867
2010-05-14,
2010-05-15,0.24742095
2010-05-16,
2010-05-17,
2010-05-18,0.23230341
2010-05-19,0.19328907
2010-05-20,0.22347215
2010-05-21,0.22781949
2010-05-22,0.2658296
2010-05-23,
2010-05-24,
2010-05-25,
2010-05-26,0.25399703
2010-05-27,0.2768545
2010-05-28,0.22125179
2010-05-29,0.30999127
2010-05-30,
2010-05-31,0.3050145
2010-06-01,
2010-06-02,0.21657205
2010-06-03,0.28990465
2010-06-04,0.21974312
2010-06-05,0.21185215
2010-06-06,0.2855777
2010-06-07,0.25916365
2010-06-08,
2010-06-09,
2010-06-10,
2010-06-11,0.29668882
2010-06-12,0.35999933
2010-06-13,0.34536916
2010-06-14,0.369152
2010-06-15,
2010-06-16,0.2422391
2010-06-17,
2010-06-18,0.25964004
2010-06-19,0.3187567
2010-06-20,0.3303477
2010-06-21,0.3183791
2010-06-22,
2010-06-23,
2010-06-24,
2010-06-25,0.30807737
2010-06-26,
2010-06-27,0.293947
2010-06-28,0.38107988
2010-06-29,0.2997325
2010-06-30,0.2393702
2010-07-01,
2010-07-02,0.26657864
2010-07-03,
2010-07-04,0.1809191
2010-07-05,0.38221538
2010-07-06,0.29682523
2010-07-07,0.35941747
2010-07-08,0.34529802
2010-07-09,0.28645858
2010-07-10,
2010-07-11,0.2992363
2010-07-12,
2010-07-13,0.31033993
2010-07-14,0.32969567
2010-07-15,0.29623356
2010-07-16,0.3287013
2010-07-17,
2010-07-18,0.39519063
2010-07-19,
2010-07-20,
2010-07-21,
2010-07-22,0.29512343
2010-07-23,0.27194154
2010-07-24,0.28302258
2010-07-25,0.3151194
2010-07-26,
2010-07-27,
2010-07-28,
2010-07-29,0.27576527
2010-07-30,0.25182697
2010-07-31,0.26910275
2010-08-01,0.29768205
2010-08-02,
2010-08-03,0.25317845
2010-08-04,
2010-08-05,
2010-08-06,0.24388337
2010-08-07,0.2789405
2010-08-08,0.2752004
2010-08-09,0.27090332
2010-08-10,0.25014076
2010-08-11,
2010-08-12,
2010-08-13,
2010-08-14,0.25244322
2010-08-15,0.26986057
2010-08-16,0.26449224
2010-08-17,0.2397663
2010-08-18,
2010-08-19,0.32471174
2010-08-20,
2010-08-21,
2010-08-22,0.2811146
2010-08-23,0.27232027
2010-08-24,0.3665208
2010-08-25,0.3018945
2010-08-26,0.3375288
2010-08-27,
2010-08-28,
2010-08-29,
2010-08-30,
2010-08-31,0.2081419
2010-09-01,0.1888175
2010-09-02,0.22145294
2010-09-03,
2010-09-04,0.2114148
2010-09-05,
2010-09-06,
2010-09-07,0.2734326
2010-09-08,
2010-09-09,0.28115296
2010-09-10,0.23651621
2010-09-11,0.28969672
2010-09-12,
2010-09-13,
2010-09-14,
2010-09-15,
2010-09-16,0.19442458
2010-09-17,0.26217
2010-09-18,0.36194268
2010-09-19,
2010-09-20,0.41668728
2010-09-21,
2010-09-22,
2010-09-23,
2010-09-24,
2010-09-25,0.2385979
2010-09-26,0.20003738
2010-09-27,0.24412447
2010-09-28,
2010-09-29,
2010-09-30,
2010-10-01,
2010-10-02,0.30393654
2010-10-03,0.26693666
2010-10-04,0.33879882
2010-10-05,
2010-10-06,0.35099804
2010-10-07,
2010-10-08,
2010-10-09,0.26785395
2010-10-10,
2010-10-11,0.2640015
2010-10-12,
2010-10-13,0.2617873
2010-10-14,
2010-10-15,
2010-10-16,
2010-10-17,
2010-10-18,0.25551945
2010-10-19,
2010-10-20,0.26730266
2010-10-21,
2010-10-22,0.18229567
2010-10-23,
2010-10-24,
2010-10-25,0.17387117
2010-10-26,
2010-10-27,0.18651249
2010-10-28,0.16992785
2010-10-29,0.16215393
2010-10-30,
2010-10-31,
2010-11-01,
2010-11-02,
2010-11-03,0.18691553
2010-11-04,
2010-11-05,0.18632354
2010-11-06,
2010-11-07,0.19157179
2010-11-08,
2010-11-09,
2010-11-10,0.20695178
2010-11-11,
2010-11-12,0.21419397
2010-11-13,0.17369604
2010-11-14,0.1827473
2010-11-15,
2010-11-16,
2010-11-17,
2010-11-18,
2010-11-19,0.18260075
2010-11-20,
2010-11-21,0.19742985
2010-11-22,
2010-11-23,0.21775603
2010-11-24,
2010-11-25,
2010-11-26,0.21751754
2010-11-27,
2010-11-28,0.2344958
2010-11-29,
2010-11-30,0.24659777
2010-12-01,
2010-12-02,
2010-12-03,
2010-12-04,
2010-12-05,0.18835747
2010-12-06,0.18211633
2010-12-07,0.2238006
2010-12-08,
2010-12-09,0.2349082
2010-12-10,
2010-12-11,
2010-12-12,0.18903983
2010-12-13,0.1834918
2010-12-14,0.18734619
2010-12-15,0.16811697
2010-12-16,0.20497069
2010-12-17,
2010-12-18,
2010-12-19,
2010-12-20,
2010-12-21,0.19433965
2010-12-22,0.17371103
2010-12-23,0.23593609
2010-12-24,
2010-12-25,0.26288798
2010-12-26,
2010-12-27,
2010-12-28,0.20443718
2010-12-29,0.20110926
2010-12-30,0.22002153
2010-12-31,0.20780787
2011-01-01,0.21758924
2011-01-02,
2011-01-03,
2011-01-04,
2011-01-05,
2011-01-06,0.18149179
2011-01-07,0.15511957
2011-01-08,0.21255586
2011-01-09,
2011-01-10,0.22767912
2011-01-11,
2011-01-12,
2011-01-13,0.20073535
2011-01-14,0.16434804
2011-01-15,0.18543223
2011-01-16,0.19892432
2011-01-17,0.24557135
2011-01-18,
2011-01-19,
2011-01-20,
2011-01-21,
2011-01-22,
2011-01-23,0.16927344
2011-01-24,0.20561653
2011-01-25,
2011-01-26,0.18442532
2011-01-27,
2011-01-28,
2011-01-29,0.16543382
2011-01-30,0.17010066
2011-01-31,0.21462978
2011-02-01,
2011-02-02,0.22105138
2011-02-03,
2011-02-04,
2011-02-05,
2011-02-06,
2011-02-07,
2011-02-08,0.17451952
2011-02-09,0.21487084
2011-02-10,
2011-02-11,0.2378431
2011-02-12,
2011-02-13,
2011-02-14,0.19364482
2011-02-15,0.17861222
2011-02-16,0.21908922
2011-02-17,0.17423716
2011-02-18,0.22107606
2011-02-19,
2011-02-20,
2011-02-21,
2011-02-22,
2011-02-23,0.1872798
2011-02-24,0.17627661
2011-02-25,0.20709679
2011-02-26,
2011-02-27,
2011-02-28,
2011-03-01,
2011-03-02,
2011-03-03,
2011-03-04,0.19165577
2011-03-05,
2011-03-06,0.22655472
2011-03-07,
2011-03-08,
2011-03-09,
2011-03-10,
2011-03-11,0.18393229
2011-03-12,0.1529261
2011-03-13,0.1654449
2011-03-14,
2011-03-15,
2011-03-16,
2011-03-17,
2011-03-18,0.17164892
2011-03-19,0.13595669
2011-03-20,0.19940594
2011-03-21,0.11991447
2011-03-22,0.19977733
2011-03-23,
2011-03-24,
2011-03-25,
2011-03-26,
2011-03-27,0.17904824
2011-03-28,0.18049213
2011-03-29,0.21433985
2011-03-30,
2011-03-31,0.23814133
2011-04-01,
2011-04-02,
2011-04-03,0.15767996
2011-04-04,
2011-04-05,0.19032758
2011-04-06,0.12360176
2011-04-07,0.19088103
2011-04-08,
2011-04-09,
2011-04-10,
2011-04-11,
2011-04-12,0.17518808
2011-04-13,0.13594398
2011-04-14,0.1825247
2011-04-15,
2011-04-16,0.19051605
2011-04-17,
2011-04-18,
2011-04-19,0.16030483
2011-04-20,0.15165654
2011-04-21,0.17722787
2011-04-22,0.18120511
2011-04-23,0.17335764
2011-04-24,
2011-04-25,
2011-04-26,
2011-04-27,
2011-04-28,0.18293983
2011-04-29,0.17647776
2011-04-30,0.17741998
2011-05-01,
2011-05-02,0.16601007
2011-05-03,
2011-05-04,
2011-05-05,0.16788088
2011-05-06,0.17880751
2011-05-07,0.17211613
2011-05-08,0.17749003
2011-05-09,0.16398981
2011-05-10,
2011-05-11,
2011-05-12,
2011-05-13,0.1540774
2011-05-14,
2011-05-15,0.17753708
2011-05-16,0.19969124
2011-05-17,
2011-05-18,0.16436245
2011-05-19,
2011-05-20,
2011-05-21,0.16794164
2011-05-22,0.15682514
2011-05-23,0.17651732
2011-05-24,0.19745053
2011-05-25,0.17931582
2011-05-26,
2011-05-27,
2011-05-28,
2011-05-29,0.1674988
2011-05-30,0.182409
2011-05-31,0.19675054
2011-06-01,0.2071897
2011-06-02,
2011-06-03,0.16039315
2011-06-04,
2011-06-05,
2011-06-06,0.13190667
2011-06-07,0.16709217
2011-06-08,0.16855668
2011-06-09,
2011-06-10,0.16505572
2011-06-11,
2011-06-12,
2011-06-13,
2011-06-14,0.15467131
2011-06-15,0.17045175
2011-06-16,0.14046916
2011-06-17,0.15565997
2011-06-18,
2011-06-19,0.1594144
2011-06-20,
2011-06-21,0.18504268
2011-06-22,0.17892466
2011-06-23,0.18127692
2011-06-24,0.17325199
2011-06-25,0.17904545
2011-06-26,
2011-06-27,
2011-06-28,
2011-06-29,
2011-06-30,0.16379397
2011-07-01,0.18007989
2011-07-02,0.18335353
2011-07-03,0.16806327
2011-07-04,
2011-07-05,0.20139
2011-07-06,
2011-07-07,0.2374652
2011-07-08,0.17832024
2011-07-09,0.16007644
2011-07-10,0.14148079
2011-07-11,0.1520894
2011-07-12,0.16608779
2011-07-13,
2011-07-14,
2011-07-15,
2011-07-16,0.16567323
2011-07-17,0.16829641
2011-07-18,0.1554278
2011-07-19,0.17013311
2011-07-20,
2011-07-21,0.16442868
2011-07-22,
2011-07-23,
2011-07-24,0.18474302
2011-07-25,0.16410981
2011-07-26,0.17896377
2011-07-27,
2011-07-28,0.18884823
2011-07-29,
2011-07-30,
2011-07-31,
2011-08-01,0.13007903
2011-08-02,0.16436039
2011-08-03,0.15777822
2011-08-04,0.21188188
2011-08-05,
2011-08-06,0.25265124
2011-08-07,
2011-08-08,
2011-08-09,0.22603762
2011-08-10,0.18663691
2011-08-11,0.20813169
2011-08-12,0.17978571
2011-08-13,0.20865946
2011-08-14,
2011-08-15,
2011-08-16,
2011-08-17,
2011-08-18,0.19985259
2011-08-19,0.17664322
2011-08-20,0.21967217
2011-08-21,
2011-08-22,0.15973766
2011-08-23,
2011-08-24,
2011-08-25,0.17294905
2011-08-26,
2011-08-27,0.16892727
2011-08-28,0.17440781
2011-08-29,0.19515003
2011-08-30,
2011-08-31,
2011-09-01,
2011-09-02,
2011-09-03,0.19800402
2011-09-04,0.16844581
2011-09-05,0.1784676
2011-09-06,
2011-09-07,
2011-09-08,
2011-09-09,
2011-09-10,
2011-09-11,
2011-09-12,
2011-09-13,0.14858854
2011-09-14,0.20567687
2011-09-15,
2011-09-16,
2011-09-17,
2011-09-18,
2011-09-19,0.19150911
2011-09-20,0.17024438
2011-09-21,0.22846259
2011-09-22,
2011-09-23,0.30107862
2011-09-24,
2011-09-25,
2011-09-26,0.21845353
2011-09-27,
2011-09-28,0.19988388
2011-09-29,
2011-09-30,0.18072695
2011-10-01,
2011-10-02,
2011-10-03,
2011-10-04,
2011-10-05,0.2739593
2011-10-06,0.15000297
2011-10-07,0.22725306
2011-10-08,
2011-10-09,0.22743547
2011-10-10,
2011-10-11,
2011-10-12,0.22459169
2011-10-13,
2011-10-14,0.19518216
2011-10-15,0.18428575
2011-10-16,0.23112075
2011-10-17,
2011-10-18,
2011-10-19,
2011-10-20,
2011-10-21,0.20061263
2011-10-22,
2011-10-23,0.19944097
2011-10-24,
2011-10-25,0.18958986
2011-10-26,
2011-10-27,
2011-10-28,0.17670858
2011-10-29,
2011-10-30,0.16954893
2011-10-31,
2011-11-01,0.19438279
2011-11-02,
2011-11-03,
2011-11-04,
2011-11-05,
2011-11-06,0.19595888
2011-11-07,0.15683925
2011-11-08,0.18249425
2011-11-09,
2011-11-10,0.174989
2011-11-11,
2011-11-12,
2011-11-13,
2011-11-14,
2011-11-15,0.15947643
2011-11-16,0.18423703
2011-11-17,0.19223063
2011-11-18,
2011-11-19,
2011-11-20,
2011-11-21,
2011-11-22,0.2048478
2011-11-23,0.18193382
2011-11-24,0.16154054
2011-11-25,
2011-11-26,0.19987856
2011-11-27,
2011-11-28,
2011-11-29,0.19214356
2011-11-30,
2011-12-01,0.16528161
2011-12-02,
2011-12-03,0.17569457
2011-12-04,
2011-12-05,
2011-12-06,
2011-12-07,
2011-12-08,0.16762404
2011-12-09,0.19132744
2011-12-10,0.20992044
2011-12-11,
2011-12-12,0.21655701
2011-12-13,
2011-12-14,
2011-12-15,0.15958971
2011-12-16,0.16029152
2011-12-17,0.15550433
2011-12-18,0.19061059
2011-12-19,0.19048373
2011-12-20,
2011-12-21,
2011-12-22,
2011-12-23,
2011-12-24,0.18801826
2011-12-25,0.26812184
2011-12-26,0.254804
2011-12-27,
2011-12-28,0.2447525
2011-12-29,
2011-12-30,
2011-12-31,
2012-01-01,0.1879129
2012-01-02,0.16814311
2012-01-03,0.19748513
2012-01-04,0.19779384
2012-01-05,
2012-01-06,
2012-01-07,
2012-01-08,
2012-01-09,
2012-01-10,0.19560143
2012-01-11,0.19422145
2012-01-12,
2012-01-13,0.19063565
2012-01-14,
2012-01-15,
2012-01-16,0.15795563
2012-01-17,0.15830739
2012-01-18,0.144638
2012-01-19,0.13164023
2012-01-20,0.17602578
2012-01-21,
2012-01-22,
2012-01-23,
2012-01-24,
2012-01-25,0.15726015
2012-01-26,0.16410199
2012-01-27,0.17223035
2012-01-28,
2012-01-29,0.17919171
2012-01-30,
2012-01-31,
2012-02-01,0.15717372
2012-02-02,0.15512627
2012-02-03,0.17259967
2012-02-04,0.20014976
2012-02-05,0.19355851
2012-02-06,
2012-02-07,
2012-02-08,
2012-02-09,
2012-02-10,0.19510294
2012-02-11,0.20019087
2012-02-12,0.2035233
2012-02-13,
2012-02-14,0.2266073
2012-02-15,
2012-02-16,
2012-02-17,0.1807443
2012-02-18,
2012-02-19,0.18587603
2012-02-20,0.17527579
2012-02-21,0.17072207
2012-02-22,
2012-02-23,
2012-02-24,
2012-02-25,
2012-02-26,0.18321453
2012-02-27,0.18992044
2012-02-28,0.18188423
2012-02-29,
2012-03-01,0.19353601
2012-03-02,
2012-03-03,
2012-03-04,0.17590939
2012-03-05,
2012-03-06,0.1925093
2012-03-07,0.17418404
2012-03-08,0.19055961
2012-03-09,
2012-03-10,
2012-03-11,
2012-03-12,
2012-03-13,0.16959402
2012-03-14,0.1542844
2012-03-15,0.15999205
2012-03-16,
2012-03-17,
2012-03-18,
2012-03-19,
2012-03-20,0.1592277
2012-03-21,
2012-03-22,0.17777552
2012-03-23,
2012-03-24,0.20385563
2012-03-25,
2012-03-26,
2012-03-27,
2012-03-28,
2012-03-29,0.17400731
2012-03-30,0.15688142
2012-03-31,
2012-04-01,
2012-04-02,0.19252044
2012-04-03,
2012-04-04,
2012-04-05,0.16737896
2012-04-06,0.13450624
2012-04-07,0.15719762
2012-04-08,0.16345163
2012-04-09,0.17117432
2012-04-10,
2012-04-11,
2012-04-12,
2012-04-13,
2012-04-14,0.14128135
2012-04-15,0.16008073
2012-04-16,0.17614321
2012-04-17,
2012-04-18,0.19567342
2012-04-19,
2012-04-20,
2012-04-21,0.1568058
2012-04-22,0.15156688
2012-04-23,0.14897788
2012-04-24,0.16395742
2012-04-25,0.17396045
2012-04-26,
2012-04-27,
2012-04-28,
2012-04-29,
2012-04-30,
2012-05-01,0.17293058
2012-05-02,0.17788774
2012-05-03,
2012-05-04,0.13391519
2012-05-05,
2012-05-06,
2012-05-07,
2012-05-08,0.15218541
2012-05-09,0.14778258
2012-05-10,0.17787935
2012-05-11,0.1955733
2012-05-12,
2012-05-13,
2012-05-14,
2012-05-15,
2012-05-16,
2012-05-17,
2012-05-18,0.15992288
2012-05-19,
2012-05-20,0.18533964
2012-05-21,
2012-05-22,
2012-05-23,0.18045168
2012-05-24,0.15560213
2012-05-25,
2012-05-26,
2012-05-27,0.1651171
2012-05-28,
2012-05-29,
2012-05-30,
2012-05-31,0.18605705
2012-06-01,0.19685791
2012-06-02,0.16559516
2012-06-03,0.16467956
2012-06-04,
2012-06-05,0.18419091
2012-06-06,
2012-06-07,
2012-06-08,0.16680352
2012-06-09,0.18569262
2012-06-10,0.18525268
2012-06-11,0.18252839
2012-06-12,0.16714393
2012-06-13,
2012-06-14,
2012-06-15,
2012-06-16,
2012-06-17,
2012-06-18,0.1571063
2012-06-19,0.21989124
2012-06-20,
2012-06-21,0.18102257
2012-06-22,
2012-06-23,0.13010702
2012-06-24,0.18924002
2012-06-25,0.16340758
2012-06-26,0.16732126
2012-06-27,
2012-06-28,0.19057015
2012-06-29,
2012-06-30,
2012-07-01,
2012-07-02,0.17340472
2012-07-03,0.1736277
2012-07-04,0.1573082
2012-07-05,0.16941257
2012-07-06,
2012-07-07,0.1885936
2012-07-08,
2012-07-09,0.16320543
2012-07-10,0.18861166
2012-07-11,0.18815775
2012-07-12,0.17991465
2012-07-13,0.16536702
2012-07-14,0.16463013
2012-07-15,
2012-07-16,
2012-07-17,
2012-07-18,0.17402898
2012-07-19,0.20485891
2012-07-20,0.19832517
2012-07-21,0.1810738
2012-07-22,
2012-07-23,0.18456185
2012-07-24,
2012-07-25,
2012-07-26,0.18882161
2012-07-27,0.17916071
2012-07-28,0.1870291
2012-07-29,
2012-07-30,0.16959815
2012-07-31,
2012-08-01,
2012-08-02,
2012-08-03,0.17435195
2012-08-04,0.19113949
2012-08-05,0.17479125
2012-08-06,0.1752523
2012-08-07,
2012-08-08,0.18267725
2012-08-09,
2012-08-10,
2012-08-11,0.18167122
2012-08-12,0.1704429
2012-08-13,0.15957569
2012-08-14,0.174035
2012-08-15,0.18117116
2012-08-16,
2012-08-17,
2012-08-18,
2012-08-19,0.1374147
2012-08-20,
2012-08-21,0.17334996
2012-08-22,0.18249847
2012-08-23,
2012-08-24,0.1751159
2012-08-25,
2012-08-26,
2012-08-27,0.16900584
2012-08-28,
2012-08-29,0.19666645
2012-08-30,0.15741415
2012-08-31,0.20501447
2012-09-01,
2012-09-02,
2012-09-03,
2012-09-04,
2012-09-05,0.17491205
2012-09-06,0.17875414
2012-09-07,0.19521983
2012-09-08,
2012-09-09,0.22700961
2012-09-10,
2012-09-11,
2012-09-12,0.17683013
2012-09-13,
2012-09-14,0.19290341
2012-09-15,
2012-09-16,0.23724523
2012-09-17,
2012-09-18,
2012-09-19,
2012-09-20,
2012-09-21,0.19867924
2012-09-22,
2012-09-23,0.22843298
2012-09-24,
2012-09-25,0.25059974
2012-09-26,
2012-09-27,
2012-09-28,
2012-09-29,
2012-09-30,0.24001937
2012-10-01,0.23497294
2012-10-02,0.22731754
2012-10-03,
2012-10-04,
2012-10-05,
2012-10-06,
2012-10-07,0.19103503
2012-10-08,
2012-10-09,0.113380894
2012-10-10,
2012-10-11,0.19545203
2012-10-12,
2012-10-13,
2012-10-14,0.18482856
2012-10-15,
2012-10-16,0.18477052
2012-10-17,
2012-10-18,0.18450865
2012-10-19,
2012-10-20,
2012-10-21,
2012-10-22,
2012-10-23,0.16801721
2012-10-24,
2012-10-25,0.1643992
2012-10-26,
2012-10-27,0.18059456
2012-10-28,
2012-10-29,
2012-10-30,0.15326992
2012-10-31,
2012-11-01,0.17089719
2012-11-02,0.18508066
2012-11-03,0.18369806
2012-11-04,
2012-11-05,
2012-11-06,
2012-11-07,
2012-11-08,0.21893837
2012-11-09,0.19790079
2012-11-10,0.23218447
2012-11-11,
2012-11-12,0.18564674
2012-11-13,
2012-11-14,
2012-11-15,0.17998208
2012-11-16,
2012-11-17,0.17893305
2012-11-18,
2012-11-19,0.2098063
2012-11-20,
2012-11-21,
2012-11-22,
2012-11-23,
2012-11-24,0.1816818
2012-11-25,0.17731652
2012-11-26,0.213211
2012-11-27,
2012-11-28,0.2458658
2012-11-29,
2012-11-30,
2012-12-01,0.24645217
2012-12-02,0.20287123
2012-12-03,0.22372396
2012-12-04,
2012-12-05,0.2119907
2012-12-06,
2012-12-07,0.20264122
2012-12-08,
2012-12-09,0.1971716
2012-12-10,0.19842343
2012-12-11,0.15825564
2012-12-12,0.16735509
2012-12-13,
2012-12-14,
2012-12-15,
2012-12-16,
2012-12-17,
2012-12-18,0.15543249
2012-12-19,0.1796461
2012-12-20,0.18644574
2012-12-21,0.19018148
2012-12-22,
2012-12-23,
2012-12-24,
2012-12-25,
2012-12-26,0.19639952
2012-12-27,
2012-12-28,0.1671982
2012-12-29,
2012-12-30,0.1851672
2012-12-31,
2013-01-01,
2013-01-02,0.1635607
2013-01-03,0.17480665
2013-01-04,0.17824632
2013-01-05,0.15193838
2013-01-06,0.19005471
2013-01-07,
2013-01-08,
2013-01-09,
2013-01-10,
2013-01-11,0.16439533
2013-01-12,0.18646382
2013-01-13,0.19627517
2013-01-14,
2013-01-15,0.17154755
2013-01-16,
2013-01-17,
2013-01-18,
2013-01-19,0.15400866
2013-01-20,0.21182157
2013-01-21,
2013-01-22,0.2347922
2013-01-23,
2013-01-24,
2013-01-25,
2013-01-26,
2013-01-27,0.13827395
2013-01-28,0.15092584
2013-01-29,0.15140899
2013-01-30,
2013-01-31,0.20194645
2013-02-01,
2013-02-02,
2013-02-03,
2013-02-04,
2013-02-05,0.23066571
2013-02-06,0.13408819
2013-02-07,0.2183905
2013-02-08,
2013-02-09,
2013-02-10,
2013-02-11,
2013-02-12,0.1935062
2013-02-13,0.15819588
2013-02-14,0.16226016
2013-02-15,
2013-02-16,
2013-02-17,
2013-02-18,
2013-02-19,0.19111103
2013-02-20,
2013-02-21,0.16478461
2013-02-22,0.14972267
2013-02-23,0.16421932
2013-02-24,
2013-02-25,
2013-02-26,
2013-02-27,
2013-02-28,0.21127647
2013-03-01,0.18784556
2013-03-02,0.20096315
2013-03-03,
2013-03-04,
2013-03-05,
2013-03-06,
2013-03-07,
2013-03-08,
2013-03-09,0.16790168
2013-03-10,0.14886525
2013-03-11,0.17178622
2013-03-12,
2013-03-13,
2013-03-14,
2013-03-15,
2013-03-16,0.22465649
2013-03-17,0.20442863
2013-03-18,0.20689963
2013-03-19,
2013-03-20,0.17591931
2013-03-21,
2013-03-22,
2013-03-23,0.16656491
2013-03-24,
2013-03-25,
2013-03-26,0.19150984
2013-03-27,0.22274882
2013-03-28,
2013-03-29,
2013-03-30,
2013-03-31,
2013-04-01,0.1799243
2013-04-02,0.17913769
2013-04-03,0.19936717
2013-04-04,
2013-04-05,0.18643391
2013-04-06,
2013-04-07,
2013-04-08,0.17431898
2013-04-09,0.16370672
2013-04-10,0.17900291
2013-04-11,0.13351594
2013-04-12,0.18627109
2013-04-13,
2013-04-14,
2013-04-15,
2013-04-16,
2013-04-17,0.16863184
2013-04-18,0.16087931
2013-04-19,0.16475643
2013-04-20,
2013-04-21,0.18334724
2013-04-22,
2013-04-23,
2013-04-24,0.17517605
2013-04-25,0.17815225
2013-04-26,0.14452626
2013-04-27,0.1521765
2013-04-28,0.16628082
2013-04-29,
2013-04-30,
2013-05-01,
2013-05-02,0.14208627
2013-05-03,0.13794932
2013-05-04,0.135768
2013-05-05,0.12791985
2013-05-06,
2013-05-07,0.14393881
2013-05-08,
2013-05-09,
2013-05-10,
2013-05-11,0.15925033
2013-05-12,0.16142075
2013-05-13,0.14861397
2013-05-14,0.17666729
2013-05-15,
2013-05-16,
2013-05-17,
2013-05-18,0.14090784
2013-05-19,0.15351823
2013-05-20,0.15359595
2013-05-21,0.16350345
2013-05-22,
2013-05-23,0.17315812
2013-05-24,
2013-05-25,0.15761244
2013-05-26,0.17679352
2013-05-27,0.16071762
2013-05-28,0.15617333
2013-05-29,0.1636418
2013-05-30,
2013-05-31,
2013-06-01,0.17994265
2013-06-02,
2013-06-03,0.17026012
2013-06-04,
2013-06-05,0.163029
2013-06-06,0.1660343
2013-06-07,
2013-06-08,0.19452293
2013-06-09,
2013-06-10,
2013-06-11,
2013-06-12,0.19478379
2013-06-13,0.20691343
2013-06-14,
2013-06-15,0.1825277
2013-06-16,
2013-06-17,
2013-06-18,
2013-06-19,0.19272158
2013-06-20,0.16855696
2013-06-21,0.18261321
2013-06-22,0.19613987
2013-06-23,
2013-06-24,0.20102018
2013-06-25,
2013-06-26,0.18686001
2013-06-27,0.2043834
2013-06-28,0.18333358
2013-06-29,0.16524634
2013-06-30,0.17414428
2013-07-01,0.18585306
2013-07-02,
2013-07-03,0.16804916
2013-07-04,
2013-07-05,0.18913452
2013-07-06,0.19489515
2013-07-07,0.1836484
2013-07-08,0.201994
2013-07-09,
2013-07-10,0.23039486
2013-07-11,
2013-07-12,
2013-07-13,
2013-07-14,0.15488133
2013-07-15,0.18376406
2013-07-16,0.16771553
2013-07-17,0.18949609
2013-07-18,
2013-07-19,
2013-07-20,
2013-07-21,0.18050079
2013-07-22,0.19897662
2013-07-23,0.20768571
2013-07-24,0.20004936
2013-07-25,
2013-07-26,0.20135348
2013-07-27,
2013-07-28,0.14537926
2013-07-29,0.17163448
2013-07-30,0.15593907
2013-07-31,0.13598034
2013-08-01,0.17654607
2013-08-02,0.1752552
2013-08-03,
2013-08-04,
2013-08-05,
2013-08-06,
2013-08-07,0.1882042
2013-08-08,0.1776615
2013-08-09,0.18632819
2013-08-10,
2013-08-11,0.20879157
2013-08-12,
2013-08-13,0.18071063
2013-08-14,0.20686539
2013-08-15,0.17280228
2013-08-16,
2013-08-17,0.17174791
2013-08-18,0.19472636
2013-08-19,
2013-08-20,
2013-08-21,
2013-08-22,
2013-08-23,0.1909041
2013-08-24,0.19272582
2013-08-25,0.20502721
2013-08-26,
2013-08-27,0.20035668
2013-08-28,
2013-08-29,
2013-08-30,0.18280667
2013-08-31,0.17430405
2013-09-01,0.19094163
2013-09-02,0.17703567
2013-09-03,0.17794882
2013-09-04,
2013-09-05,
2013-09-06,
2013-09-07,
2013-09-08,0.16790366
2013-09-09,0.16443014
2013-09-10,0.16699943
2013-09-11,
2013-09-12,0.1944015
2013-09-13,
2013-09-14,
2013-09-15,0.21109419
2013-09-16,
2013-09-17,0.18179443
2013-09-18,0.1608601
2013-09-19,0.17396092
2013-09-20,
2013-09-21,
2013-09-22,
2013-09-23,
2013-09-24,0.21262711
2013-09-25,0.1884722
2013-09-26,0.24775124
2013-09-27,
2013-09-28,0.24061532
2013-09-29,
2013-09-30,
2013-10-01,0.1995033
2013-10-02,
2013-10-03,0.2009847
2013-10-04,0.21681504
2013-10-05,0.26362646
2013-10-06,
2013-10-07,
2013-10-08,
2013-10-09,
2013-10-10,0.20925985
2013-10-11,0.1823363
2013-10-12,0.22075541
2013-10-13,
2013-10-14,0.22969756
2013-10-15,
2013-10-16,
2013-10-17,0.2581333
2013-10-18,
2013-10-19,0.18818782
2013-10-20,0.19553156
2013-10-21,0.23346004
2013-10-22,
2013-10-23,
2013-10-24,
2013-10-25,
2013-10-26,0.21939309
2013-10-27,0.15737076
2013-10-28,0.20563532
2013-10-29,
2013-10-30,0.21248873
2013-10-31,
2013-11-01,
2013-11-02,0.20823957
2013-11-03,
2013-11-04,0.17034131
2013-11-05,
2013-11-06,0.18328196
2013-11-07,
2013-11-08,
2013-11-09,
2013-11-10,
2013-11-11,0.16755924
2013-11-12,0.16931748
2013-11-13,0.17215526
2013-11-14,
2013-11-15,0.17503509
2013-11-16,
2013-11-17,
2013-11-18,0.2316905
2013-11-19,0.20040783
2013-11-20,0.21058832
2013-11-21,
2013-11-22,0.18059261
2013-11-23,
2013-11-24,
2013-11-25,
2013-11-26,
2013-11-27,
2013-11-28,0.14669861
2013-11-29,0.17675033
2013-11-30,
2013-12-01,0.18648888
2013-12-02,
2013-12-03,
2013-12-04,0.14385408
2013-12-05,0.15777922
2013-12-06,0.19560581
2013-12-07,0.17866537
2013-12-08,0.17186736
2013-12-09,
2013-12-10,
2013-12-11,
2013-12-12,
2013-12-13,0.20251247
2013-12-14,
2013-12-15,0.19838452
2013-12-16,
2013-12-17,0.23854604
2013-12-18,
2013-12-19,
2013-12-20,
2013-12-21,0.19855043
2013-12-22,0.20651408
2013-12-23,0.19645514
2013-12-24,0.19899711
2013-12-25,
2013-12-26,0.25993308
2013-12-27,
2013-12-28,
2013-12-29,0.19034088
2013-12-30,0.18670677
2013-12-31,0.22115535
2014-01-01,
2014-01-02,0.20115544
2014-01-03,
2014-01-04,
2014-01-05,0.18362828
2014-01-06,0.15531832
2014-01-07,0.19325626
2014-01-08,0.18633229
2014-01-09,0.19436157
2014-01-10,
2014-01-11,
2014-01-12,
2014-01-13,
2014-01-14,0.18093452
2014-01-15,0.18227017
2014-01-16,0.1987735
2014-01-17,
2014-01-18,0.202698
2014-01-19,
2014-01-20,
2014-01-21,0.22727644
2014-01-22,
2014-01-23,0.21362652
2014-01-24,0.22625831
2014-01-25,0.25137228
2014-01-26,
2014-01-27,
2014-01-28,
2014-01-29,
2014-01-30,0.1691937
2014-01-31,0.17004195
2014-02-01,0.19825387
2014-02-02,
2014-02-03,0.18536854
2014-02-04,
2014-02-05,
2014-02-06,0.17232434
2014-02-07,0.14521746
2014-02-08,0.1488249
2014-02-09,0.13018991
2014-02-10,0.15728994
2014-02-11,
2014-02-12,
2014-02-13,
2014-02-14,
2014-02-15,0.16661197
2014-02-16,0.16520382
2014-02-17,0.19219002
2014-02-18,
2014-02-19,0.23771894
2014-02-20,
2014-02-21,
2014-02-22,0.21138822
2014-02-23,0.17221719
2014-02-24,0.17851776
2014-02-25,
2014-02-26,0.16361059
2014-02-27,
2014-02-28,
2014-03-01,
2014-03-02,
2014-03-03,0.1358063
2014-03-04,0.13939309
2014-03-05,0.16627309
2014-03-06,
2014-03-07,0.1476008
2014-03-08,
2014-03-09,
2014-03-10,0.15421076
2014-03-11,0.11138723
2014-03-12,
2014-03-13,0.1348548
2014-03-14,0.13047704
2014-03-15,
2014-03-16,
2014-03-17,
2014-03-18,
2014-03-19,
2014-03-20,0.15573777
2014-03-21,0.1775961
2014-03-22,
2014-03-23,
2014-03-24,
2014-03-25,
2014-03-26,0.11268306
2014-03-27,
2014-03-28,0.16750489
2014-03-29,
2014-03-30,0.15689
2014-03-31,
2014-04-01,
2014-04-02,
2014-04-03,
2014-04-04,0.13910176
2014-04-05,0.15995324
2014-04-06,0.1420989
2014-04-07,
2014-04-08,0.1561746
2014-04-09,
2014-04-10,
2014-04-11,0.1372084
2014-04-12,
2014-04-13,0.15476945
2014-04-14,
2014-04-15,
2014-04-16,
2014-04-17,
2014-04-18,
2014-04-19,
2014-04-20,0.15516196
2014-04-21,0.15211323
2014-04-22,0.17638683
2014-04-23,
2014-04-24,0.16210333
2014-04-25,
2014-04-26,
2014-04-27,
2014-04-28,0.14513086
2014-04-29,0.14247568
2014-04-30,0.15672176
2014-05-01,0.1562812
2014-05-02,
2014-05-03,0.17359403
2014-05-04,
2014-05-05,0.15117559
2014-05-06,0.14745496
2014-05-07,0.15186974
2014-05-08,0.16176309
2014-05-09,
2014-05-10,0.17734191
2014-05-11,
2014-05-12,
2014-05-13,
2014-05-14,0.17054075
2014-05-15,0.16487175
2014-05-16,0.18887424
2014-05-17,0.1551033
2014-05-18,
2014-05-19,
2014-05-20,
2014-05-21,0.16438629
2014-05-22,
2014-05-23,0.17343608
2014-05-24,0.16194849
2014-05-25,
2014-05-26,0.1582749
2014-05-27,
2014-05-28,
2014-05-29,
2014-05-30,0.15984464
2014-05-31,0.16389255
2014-06-01,0.19727425
2014-06-02,0.16152713
2014-06-03,
2014-06-04,0.15993947
2014-06-05,
2014-06-06,0.18475565
2014-06-07,0.17946233
2014-06-08,
2014-06-09,0.16095443
2014-06-10,
2014-06-11,0.15730046
2014-06-12,
2014-06-13,
2014-06-14,
2014-06-15,
2014-06-16,0.195156
2014-06-17,
2014-06-18,0.21958405
2014-06-19,
2014-06-20,0.24258046
2014-06-21,
2014-06-22,0.1521997
2014-06-23,0.1581347
2014-06-24,0.16981453
2014-06-25,0.18790948
2014-06-26,
2014-06-27,0.19976829
2014-06-28,
2014-06-29,0.1844276
2014-06-30,
2014-07-01,0.18209015
2014-07-02,
2014-07-03,0.2099403
2014-07-04,0.2109872
2014-07-05,
2014-07-06,
2014-07-07,
2014-07-08,0.19258983
2014-07-09,0.17820369
2014-07-10,0.19606629
2014-07-11,0.21438855
2014-07-12,
2014-07-13,0.27122563
2014-07-14,
2014-07-15,
2014-07-16,0.2444787
2014-07-17,0.20974341
2014-07-18,0.19766471
2014-07-19,0.17933492
2014-07-20,0.20630525
2014-07-21,
2014-07-22,
2014-07-23,
2014-07-24,0.23184057
2014-07-25,0.20774266
2014-07-26,0.16059197
2014-07-27,0.194002
2014-07-28,
2014-07-29,0.1778314
2014-07-30,
2014-07-31,0.1796671
2014-08-01,0.14901426
2014-08-02,0.1568013
2014-08-03,0.16517611
2014-08-04,0.14672144
2014-08-05,0.17971489
2014-08-06,
2014-08-07,
2014-08-08,
2014-08-09,0.15666476
2014-08-10,0.19201212
2014-08-11,0.1911009
2014-08-12,0.2184974
2014-08-13,
2014-08-14,0.21801428
2014-08-15,
2014-08-16,
2014-08-17,0.22135854
2014-08-18,0.19353184
2014-08-19,0.20357896
2014-08-20,0.18393329
2014-08-21,0.2314062
2014-08-22,
2014-08-23,
2014-08-24,
2014-08-25,
2014-08-26,0.16210221
2014-08-27,0.16061585
2014-08-28,
2014-08-29,
2014-08-30,0.20274968
2014-08-31,
2014-09-01,
2014-09-02,0.2748061
2014-09-03,0.19097789
2014-09-04,0.18674012
2014-09-05,0.2041638
2014-09-06,0.20315538
2014-09-07,
2014-09-08,0.16521856
2014-09-09,
2014-09-10,
2014-09-11,0.23302148
2014-09-12,0.16171649
2014-09-13,0.22065523
2014-09-14,
2014-09-15,0.1983996
2014-09-16,
2014-09-17,
2014-09-18,0.16096115
2014-09-19,
2014-09-20,0.19056194
2014-09-21,0.1458426
2014-09-22,0.14479895
2014-09-23,
2014-09-24,
2014-09-25,
2014-09-26,
2014-09-27,0.18666397
2014-09-28,
2014-09-29,0.17871888
2014-09-30,
2014-10-01,0.18110438
2014-10-02,
2014-10-03,
2014-10-04,0.21057472
2014-10-05,
2014-10-06,0.1883004
2014-10-07,0.17121097
2014-10-08,0.22894765
2014-10-09,
2014-10-10,
2014-10-11,
2014-10-12,
2014-10-13,0.1586572
2014-10-14,0.20049317
2014-10-15,0.14939816
2014-10-16,
2014-10-17,0.19114995
2014-10-18,
2014-10-19,
2014-10-20,0.20639862
2014-10-21,
2014-10-22,0.21528491
2014-10-23,
2014-10-24,0.21979043
2014-10-25,
2014-10-26,
2014-10-27,
2014-10-28,
2014-10-29,0.18779513
2014-10-30,0.16913804
2014-10-31,0.21532273
2014-11-01,
2014-11-02,0.22377509
2014-11-03,
2014-11-04,
2014-11-05,0.2210311
2014-11-06,0.18409853
2014-11-07,0.20197482
2014-11-08,0.181846
2014-11-09,0.18403639
2014-11-10,
2014-11-11,
2014-11-12,
2014-11-13,
2014-11-14,0.18307918
2014-11-15,0.16842721
2014-11-16,0.19978136
2014-11-17,
2014-11-18,0.20120062
2014-11-19,
2014-11-20,
2014-11-21,0.19497907
2014-11-22,0.15574324
2014-11-23,0.17801681
2014-11-24,
2014-11-25,0.19903547
2014-11-26,
2014-11-27,0.2289919
2014-11-28,
2014-11-29,
2014-11-30,0.17148925
2014-12-01,0.17841268
2014-12-02,0.18799175
2014-12-03,
2014-12-04,0.1691172
2014-12-05,
2014-12-06,
2014-12-07,0.1842882
2014-12-08,0.18183091
2014-12-09,0.19641922
2014-12-10,0.2004177
2014-12-11,0.20056365
2014-12-12,
2014-12-13,
2014-12-14,
2014-12-15,0.16065757
2014-12-16,
2014-12-17,0.16442311
2014-12-18,0.19152914
2014-12-19,
2014-12-20,
2014-12-21,
2014-12-22,
2014-12-23,0.18773805
2014-12-24,0.1709053
2014-12-25,0.18084197
2014-12-26,0.16783482
2014-12-27,0.18200223
2014-12-28,
2014-12-29,
2014-12-30,
2014-12-31,
2015-01-01,0.1811516
2015-01-02,0.16385014
2015-01-03,0.19128276
2015-01-04,
2015-01-05,0.17887132
2015-01-06,
2015-01-07,
2015-01-08,0.20872933
2015-01-09,0.21493919
2015-01-10,0.22157827
2015-01-11,0.18680258
2015-01-12,0.2025835
2015-01-13,
2015-01-14,
2015-01-15,
2015-01-16,0.16714655
2015-01-17,
2015-01-18,0.15152696
2015-01-19,0.15669048
2015-01-20,
2015-01-21,0.15999985
2015-01-22,
2015-01-23,
2015-01-24,0.16316256
2015-01-25,0.17080405
2015-01-26,
2015-01-27,0.156443
2015-01-28,0.24318443
2015-01-29,
2015-01-30,
2015-01-31,
2015-02-01,
2015-02-02,0.16781479
2015-02-03,0.16297233
2015-02-04,0.192958
2015-02-05,
2015-02-06,0.19858798
2015-02-07,
2015-02-08,
2015-02-09,0.18556155
2015-02-10,
2015-02-11,0.1928797
2015-02-12,
2015-02-13,0.18288267
2015-02-14,
2015-02-15,
2015-02-16,
2015-02-17,
2015-02-18,0.2107396
2015-02-19,0.21288909
2015-02-20,0.2303518
2015-02-21,
2015-02-22,0.19830912
2015-02-23,
2015-02-24,
2015-02-25,0.15571919
2015-02-26,0.14810474
2015-02-27,0.16228944
2015-02-28,0.1606423
2015-03-01,0.13056675
2015-03-02,
2015-03-03,
2015-03-04,
2015-03-05,
2015-03-06,0.15516523
2015-03-07,
2015-03-08,0.19315541
2015-03-09,
2015-03-10,
2015-03-11,
2015-03-12,
2015-03-13,0.1672331
2015-03-14,0.17691414
2015-03-15,0.16729203
2015-03-16,
2015-03-17,0.15511923
2015-03-18,
2015-03-19,
2015-03-20,
2015-03-21,
2015-03-22,0.1619283
2015-03-23,
2015-03-24,0.13941738
2015-03-25,
2015-03-26,
2015-03-27,
2015-03-28,
2015-03-29,0.16728912
2015-03-30,0.16368839
2015-03-31,0.20080337
2015-04-01,
2015-04-02,0.16178592
2015-04-03,
2015-04-04,
2015-04-05,
2015-04-06,
2015-04-07,0.16482632
2015-04-08,0.17246643
2015-04-09,0.18601052
2015-04-10,
2015-04-11,0.16073081
2015-04-12,
2015-04-13,
2015-04-14,0.14544447
2015-04-15,
2015-04-16,0.17607853
2015-04-17,0.1382715
2015-04-18,0.17852184
2015-04-19,
2015-04-20,
2015-04-21,
2015-04-22,
2015-04-23,
2015-04-24,0.16230303
2015-04-25,0.15583757
2015-04-26,
2015-04-27,0.18315487
2015-04-28,
2015-04-29,0.13558446
2015-04-30,0.124960005
2015-05-01,0.10252057
2015-05-02,0.13599545
2015-05-03,0.14315899
2015-05-04,0.13511752
2015-05-05,
2015-05-06,
2015-05-07,
2015-05-08,0.13005228
2015-05-09,
2015-05-10,0.14218938
2015-05-11,0.14210017
2015-05-12,
2015-05-13,0.16349754
2015-05-14,
2015-05-15,
2015-05-16,0.15925199
2015-05-17,0.15912262
2015-05-18,0.14100279
2015-05-19,0.17354059
2015-05-20,0.16561812
2015-05-21,
2015-05-22,0.14878382
2015-05-23,
2015-05-24,0.12979227
2015-05-25,
2015-05-26,
2015-05-27,0.084003344
2015-05-28,
2015-05-29,0.0760775
2015-05-30,
2015-05-31,0.08450937
2015-06-01,0.08260024
2015-06-02,
2015-06-03,0.0662302
2015-06-04,0.06636915
2015-06-05,
2015-06-06,
2015-06-07,0.07569984
2015-06-08,
2015-06-09,0.06650889
2015-06-10,0.06301327
2015-06-11,0.05313618
2015-06-12,
2015-06-13,
2015-06-14,
2015-06-15,
2015-06-16,
2015-06-17,
2015-06-18,0.10936906
2015-06-19,
2015-06-20,0.0948858
2015-06-21,0.13969444
2015-06-22,
2015-06-23,
2015-06-24,
2015-06-25,
2015-06-26,0.14113109
2015-06-27,0.16302253
2015-06-28,0.16585933
2015-06-29,
2015-06-30,0.13775326
2015-07-01,
2015-07-02,0.119978264
2015-07-03,0.10306521
2015-07-04,
2015-07-05,0.09175209
2015-07-06,
2015-07-07,0.09593684
2015-07-08,
2015-07-09,
2015-07-10,
2015-07-11,0.07495811
2015-07-12,0.056368418
2015-07-13,0.05963844
2015-07-14,0.05717492
2015-07-15,
2015-07-16,0.06492626
2015-07-17,
2015-07-18,0.050364744
2015-07-19,0.04521798
2015-07-20,
2015-07-21,
2015-07-22,
2015-07-23,
2015-07-24,
2015-07-25,0.07066616
2015-07-26,
2015-07-27,0.06268436
2015-07-28,0.058056742
2015-07-29,0.056347862
2015-07-30,0.051504593
2015-07-31,
2015-08-01,0.05581256
2015-08-02,
2015-08-03,
2015-08-04,
2015-08-05,0.06007868
2015-08-06,0.058646493
2015-08-07,0.047798377
2015-08-08,0.042322304
2015-08-09,
2015-08-10,
2015-08-11,
2015-08-12,0.056044385
2015-08-13,0.045925394
2015-08-14,0.050982255
2015-08-15,
2015-08-16,
2015-08-17,0.056865674
2015-08-18,
2015-08-19,
2015-08-20,0.047805216
2015-08-21,0.051201522
2015-08-22,0.050723612
2015-08-23,0.04530407
2015-08-24,0.052799817
2015-08-25,
2015-08-26,
2015-08-27,
2015-08-28,0.061748568
2015-08-29,
2015-08-30,0.050185878
2015-08-31,0.049518716
2015-09-01,
2015-09-02,0.054962587
2015-09-03,
2015-09-04,
2015-09-05,
2015-09-06,
2015-09-07,0.04753498
2015-09-08,0.053068463
2015-09-09,0.047020447
2015-09-10,
2015-09-11,
2015-09-12,
2015-09-13,
2015-09-14,0.046752576
2015-09-15,0.054664146
2015-09-16,0.05258212
2015-09-17,
2015-09-18,0.047662478
2015-09-19,
2015-09-20,
2015-09-21,
2015-09-22,0.044967987
2015-09-23,0.03443224
2015-09-24,
2015-09-25,
2015-09-26,
2015-09-27,
2015-09-28,
2015-09-29,0.05238309
2015-09-30,0.047261123
2015-10-01,0.044955052
2015-10-02,0.031772077
2015-10-03,
2015-10-04,
2015-10-05,
2015-10-06,
2015-10-07,
2015-10-08,
2015-10-09,
2015-10-10,
2015-10-11,0.06217558
2015-10-12,
2015-10-13,
2015-10-14,
2015-10-15,
2015-10-16,0.05383448
2015-10-17,0.058954224
2015-10-18,0.055862
2015-10-19,
2015-10-20,
2015-10-21,
2015-10-22,
2015-10-23,0.046050046
2015-10-24,
2015-10-25,0.04273288
2015-10-26,0.048995808
2015-10-27,0.051074393
2015-10-28,
2015-10-29,0.054976624
2015-10-30,
2015-10-31,
2015-11-01,0.043046143
2015-11-02,0.039753795
2015-11-03,0.036362235
2015-11-04,
2015-11-05,0.04811797
2015-11-06,
2015-11-07,
2015-11-08,0.046540815
2015-11-09,0.040830247
2015-11-10,0.03999846
2015-11-11,0.03531468
2015-11-12,0.04282166
2015-11-13,
2015-11-14,0.04161807
2015-11-15,
2015-11-16,
2015-11-17,0.04057694
2015-11-18,0.0394956
2015-11-19,0.03973169
2015-11-20,
2015-11-21,0.045784757
2015-11-22,
2015-11-23,
2015-11-24,
2015-11-25,
2015-11-26,0.049303915
2015-11-27,
2015-11-28,
2015-11-29,
2015-11-30,
2015-12-01,
2015-12-02,
2015-12-03,
2015-12-04,
2015-12-05,
2015-12-06,
2015-12-07,0.050811313
2015-12-08,
2015-12-09,
2015-12-10,
2015-12-11,0.042378362
2015-12-12,0.04203885
2015-12-13,
2015-12-14,
2015-12-15,
2015-12-16,
2015-12-17,
2015-12-18,
2015-12-19,
2015-12-20,
2015-12-21,
2015-12-22,
2015-12-23,0.07448989
2015-12-24,
2015-12-25,0.057815816
2015-12-26,0.03961589
2015-12-27,0.04280237
2015-12-28,0.042807672
2015-12-29,
2015-12-30,
2015-12-31,
2016-01-01,
2016-01-02,
2016-01-03,
2016-01-04,
2016-01-05,
2016-01-06,
2016-01-07,
2016-01-08,
2016-01-09,
2016-01-10,
2016-01-11,
2016-01-12,
2016-01-13,
2016-01-14,
2016-01-15,
2016-01-16,
2016-01-17,
2016-01-18,
2016-01-19,
2016-01-20,
2016-01-21,0.07406771
2016-01-22,
2016-01-23,
2016-01-24,0.06815391
2016-01-25,
2016-01-26,
2016-01-27,0.06847079
2016-01-28,0.0758235
2016-01-29,
2016-01-30,
2016-01-31,0.06146348
2016-02-01,
2016-02-02,
2016-02-03,
2016-02-04,
2016-02-05,
2016-02-06,
2016-02-07,
2016-02-08,
2016-02-09,0.062072966
2016-02-10,
2016-02-11,
2016-02-12,
2016-02-13,0.05739854
2016-02-14,0.07611809
2016-02-15,
2016-02-16,
2016-02-17,
2016-02-18,
2016-02-19,
2016-02-20,
2016-02-21,
2016-02-22,
2016-02-23,
2016-02-24,
2016-02-25,0.080914244
2016-02-26,
2016-02-27,
2016-02-28,0.073185325
2016-02-29,
2016-03-01,0.09245928
2016-03-02,
2016-03-03,
2016-03-04,
2016-03-05,
2016-03-06,
2016-03-07,
2016-03-08,0.05430239
2016-03-09,0.08050237
2016-03-10,
2016-03-11,
2016-03-12,
2016-03-13,
2016-03-14,
2016-03-15,
2016-03-16,
2016-03-17,0.1429672
2016-03-18,
2016-03-19,0.16116315
2016-03-20,
2016-03-21,
2016-03-22,
2016-03-23,
2016-03-24,0.14949042
2016-03-25,
2016-03-26,0.13409469
2016-03-27,
2016-03-28,
2016-03-29,
2016-03-30,
2016-03-31,
2016-04-01,0.12381504
2016-04-02,0.13456394
2016-04-03,0.16908959
2016-04-04,0.1676348
2016-04-05,
2016-04-06,
2016-04-07,
2016-04-08,
2016-04-09,
2016-04-10,
2016-04-11,
2016-04-12,
2016-04-13,0.15762119
2016-04-14,
2016-04-15,
2016-04-16,0.21299116
2016-04-17,0.2377255
2016-04-18,0.17205782
2016-04-19,
2016-04-20,
2016-04-21,
2016-04-22,
2016-04-23,
2016-04-24,
2016-04-25,
2016-04-26,0.11303322
2016-04-27,0.13881588
2016-04-28,
2016-04-29,0.18371631
2016-04-30,
2016-05-01,
2016-05-02,0.218081
2016-05-03,0.19419225
2016-05-04,0.24381971
2016-05-05,0.14707127
2016-05-06,0.22633879
2016-05-07,
2016-05-08,
2016-05-09,
2016-05-10,0.18415137
2016-05-11,0.12782189
2016-05-12,0.14737429
2016-05-13,0.17679432
2016-05-14,
2016-05-15,0.18362604
2016-05-16,
2016-05-17,
2016-05-18,0.21924949
2016-05-19,
2016-05-20,
2016-05-21,0.20773548
2016-05-22,0.20171244
2016-05-23,
2016-05-24,
2016-05-25,
2016-05-26,0.197589
2016-05-27,0.19339222
2016-05-28,0.20004047
2016-05-29,0.19498436
2016-05-30,
2016-05-31,0.20241202
2016-06-01,
2016-06-02,0.18158369
2016-06-03,0.21023707
2016-06-04,0.19138229
2016-06-05,0.18237728
2016-06-06,
2016-06-07,0.21953225
2016-06-08,
2016-06-09,0.22491044
2016-06-10,
2016-06-11,0.18845163
2016-06-12,0.23545152
2016-06-13,0.23680179
2016-06-14,0.2063379
2016-06-15,
2016-06-16,0.26999912
2016-06-17,
2016-06-18,0.22481138
2016-06-19,0.21999738
2016-06-20,0.18941818
2016-06-21,0.21237297
2016-06-22,
2016-06-23,0.25703913
2016-06-24,
2016-06-25,
2016-06-26,
2016-06-27,
2016-06-28,
2016-06-29,0.17642051
2016-06-30,0.19824913
2016-07-01,
2016-07-02,0.22292838
2016-07-03,
2016-07-04,0.18000878
2016-07-05,0.17007548
2016-07-06,0.16321503
2016-07-07,0.18198414
2016-07-08,0.18246773
2016-07-09,0.21291387
2016-07-10,
2016-07-11,0.2317736
2016-07-12,
2016-07-13,0.20621319
2016-07-14,0.2596271
2016-07-15,0.23328407
2016-07-16,0.23626399
2016-07-17,
2016-07-18,0.2087464
2016-07-19,
2016-07-20,
2016-07-21,0.2070285
2016-07-22,0.21961471
2016-07-23,0.21230197
2016-07-24,0.23695649
2016-07-25,0.20507206
2016-07-26,
2016-07-27,
2016-07-28,
2016-07-29,0.20634046
2016-07-30,0.22625518
2016-07-31,0.22323269
2016-08-01,0.21441494
2016-08-02,
2016-08-03,0.20018059
2016-08-04,
2016-08-05,
2016-08-06,0.23438254
2016-08-07,0.22389944
2016-08-08,0.22676572
2016-08-09,0.23534179
2016-08-10,0.2510514
2016-08-11,
2016-08-12,
2016-08-13,
2016-08-14,
2016-08-15,0.1952677
2016-08-16,0.19678049
2016-08-17,0.19674526
2016-08-18,
2016-08-19,0.22661918
2016-08-20,
2016-08-21,
2016-08-22,0.2799977
2016-08-23,0.3029773
2016-08-24,0.26220798
2016-08-25,0.27406254
2016-08-26,0.27572736
2016-08-27,
2016-08-28,
2016-08-29,
2016-08-30,
2016-08-31,0.2639271
2016-09-01,0.28639522
2016-09-02,0.27277425
2016-09-03,
2016-09-04,0.2921788
2016-09-05,
2016-09-06,
2016-09-07,0.16909017
2016-09-08,0.19348288
2016-09-09,0.22435862
2016-09-10,0.14633268
2016-09-11,0.2037021
2016-09-12,
2016-09-13,
2016-09-14,
2016-09-15,
2016-09-16,0.1904961
2016-09-17,
2016-09-18,0.19787616
2016-09-19,
2016-09-20,0.22036403
2016-09-21,
2016-09-22,
2016-09-23,0.21761262
2016-09-24,
2016-09-25,0.22931425
2016-09-26,0.18422434
2016-09-27,0.21156208
2016-09-28,
2016-09-29,
2016-09-30,
2016-10-01,
2016-10-02,0.18121678
2016-10-03,
2016-10-04,0.20050949
2016-10-05,
2016-10-06,0.23433542
2016-10-07,
2016-10-08,
2016-10-09,0.18560705
2016-10-10,
2016-10-11,0.31684202
2016-10-12,
2016-10-13,0.28046504
2016-10-14,
2016-10-15,
2016-10-16,
2016-10-17,
2016-10-18,0.24706787
2016-10-19,0.17948417
2016-10-20,0.25198275
2016-10-21,
2016-10-22,0.21091536
2016-10-23,
2016-10-24,
2016-10-25,0.17012367
2016-10-26,
2016-10-27,0.18703203
2016-10-28,
2016-10-29,0.16769639
2016-10-30,
2016-10-31,
2016-11-01,
2016-11-02,
2016-11-03,0.20003307
2016-11-04,0.19219065
2016-11-05,0.22025585
2016-11-06,
2016-11-07,0.2207157
2016-11-08,
2016-11-09,
2016-11-10,0.13449681
2016-11-11,
2016-11-12,0.14188066
2016-11-13,0.14867371
2016-11-14,0.13825677
2016-11-15,
2016-11-16,0.12670122
2016-11-17,
2016-11-18,
2016-11-19,0.12062124
2016-11-20,0.1341775
2016-11-21,0.12923877
2016-11-22,
2016-11-23,0.16910063
2016-11-24,
2016-11-25,
2016-11-26,0.16558795
2016-11-27,0.16888294
2016-11-28,0.19196838
2016-11-29,
2016-11-30,0.20415793
2016-12-01,
2016-12-02,0.19494769
2016-12-03,
2016-12-04,0.126959
2016-12-05,
2016-12-06,
2016-12-07,0.17461918
2016-12-08,
2016-12-09,0.18978503
2016-12-10,
2016-12-11,
2016-12-12,0.17067695
2016-12-13,0.16903691
2016-12-14,0.16796021
2016-12-15,0.17492709
2016-12-16,0.17298315
2016-12-17,
2016-12-18,
2016-12-19,
2016-12-20,
2016-12-21,0.17322178
2016-12-22,0.16844508
2016-12-23,0.15643975
2016-12-24,
2016-12-25,0.22138812
2016-12-26,
2016-12-27,
2016-12-28,0.19838725
2016-12-29,0.19711372
2016-12-30,0.17454927
2016-12-31,
2017-01-01,0.14903414
2017-01-02,
2017-01-03,
2017-01-04,
2017-01-05,
2017-01-06,0.17010494
2017-01-07,0.18168174
2017-01-08,0.210738
2017-01-09,
2017-01-10,0.20160054
2017-01-11,
2017-01-12,
2017-01-13,0.18480997
2017-01-14,0.1772564
2017-01-15,0.17764248
2017-01-16,0.16686381
2017-01-17,0.15395303
2017-01-18,
2017-01-19,
2017-01-20,
2017-01-21,
2017-01-22,0.17281154
2017-01-23,0.15264744
2017-01-24,
2017-01-25,
2017-01-26,0.1691226
2017-01-27,
2017-01-28,
2017-01-29,0.16283923
2017-01-30,
2017-01-31,0.17344345
2017-02-01,
2017-02-02,0.18979521
2017-02-03,
2017-02-04,
2017-02-05,
2017-02-06,
2017-02-07,0.18439534
2017-02-08,0.18035707
2017-02-09,0.20495549
2017-02-10,
2017-02-11,0.22763738
2017-02-12,
2017-02-13,
2017-02-14,0.14501616
2017-02-15,0.13719015
2017-02-16,0.15517797
2017-02-17,0.1627369
2017-02-18,0.1952825
2017-02-19,
2017-02-20,
2017-02-21,
2017-02-22,
2017-02-23,0.1549421
2017-02-24,0.15201885
2017-02-25,0.17973211
2017-02-26,
2017-02-27,0.18983257
2017-02-28,
2017-03-01,
2017-03-02,0.1311385
2017-03-03,0.15557726
2017-03-04,0.15987267
2017-03-05,0.16355355
2017-03-06,0.16402932
2017-03-07,
2017-03-08,
2017-03-09,
2017-03-10,
2017-03-11,0.17120124
2017-03-12,0.16224611
2017-03-13,0.18003963
2017-03-14,
2017-03-15,0.16393647
2017-03-16,
2017-03-17,
2017-03-18,0.1710676
2017-03-19,0.17322835
2017-03-20,0.17700092
2017-03-21,0.16047183
2017-03-22,0.16704497
2017-03-23,
2017-03-24,
2017-03-25,
2017-03-26,
2017-03-27,0.18066241
2017-03-28,0.17536943
2017-03-29,0.20366873
2017-03-30,
2017-03-31,0.21558966
2017-04-01,
2017-04-02,
2017-04-03,0.16873619
2017-04-04,
2017-04-05,0.18345684
2017-04-06,0.16224569
2017-04-07,0.1863732
2017-04-08,
2017-04-09,
2017-04-10,
2017-04-11,
2017-04-12,0.14507554
2017-04-13,0.15932865
2017-04-14,0.15881059
2017-04-15,
2017-04-16,0.16242732
2017-04-17,
2017-04-18,
2017-04-19,0.15685052
2017-04-20,0.15246055
2017-04-21,0.15511592
2017-04-22,0.15249571
2017-04-23,0.15012701
2017-04-24,
2017-04-25,
2017-04-26,
2017-04-27,
2017-04-28,
2017-04-29,0.13775851
2017-04-30,0.15455204
2017-05-01,
2017-05-02,0.16367602
2017-05-03,
2017-05-04,
2017-05-05,0.1544631
2017-05-06,0.15062565
2017-05-07,0.13557222
2017-05-08,0.14271106
2017-05-09,0.15313163
2017-05-10,
2017-05-11,
2017-05-12,
2017-05-13,0.1282129
2017-05-14,
2017-05-15,0.16399667
2017-05-16,0.1562579
2017-05-17,
2017-05-18,0.18616144
2017-05-19,
2017-05-20,
2017-05-21,0.17358635
2017-05-22,0.17239898
2017-05-23,0.186784
2017-05-24,
2017-05-25,0.21482246
2017-05-26,
2017-05-27,
2017-05-28,
2017-05-29,0.15771124
2017-05-30,0.15203503
2017-05-31,
2017-06-01,0.17014588
2017-06-02,
2017-06-03,0.18716823
2017-06-04,
2017-06-05,0.17137806
2017-06-06,0.16099085
2017-06-07,0.15555352
2017-06-08,0.14849438
2017-06-09,0.1553116
2017-06-10,0.16037178
2017-06-11,
2017-06-12,
2017-06-13,
2017-06-14,0.18596008
2017-06-15,0.2335644
2017-06-16,0.20307949
2017-06-17,0.23675741
2017-06-18,
2017-06-19,0.23006247
2017-06-20,
2017-06-21,0.21364403
2017-06-22,0.20095488
2017-06-23,0.17914596
2017-06-24,0.18142602
2017-06-25,0.20295338
2017-06-26,0.2119796
2017-06-27,
2017-06-28,
2017-06-29,
2017-06-30,0.20480914
2017-07-01,
2017-07-02,0.18381642
2017-07-03,0.21499774
2017-07-04,
2017-07-05,0.2149373
2017-07-06,
2017-07-07,0.22041948
2017-07-08,0.1583278
2017-07-09,0.18607314
2017-07-10,0.17984581
2017-07-11,0.18350731
2017-07-12,0.2614633
2017-07-13,
2017-07-14,
2017-07-15,
2017-07-16,0.21892038
2017-07-17,0.29867792
2017-07-18,
2017-07-19,0.26152843
2017-07-20,
2017-07-21,0.30804202
2017-07-22,
2017-07-23,
2017-07-24,
2017-07-25,0.21075787
2017-07-26,0.3246789
2017-07-27,0.3182565
2017-07-28,0.28871724
2017-07-29,
2017-07-30,
2017-07-31,
2017-08-01,0.2537904
2017-08-02,0.2280631
2017-08-03,0.2281271
2017-08-04,0.2697517
2017-08-05,
2017-08-06,0.25810388
2017-08-07,
2017-08-08,
2017-08-09,0.23093605
2017-08-10,0.18732156
2017-08-11,0.19227478
2017-08-12,0.20211042
2017-08-13,0.2245896
2017-08-14,
2017-08-15,
2017-08-16,
2017-08-17,
2017-08-18,0.18856138
2017-08-19,0.16575176
2017-08-20,
2017-08-21,
2017-08-22,0.22253336
2017-08-23,
2017-08-24,
2017-08-25,0.2026803
2017-08-26,0.1847741
2017-08-27,0.2043948
2017-08-28,
2017-08-29,0.21432199
2017-08-30,
2017-08-31,
2017-09-01,
2017-09-02,
2017-09-03,0.19844411
2017-09-04,0.19947913
2017-09-05,0.18355942
2017-09-06,
2017-09-07,0.17183597
2017-09-08,
2017-09-09,
2017-09-10,0.17504391
2017-09-11,
2017-09-12,0.2142064
2017-09-13,
2017-09-14,0.23615436
2017-09-15,
2017-09-16,
2017-09-17,
2017-09-18,
2017-09-19,0.17833811
2017-09-20,0.20273994
2017-09-21,0.2576154
2017-09-22,
2017-09-23,0.25710607
2017-09-24,
2017-09-25,
2017-09-26,0.15233266
2017-09-27,
2017-09-28,0.16656649
2017-09-29,0.16741806
2017-09-30,0.1893682
2017-10-01,
2017-10-02,
2017-10-03,
2017-10-04,
2017-10-05,0.1965398
2017-10-06,
2017-10-07,0.2022266
2017-10-08,
2017-10-09,0.2299248
2017-10-10,
2017-10-11,
2017-10-12,0.20691541
2017-10-13,
2017-10-14,0.20793425
2017-10-15,0.21504775
2017-10-16,0.2266664
2017-10-17,
2017-10-18,
2017-10-19,
2017-10-20,
2017-10-21,
2017-10-22,0.16233552
2017-10-23,0.20536004
2017-10-24,
2017-10-25,0.14603238
2017-10-26,
2017-10-27,
2017-10-28,0.15895984
2017-10-29,0.14759977
2017-10-30,
2017-10-31,0.18659835
2017-11-01,0.17315052
2017-11-02,
2017-11-03,
2017-11-04,
2017-11-05,
2017-11-06,
2017-11-07,
2017-11-08,0.16594622
2017-11-09,
2017-11-10,0.19705907
2017-11-11,
2017-11-12,
2017-11-13,0.1798872
2017-11-14,
2017-11-15,0.1882802
2017-11-16,
2017-11-17,0.18137194
2017-11-18,
2017-11-19,
2017-11-20,
2017-11-21,
2017-11-22,
2017-11-23,0.2191213
2017-11-24,0.18488279
2017-11-25,
2017-11-26,0.20481229
2017-11-27,
2017-11-28,
2017-11-29,0.1789686
2017-11-30,
2017-12-01,0.18825184
2017-12-02,0.21095067
2017-12-03,0.184491
2017-12-04,
2017-12-05,
2017-12-06,
2017-12-07,
2017-12-08,0.21880299
2017-12-09,
2017-12-10,0.21869452
2017-12-11,
2017-12-12,0.23272532
2017-12-13,
2017-12-14,
2017-12-15,0.20013396
2017-12-16,0.18939413
2017-12-17,0.21908897
2017-12-18,0.20413372
2017-12-19,
2017-12-20,
2017-12-21,0.18648864
2017-12-22,
2017-12-23,
2017-12-24,0.18331128
2017-12-25,0.18178813
2017-12-26,0.18812026
2017-12-27,
2017-12-28,0.21161135
2017-12-29,
2017-12-30,
2017-12-31,0.19372855
2018-01-01,0.23111162
2018-01-02,0.21072164
2018-01-03,0.19920479
2018-01-04,0.21329942
2018-01-05,
2018-01-06,
2018-01-07,
2018-01-08,
2018-01-09,0.21867517
2018-01-10,0.18129824
2018-01-11,0.21169753
2018-01-12,
2018-01-13,0.2070065
2018-01-14,
2018-01-15,
2018-01-16,0.17699896
2018-01-17,0.1767467
2018-01-18,0.19213143
2018-01-19,
2018-01-20,0.20424275
2018-01-21,
2018-01-22,
2018-01-23,
2018-01-24,
2018-01-25,0.1697172
2018-01-26,0.15543179
2018-01-27,0.17220446
2018-01-28,
2018-01-29,0.19679911
2018-01-30,
2018-01-31,
2018-02-01,0.18050808
2018-02-02,0.12803987
2018-02-03,0.2131257
2018-02-04,0.20808873
2018-02-05,0.17677988
2018-02-06,
2018-02-07,
2018-02-08,
2018-02-09,
2018-02-10,
2018-02-11,0.15558213
2018-02-12,0.18477193
2018-02-13,
2018-02-14,
2018-02-15,
2018-02-16,
2018-02-17,0.1856798
2018-02-18,0.20263596
2018-02-19,0.19936255
2018-02-20,0.16806914
2018-02-21,
2018-02-22,
2018-02-23,
2018-02-24,
2018-02-25,
2018-02-26,0.1908292
2018-02-27,0.21474907
2018-02-28,0.20544851
2018-03-01,
2018-03-02,
2018-03-03,
2018-03-04,
2018-03-05,0.17516178
2018-03-06,
2018-03-07,0.1870999
2018-03-08,0.16607618
2018-03-09,0.19584404
2018-03-10,
2018-03-11,
2018-03-12,
2018-03-13,
2018-03-14,0.16536793
2018-03-15,0.12775794
2018-03-16,0.15058449
2018-03-17,
2018-03-18,
2018-03-19,
2018-03-20,
2018-03-21,0.16188802
2018-03-22,
2018-03-23,0.1320005
2018-03-24,0.17451365
2018-03-25,0.17980064
2018-03-26,
2018-03-27,
2018-03-28,
2018-03-29,
2018-03-30,0.16618085
2018-03-31,0.1986637
2018-04-01,0.2008037
2018-04-02,
2018-04-03,0.2209967
2018-04-04,
2018-04-05,
2018-04-06,0.17750841
2018-04-07,0.17041598
2018-04-08,0.18923452
2018-04-09,0.171846
2018-04-10,0.19296749
2018-04-11,
2018-04-12,
2018-04-13,
2018-04-14,
2018-04-15,
2018-04-16,0.1646869
2018-04-17,0.18468925
2018-04-18,
2018-04-19,0.18246388
2018-04-20,
2018-04-21,
2018-04-22,0.18651122
2018-04-23,0.15538414
2018-04-24,0.17414117
2018-04-25,
2018-04-26,0.16917773
2018-04-27,
2018-04-28,
2018-04-29,
2018-04-30,
2018-05-01,0.18409719
2018-05-02,0.16998626
2018-05-03,0.16562691
2018-05-04,
2018-05-05,0.17639795
2018-05-06,
2018-05-07,
2018-05-08,0.18087359
2018-05-09,0.16412951
2018-05-10,0.16651316
2018-05-11,0.16545974
2018-05-12,0.1587992
2018-05-13,
2018-05-14,
2018-05-15,
2018-05-16,0.17669563
2018-05-17,0.15619324
2018-05-18,0.13282152
2018-05-19,0.16284859
2018-05-20,
2018-05-21,
2018-05-22,
2018-05-23,0.16162096
2018-05-24,0.17240071
2018-05-25,0.17075962
2018-05-26,0.18416074
2018-05-27,0.19417365
2018-05-28,0.17528182
2018-05-29,
2018-05-30,
2018-05-31,
2018-06-01,0.16229364
2018-06-02,0.18993498
2018-06-03,0.17263868
2018-06-04,
2018-06-05,
2018-06-06,0.18290755
2018-06-07,
2018-06-08,
2018-06-09,0.17668161
2018-06-10,0.17240937
2018-06-11,0.19237989
2018-06-12,0.1945996
2018-06-13,0.18241227
2018-06-14,
2018-06-15,0.1827919
2018-06-16,
2018-06-17,0.17193504
2018-06-18,0.19844869
2018-06-19,0.19628191
2018-06-20,0.17839538
2018-06-21,
