1997-09-04,
1997-09-06,
1997-09-09,
1997-09-10,
1997-09-15,0.06295337
1997-09-16,
1997-09-18,
1997-09-19,0.072103426
1997-09-20,0.064258195
1997-09-21,
1997-09-22,0.06434719
1997-09-23,
1997-09-24,
1997-09-25,
1997-09-26,0.076463446
1997-09-27,
1997-09-28,0.06340074
1997-09-29,
1997-09-30,0.0585976
1997-10-01,0.05761039
1997-10-02,
1997-10-03,
1997-10-04,
1997-10-05,
1997-10-06,
1997-10-07,
1997-10-08,
1997-10-09,0.108100705
1997-10-10,
1997-10-11,
1997-10-12,
1997-10-13,
1997-10-19,
1997-10-20,0.06807845
1997-10-21,
1997-10-22,
1997-10-23,
1997-10-24,
1997-10-25,
1997-10-26,
1997-10-27,
1997-10-28,
1997-10-29,0.113548756
1997-10-30,
1997-10-31,0.15643278
1997-11-01,0.12238121
1997-11-02,0.11230102
1997-11-03,0.08691129
1997-11-04,
1997-11-05,0.08590283
1997-11-06,
1997-11-07,0.067321725
1997-11-08,
1997-11-09,0.06741883
1997-11-10,0.07090369
1997-11-11,0.07313586
1997-11-12,0.07057984
1997-11-13,
1997-11-14,0.067145176
1997-11-15,
1997-11-16,0.072006725
1997-11-17,
1997-11-18,0.07511098
1997-11-19,
1997-11-20,0.06998445
1997-11-21,
1997-11-22,
1997-11-23,
1997-11-24,
1997-11-25,
1997-11-26,
1997-11-27,
1997-11-28,
1997-11-29,
1997-11-30,
1997-12-01,
1997-12-02,
1997-12-03,
1997-12-04,
1997-12-05,
1997-12-06,0.10319508
1997-12-07,
1997-12-08,
1997-12-09,
1997-12-10,
1997-12-11,
1997-12-12,
1997-12-13,
1997-12-14,
1997-12-16,
1997-12-17,
1997-12-18,
1997-12-19,
1997-12-20,
1997-12-21,0.07554504
1997-12-22,
1997-12-23,
1997-12-24,
1997-12-25,0.08466124
1997-12-26,
1997-12-27,
1997-12-28,0.071647696
1997-12-29,
1997-12-30,
1997-12-31,
1998-01-01,
1998-01-02,
1998-01-03,
1998-01-04,
1998-01-05,0.081837006
1998-01-06,0.08382978
1998-01-07,
1998-01-08,
1998-01-09,
1998-01-10,0.06408161
1998-01-11,
1998-01-12,
1998-01-13,
1998-01-14,
1998-01-15,
1998-01-16,
1998-01-17,0.061143935
1998-01-18,
1998-01-19,0.06394735
1998-01-20,
1998-01-21,0.08881153
1998-01-22,
1998-01-23,0.066251166
1998-01-24,
1998-01-25,
1998-01-26,
1998-01-27,
1998-01-28,0.09737579
1998-01-29,
1998-01-30,
1998-01-31,
1998-02-01,
1998-02-02,
1998-02-03,
1998-02-04,
1998-02-05,
1998-02-06,0.082992174
1998-02-07,
1998-02-08,0.07929394
1998-02-09,
1998-02-10,0.09540901
1998-02-11,
1998-02-12,0.08785346
1998-02-13,
1998-02-14,0.11345553
1998-02-15,
1998-02-16,
1998-02-17,
1998-02-18,
1998-02-19,
1998-02-20,
1998-02-21,0.1568424
1998-02-22,
1998-02-23,0.16677329
1998-02-24,
1998-02-25,
1998-02-26,
1998-02-27,
1998-02-28,
1998-03-01,
1998-03-02,0.18142724
1998-03-03,
1998-03-04,
1998-03-05,
1998-03-06,
1998-03-07,
1998-03-08,0.15902458
1998-03-09,
1998-03-10,
1998-03-11,
1998-03-12,
1998-03-13,
1998-03-14,
1998-03-15,
1998-03-16,
1998-03-17,
1998-03-18,
1998-03-19,
1998-03-20,0.29654357
1998-03-21,0.30406424
1998-03-22,0.30011183
1998-03-23,
1998-03-24,
1998-03-25,
1998-03-26,
1998-03-27,
1998-03-28,
1998-03-29,
1998-03-30,
1998-03-31,
1998-04-01,
1998-04-02,0.22663324
1998-04-03,
1998-04-04,
1998-04-05,
1998-04-06,
1998-04-07,
1998-04-08,0.21060301
1998-04-09,
1998-04-10,0.217044
1998-04-11,0.24519765
1998-04-12,0.15231381
1998-04-13,0.1595981
1998-04-14,
1998-04-15,
1998-04-16,
1998-04-17,
1998-04-18,
1998-04-19,0.32526058
1998-04-20,
1998-04-21,0.22225177
1998-04-22,0.17883857
1998-04-23,0.15563421
1998-04-24,0.1599017
1998-04-25,
1998-04-26,
1998-04-27,
1998-04-28,
1998-04-29,
1998-04-30,0.20599042
1998-05-01,0.15648061
1998-05-02,0.16858299
1998-05-03,0.16654785
1998-05-04,0.20233822
1998-05-05,0.20866281
1998-05-06,
1998-05-07,
1998-05-08,
1998-05-09,
1998-05-10,
1998-05-11,0.16398425
1998-05-12,0.15733345
1998-05-13,0.17376101
1998-05-14,0.17972
1998-05-15,
1998-05-16,0.24506474
1998-05-17,
1998-05-18,
1998-05-19,
1998-05-20,
1998-05-21,
1998-05-22,0.19220233
1998-05-23,0.20878851
1998-05-24,0.21047693
1998-05-25,0.20118941
1998-05-26,
1998-05-27,0.20613885
1998-05-28,
1998-05-29,
1998-05-30,
1998-05-31,
1998-06-01,
1998-06-02,0.2263586
1998-06-03,
1998-06-04,0.22455029
1998-06-05,0.30003512
1998-06-06,
1998-06-07,
1998-06-08,
1998-06-09,0.25382435
1998-06-10,
1998-06-11,
1998-06-12,
1998-06-13,
1998-06-14,0.23608318
1998-06-15,0.25398955
1998-06-16,0.2208864
1998-06-17,
1998-06-18,
1998-06-19,
1998-06-20,0.21326327
1998-06-21,
1998-06-22,0.40297815
1998-06-23,0.24409577
1998-06-24,0.2330009
1998-06-25,0.3065643
1998-06-26,0.25231725
1998-06-27,0.34233525
1998-06-28,
1998-06-29,
1998-06-30,
1998-07-01,
1998-07-02,
1998-07-03,0.53917444
1998-07-04,0.45649236
1998-07-05,1.5237292
1998-07-06,0.41823226
1998-07-07,0.5231416
1998-07-08,0.423939
1998-07-09,
1998-07-10,
1998-07-11,
1998-07-12,
1998-07-13,
1998-07-14,0.2994531
1998-07-15,
1998-07-16,0.28125858
1998-07-17,0.27221408
1998-07-18,
1998-07-19,0.23595876
1998-07-20,
1998-07-21,
1998-07-22,
1998-07-23,
1998-07-24,
1998-07-25,0.29456007
1998-07-26,0.39916182
1998-07-27,0.3809621
1998-07-28,
1998-07-29,
1998-07-30,
1998-07-31,
1998-08-01,
1998-08-02,
1998-08-03,
1998-08-04,
1998-08-05,0.51421165
1998-08-06,
1998-08-07,
1998-08-08,0.4144648
1998-08-09,
1998-08-10,
1998-08-11,
1998-08-12,
1998-08-13,
1998-08-14,0.32758015
1998-08-15,
1998-08-16,0.23864135
1998-08-17,0.23739763
1998-08-18,
1998-08-19,0.34631717
1998-08-20,
1998-08-21,0.2497815
1998-08-22,
1998-08-23,
1998-08-24,
1998-08-25,0.29297063
1998-08-26,0.23853181
1998-08-27,0.2521395
1998-08-28,0.24440531
1998-08-29,
1998-08-30,0.24083854
1998-08-31,
1998-09-01,
1998-09-02,
1998-09-03,0.18576509
1998-09-04,
1998-09-05,0.20226674
1998-09-06,0.19527449
1998-09-07,0.18346894
1998-09-08,0.18126182
1998-09-09,
1998-09-10,0.21399713
1998-09-11,
1998-09-12,0.17239341
1998-09-13,
1998-09-14,0.21262972
1998-09-15,
1998-09-16,0.2672431
1998-09-17,0.25359395
1998-09-18,0.19808477
1998-09-19,0.20642632
1998-09-20,
1998-09-21,0.20232889
1998-09-22,
1998-09-23,
1998-09-24,
1998-09-25,0.22824632
1998-09-26,
1998-09-27,0.26978025
1998-09-28,0.27520573
1998-09-29,0.24281977
1998-09-30,0.26162678
1998-10-01,
1998-10-02,0.25775528
1998-10-03,
1998-10-04,
1998-10-05,
1998-10-06,0.22195563
1998-10-07,0.25772464
1998-10-08,0.24373415
1998-10-09,0.29317272
1998-10-10,0.3755681
1998-10-11,0.31776094
1998-10-12,
1998-10-13,0.2854
1998-10-14,
1998-10-15,0.23326154
1998-10-16,
1998-10-17,0.2040995
1998-10-18,0.18476816
1998-10-19,0.20901932
1998-10-20,0.21189605
1998-10-21,
1998-10-22,0.24637975
1998-10-23,
1998-10-24,
1998-10-25,
1998-10-26,0.23365211
1998-10-27,
1998-10-28,0.25320432
1998-10-29,0.25558805
1998-10-30,0.23041527
1998-10-31,0.28240234
1998-11-01,
1998-11-02,0.24405266
1998-11-03,
1998-11-04,0.27567127
1998-11-05,
1998-11-06,0.23020723
1998-11-07,0.19067428
1998-11-08,0.19375029
1998-11-09,0.20428964
1998-11-10,0.19656014
1998-11-11,0.15052667
1998-11-12,
1998-11-13,0.23962843
1998-11-14,
1998-11-15,0.2909648
1998-11-16,
1998-11-21,
1998-11-22,0.21555132
1998-11-23,
1998-11-24,0.22785093
1998-11-25,
1998-11-26,0.23655102
1998-11-27,
1998-11-28,0.23972413
1998-11-29,0.27173498
1998-11-30,0.24396335
1998-12-01,0.21036217
1998-12-02,
1998-12-03,0.20152137
1998-12-04,
1998-12-05,0.22609374
1998-12-06,
1998-12-07,0.22400935
1998-12-08,
1998-12-09,0.21014313
1998-12-10,0.212659
1998-12-11,0.23660438
1998-12-12,0.23324907
1998-12-13,
1998-12-14,0.19637665
1998-12-15,
1998-12-16,
1998-12-18,0.20484956
1998-12-19,0.20611598
1998-12-20,
1998-12-21,0.1802488
1998-12-22,
1998-12-23,0.2064344
1998-12-24,
1998-12-25,0.1780529
1998-12-26,
1998-12-27,0.19100578
1998-12-28,
1998-12-29,0.20586996
1998-12-30,0.20900038
1998-12-31,0.22197668
1999-01-01,0.23258825
1999-01-02,
1999-01-03,0.22671416
1999-01-04,
1999-01-05,0.18595041
1999-01-06,
1999-01-07,0.19931872
1999-01-08,
1999-01-09,0.21370912
1999-01-10,0.2218032
1999-01-11,0.20967941
1999-01-12,0.21598828
1999-01-13,
1999-01-14,0.1754691
1999-01-15,
1999-01-16,0.18666731
1999-01-17,
1999-01-18,0.16140352
1999-01-19,0.19429666
1999-01-20,0.1957753
1999-01-21,
1999-01-22,
1999-01-23,0.21089329
1999-01-24,
1999-01-26,
1999-01-27,0.18836813
1999-01-28,
1999-01-29,0.19805741
1999-01-30,0.1845613
1999-01-31,0.21608268
1999-02-01,0.2015717
1999-02-02,
1999-02-03,
1999-02-04,
1999-02-05,0.18466206
1999-02-06,
1999-02-07,0.2106881
1999-02-08,
1999-02-09,0.20810336
1999-02-10,0.19241674
1999-02-11,0.20859426
1999-02-12,0.17955467
1999-02-13,
1999-02-14,0.2079039
1999-02-15,
1999-02-16,0.19262065
1999-02-17,
1999-02-18,0.23587567
1999-02-19,0.22475089
1999-02-20,0.23542152
1999-02-21,0.2299887
1999-02-22,
1999-02-23,0.20126365
1999-02-24,
1999-02-25,0.19727607
1999-02-26,
1999-02-27,0.2006003
1999-02-28,
1999-03-01,
1999-03-02,0.23014526
1999-03-03,0.25089595
1999-03-04,0.25615576
1999-03-05,
1999-03-06,0.2328728
1999-03-07,
1999-03-08,
1999-03-09,
1999-03-10,0.23199297
1999-03-11,0.22553523
1999-03-12,0.2184669
1999-03-13,0.21367681
1999-03-14,
1999-03-15,0.21106683
1999-03-16,
1999-03-17,
1999-03-18,
1999-03-19,0.15911008
1999-03-20,
1999-03-21,0.20308743
1999-03-22,0.19782354
1999-03-23,0.20417881
1999-03-24,0.21752968
1999-03-25,
1999-03-26,
1999-03-27,
1999-03-28,
1999-03-29,
1999-03-30,0.24746783
1999-03-31,0.24276952
1999-04-01,0.22119458
1999-04-02,0.22717746
1999-04-03,
1999-04-04,0.26491675
1999-04-05,
1999-04-06,
1999-04-07,
1999-04-08,
1999-04-09,
1999-04-10,0.2116111
1999-04-11,0.16904609
1999-04-12,0.19179551
1999-04-13,0.18491904
1999-04-14,
1999-04-15,
1999-04-16,
1999-04-17,0.14406802
1999-04-18,
1999-04-19,0.18554212
1999-04-20,0.16351856
1999-04-21,0.17788693
1999-04-22,0.19181542
1999-04-23,
1999-04-24,0.17625344
1999-04-25,
1999-04-26,0.19159766
1999-04-27,
1999-04-28,0.2047501
1999-04-29,
1999-04-30,0.18227124
1999-05-01,0.18029396
1999-05-02,0.17517176
1999-05-03,0.17975841
1999-05-04,
1999-05-05,0.14881828
1999-05-06,
1999-05-07,0.16026956
1999-05-08,
1999-05-09,0.15360339
1999-05-10,0.14410427
1999-05-11,0.16783743
1999-05-12,0.15798645
1999-05-13,0.16934198
1999-05-14,0.17632976
1999-05-15,
1999-05-16,
1999-05-17,
1999-05-18,0.16888745
1999-05-19,
1999-05-20,0.18793266
1999-05-21,0.16445744
1999-05-22,0.16722125
1999-05-23,0.18323344
1999-05-24,
1999-05-25,0.16245979
1999-05-26,
1999-05-27,0.16213883
1999-05-28,
1999-05-29,0.19062948
1999-05-30,0.18922745
1999-05-31,0.20080872
1999-06-01,0.18839708
1999-06-02,
1999-06-03,0.18719973
1999-06-04,
1999-06-05,0.19846088
1999-06-06,
1999-06-07,0.18114357
1999-06-08,
1999-06-09,0.21195105
1999-06-10,0.2008331
1999-06-11,0.19137484
1999-06-12,0.20219511
1999-06-13,
1999-06-14,0.18685335
1999-06-15,
1999-06-16,0.16489191
1999-06-17,
1999-06-18,0.1968188
1999-06-19,0.16280915
1999-06-20,0.19002558
1999-06-21,0.16494769
1999-06-22,
1999-06-23,0.18087411
1999-06-24,
1999-06-25,0.2005128
1999-06-26,
1999-06-27,0.18168306
1999-06-28,
1999-06-29,0.17822188
1999-06-30,0.19274496
1999-07-01,0.21495691
1999-07-02,0.21720192
1999-07-03,
1999-07-04,0.2195003
1999-07-05,
1999-07-06,0.21751942
1999-07-07,
1999-07-08,0.20993213
1999-07-09,0.20544259
1999-07-10,0.22981368
1999-07-11,0.19067465
1999-07-12,
1999-07-13,0.19831967
1999-07-14,
1999-07-15,0.17775346
1999-07-16,
1999-07-17,0.18004468
1999-07-18,
1999-07-19,0.185187
1999-07-20,0.20220307
1999-07-21,0.21315025
1999-07-22,0.20999874
1999-07-23,
1999-07-24,0.20103364
1999-07-25,
1999-07-26,0.20716867
1999-07-27,
1999-07-28,0.22892234
1999-07-29,
1999-07-30,0.23681286
1999-07-31,0.2198044
1999-08-01,
1999-08-02,0.21399577
1999-08-03,
1999-08-04,0.2164502
1999-08-05,
1999-08-06,0.21560779
1999-08-07,
1999-08-08,0.25405824
1999-08-09,0.24705955
1999-08-10,0.21670371
1999-08-11,0.21964353
1999-08-12,
1999-08-13,0.25748447
1999-08-14,
1999-08-15,0.23266128
1999-08-16,
1999-08-17,0.22995377
1999-08-18,0.19740835
1999-08-19,0.21369691
1999-08-20,0.21660854
1999-08-21,
1999-08-22,0.20014898
1999-08-23,
1999-08-24,0.21671203
1999-08-25,
1999-08-26,0.22819996
1999-08-27,
1999-08-28,
1999-08-29,0.23734698
1999-08-30,0.19187525
1999-08-31,0.22653356
1999-09-01,
1999-09-02,0.20257713
1999-09-03,
1999-09-04,0.20610176
1999-09-05,
1999-09-06,0.23661453
1999-09-07,0.21842143
1999-09-08,0.19584979
1999-09-09,
1999-09-10,
1999-09-11,0.20571668
1999-09-12,
1999-09-13,
1999-09-14,
1999-09-15,0.25977686
1999-09-16,
1999-09-17,
1999-09-18,0.23466541
1999-09-19,
1999-09-20,
1999-09-21,
1999-09-22,0.21062188
1999-09-23,
1999-09-24,0.22386184
1999-09-25,
1999-09-26,0.21578617
1999-09-27,
1999-09-28,0.24552438
1999-09-29,0.24528156
1999-09-30,
1999-10-01,
1999-10-02,
1999-10-03,
1999-10-04,
1999-10-05,
1999-10-06,0.22282924
1999-10-07,0.26997012
1999-10-08,0.21405363
1999-10-09,
1999-10-10,0.20440829
1999-10-11,
1999-10-12,0.22685717
1999-10-13,
1999-10-14,0.20449738
1999-10-15,
1999-10-16,0.2403036
1999-10-17,0.199612
1999-10-18,0.21488182
1999-10-19,0.22055724
1999-10-20,
1999-10-21,0.23644468
1999-10-22,
1999-10-23,0.23375832
1999-10-24,
1999-10-25,
1999-10-26,0.2421167
1999-10-27,0.2397273
1999-10-28,0.24022175
1999-10-29,
1999-10-30,0.23823203
1999-10-31,
1999-11-01,0.24396558
1999-11-02,
1999-11-03,0.20062052
1999-11-04,0.21425606
1999-11-05,0.20830981
1999-11-06,0.19470286
1999-11-07,
1999-11-08,0.16936718
1999-11-09,
1999-11-10,0.19528271
1999-11-11,
1999-11-12,0.21347262
1999-11-13,
1999-11-14,0.23349194
1999-11-15,0.2274166
1999-11-16,
1999-11-19,0.21299502
1999-11-20,
1999-11-21,0.21548451
1999-11-22,
1999-11-23,0.22055152
1999-11-24,0.24165691
1999-11-25,0.23094033
1999-11-26,0.20147146
1999-11-27,
1999-11-28,0.216925
1999-11-29,
1999-11-30,0.1957758
1999-12-01,
1999-12-02,0.20148432
1999-12-03,0.20517728
1999-12-04,0.22769049
1999-12-05,0.22922392
1999-12-06,
1999-12-07,0.16515839
1999-12-08,
1999-12-09,0.22455937
1999-12-10,
1999-12-11,0.20816858
1999-12-12,0.23047292
1999-12-13,0.24639612
1999-12-14,0.22271502
1999-12-15,
1999-12-16,0.23678014
1999-12-17,
1999-12-18,0.2527663
1999-12-19,
1999-12-20,0.2605235
1999-12-21,
1999-12-22,0.22219472
1999-12-23,0.23131122
1999-12-24,
1999-12-25,0.22012198
1999-12-26,
1999-12-27,0.22470722
1999-12-28,
1999-12-29,0.21100982
1999-12-30,
1999-12-31,0.20086266
2000-01-01,0.17974082
2000-01-02,0.18458691
2000-01-03,0.18250132
2000-01-04,
2000-01-05,0.2054762
2000-01-06,
2000-01-07,0.21271688
2000-01-08,
2000-01-09,0.2096235
2000-01-10,0.21169484
2000-01-11,0.21428494
2000-01-12,0.21415819
2000-01-13,
2000-01-14,0.19396819
2000-01-15,
2000-01-16,0.15135756
2000-01-17,
2000-01-18,0.20324877
2000-01-19,0.21856473
2000-01-20,
2000-01-21,0.27078754
2000-01-22,
2000-01-23,0.19713299
2000-01-24,
2000-01-25,0.22223794
2000-01-26,
2000-01-27,0.22027676
2000-01-28,0.21205723
2000-01-29,0.2889123
2000-01-30,0.25516462
2000-01-31,
2000-02-01,0.2376335
2000-02-02,
2000-02-03,0.24225427
2000-02-04,
2000-02-05,0.20035172
2000-02-06,0.16907245
2000-02-07,0.18761897
2000-02-08,0.20374076
2000-02-09,
2000-02-10,0.20341924
2000-02-11,
2000-02-12,0.21455693
2000-02-13,
2000-02-14,0.20031343
2000-02-15,
2000-02-16,0.19433199
2000-02-17,0.2148846
2000-02-18,
2000-02-19,0.19874273
2000-02-20,
2000-02-21,
2000-02-22,
2000-02-23,0.22357178
2000-02-24,
2000-02-25,0.23770757
2000-02-26,0.2244074
2000-02-27,
2000-02-28,0.22786264
2000-02-29,
2000-03-01,
2000-03-02,
2000-03-03,0.16942199
2000-03-04,
2000-03-05,
2000-03-06,
2000-03-07,0.219778
2000-03-08,0.21151169
2000-03-09,
2000-03-10,
2000-03-11,
2000-03-12,0.23014195
2000-03-13,
2000-03-14,0.23715691
2000-03-15,0.24054141
2000-03-16,
2000-03-17,0.2726832
2000-03-18,
2000-03-19,
2000-03-20,
2000-03-21,0.27446035
2000-03-22,
2000-03-23,
2000-03-24,
2000-03-25,
2000-03-26,0.2536137
2000-03-27,
2000-03-28,
2000-03-29,
2000-03-30,0.20994896
2000-03-31,
2000-04-01,
2000-04-02,0.19173175
2000-04-03,0.18307391
2000-04-04,
2000-04-05,
2000-04-06,0.20231144
2000-04-07,
2000-04-08,0.19952185
2000-04-09,
2000-04-10,0.16671371
2000-04-11,0.20837307
2000-04-12,0.18732771
2000-04-13,0.21108241
2000-04-14,
2000-04-15,0.20542431
2000-04-16,
2000-04-17,0.18097359
2000-04-18,
2000-04-19,0.2089058
2000-04-20,0.21950713
2000-04-21,0.21365196
2000-04-22,0.19583814
2000-04-23,
2000-04-24,0.19440565
2000-04-25,
2000-04-26,0.19844829
2000-04-27,
2000-04-28,0.18480425
2000-04-29,0.17672569
2000-04-30,
2000-05-01,0.19677578
2000-05-02,
2000-05-03,0.21649066
2000-05-04,
2000-05-05,0.18693769
2000-05-06,
2000-05-07,0.20003249
2000-05-08,0.2297073
2000-05-09,
2000-05-10,0.221639
2000-05-11,
2000-05-12,0.17093897
2000-05-13,
2000-05-14,0.18659367
2000-05-15,0.24932964
2000-05-16,0.22764939
2000-05-17,0.21905896
2000-05-18,
2000-05-19,0.20100002
2000-05-20,
2000-05-21,0.22151245
2000-05-22,
2000-05-23,0.2052623
2000-05-24,
2000-05-25,0.20316589
2000-05-26,0.1881532
2000-05-27,
2000-05-28,0.18603267
2000-05-29,
2000-05-30,0.19212635
2000-05-31,
2000-06-01,0.21414317
2000-06-02,0.20698568
2000-06-03,0.2132335
2000-06-04,0.1945255
2000-06-05,
2000-06-06,0.19967407
2000-06-07,
2000-06-08,0.19518992
2000-06-09,
2000-06-10,0.17789932
2000-06-11,0.1922736
2000-06-12,0.19145492
2000-06-13,0.1851467
2000-06-14,
2000-06-15,0.18937854
2000-06-16,
2000-06-17,0.19249152
2000-06-18,
2000-06-19,0.17859603
2000-06-20,0.20004365
2000-06-21,0.18332611
2000-06-22,0.16433623
2000-06-23,
2000-06-24,0.19098024
2000-06-25,
2000-06-26,0.19304644
2000-06-27,
2000-06-28,0.20319445
2000-06-29,0.21403056
2000-06-30,
2000-07-01,0.19723676
2000-07-02,
2000-07-03,0.21869065
2000-07-04,
2000-07-05,0.21365872
2000-07-06,0.2066134
2000-07-07,0.18931612
2000-07-08,0.19302954
2000-07-09,
2000-07-10,
2000-07-11,
2000-07-12,0.19686687
2000-07-13,
2000-07-14,0.19458504
2000-07-15,0.1999226
2000-07-16,0.26492622
2000-07-17,0.2008936
2000-07-18,
2000-07-19,0.16936935
2000-07-20,
2000-07-21,0.17584097
2000-07-22,
2000-07-23,0.18574259
2000-07-24,0.19006088
2000-07-25,0.19133018
2000-07-26,0.21516171
2000-07-27,
2000-07-28,0.17710614
2000-07-29,
2000-07-30,
2000-07-31,
2000-08-01,0.2081927
2000-08-02,0.29189023
2000-08-03,0.20649253
2000-08-04,0.20610301
2000-08-05,
2000-08-06,0.18050152
2000-08-07,
2000-08-08,0.1631705
2000-08-09,0.21334407
2000-08-10,0.21381949
2000-08-11,0.2544118
2000-08-12,
2000-08-13,0.19490169
2000-08-14,
2000-08-15,0.18829969
2000-08-16,
2000-08-17,0.17668492
2000-08-18,0.19751467
2000-08-19,0.14395578
2000-08-20,0.19139662
2000-08-21,
2000-08-22,0.23743433
2000-08-23,
2000-08-24,0.19610329
2000-08-25,
2000-08-26,0.20631763
2000-08-27,0.20971176
2000-08-28,0.19463016
2000-08-29,
2000-08-30,
2000-08-31,0.24135536
2000-09-01,
2000-09-02,0.2012412
2000-09-03,
2000-09-04,0.21029902
2000-09-05,0.23240772
2000-09-06,
2000-09-07,
2000-09-08,
2000-09-09,0.22452472
2000-09-10,
2000-09-11,
2000-09-12,
2000-09-13,0.2377443
2000-09-14,0.26764628
2000-09-15,
2000-09-16,
2000-09-17,
2000-09-18,
2000-09-19,
2000-09-20,
2000-09-21,0.20749295
2000-09-22,0.22183235
2000-09-23,0.22808747
2000-09-24,
2000-09-25,
2000-09-26,
2000-09-27,
2000-09-28,
2000-09-29,
2000-09-30,
2000-10-01,0.15177494
2000-10-02,0.21069227
2000-10-03,
2000-10-04,
2000-10-05,
2000-10-06,0.21206105
2000-10-07,
2000-10-08,0.26808947
2000-10-09,0.25279328
2000-10-10,
2000-10-11,0.2220838
2000-10-12,
2000-10-13,
2000-10-14,
2000-10-15,0.19838893
2000-10-16,0.18910599
2000-10-17,0.21360488
2000-10-18,0.22352679
2000-10-19,
2000-10-20,0.19469443
2000-10-21,
2000-10-22,0.18445687
2000-10-23,
2000-10-24,0.19194788
2000-10-25,0.19339398
2000-10-26,
2000-10-27,0.17826453
2000-10-28,
2000-10-29,0.20185907
2000-10-30,
2000-10-31,0.18443604
2000-11-01,
2000-11-02,0.18673405
2000-11-03,0.20386027
2000-11-04,
2000-11-05,0.21203192
2000-11-06,
2000-11-07,0.19756508
2000-11-08,
2000-11-09,0.20183393
2000-11-10,0.18004988
2000-11-11,0.18681535
2000-11-12,0.18410845
2000-11-13,
2000-11-14,0.17508253
2000-11-15,
2000-11-16,
2000-11-18,0.2294248
2000-11-19,0.24639077
2000-11-20,
2000-11-21,0.20499337
2000-11-22,
2000-11-23,0.2049375
2000-11-24,
2000-11-25,0.19147196
2000-11-26,0.18358561
2000-11-27,0.2036873
2000-11-28,0.20944192
2000-11-29,
2000-11-30,0.18440235
2000-12-01,
2000-12-02,0.23407885
2000-12-03,
2000-12-04,0.21658994
2000-12-05,0.24415806
2000-12-06,
2000-12-07,0.2137557
2000-12-08,
2000-12-09,0.20973122
2000-12-10,
2000-12-11,0.2305938
2000-12-12,0.2790931
2000-12-13,0.239814
2000-12-14,0.24024826
2000-12-15,
2000-12-16,0.18302125
2000-12-17,
2000-12-18,0.17140673
2000-12-19,
2000-12-20,0.1961814
2000-12-21,
2000-12-22,
2000-12-23,
2000-12-24,
2000-12-25,0.20836306
2000-12-26,
2000-12-27,0.2113288
2000-12-28,
2000-12-29,
2000-12-30,0.17887257
2000-12-31,
2001-01-01,0.18495676
2001-01-02,
2001-01-03,0.20785475
2001-01-04,
2001-01-05,0.23094618
2001-01-06,0.18906134
2001-01-07,
2001-01-08,0.20583351
2001-01-09,
2001-01-10,0.20094734
2001-01-11,
2001-01-12,0.19997713
2001-01-13,0.21541305
2001-01-14,0.20404063
2001-01-15,0.21508203
2001-01-16,
2001-01-17,0.2061924
2001-01-18,
2001-01-19,0.20690612
2001-01-20,
2001-01-21,0.23464839
2001-01-22,0.24130882
2001-01-23,
2001-01-24,0.21427208
2001-01-25,
2001-01-26,0.2308178
2001-01-27,
2001-01-28,0.2239082
2001-01-29,0.21184093
2001-01-30,0.22879475
2001-01-31,0.25591612
2001-02-01,
2001-02-02,0.25207606
2001-02-03,
2001-02-04,0.23673585
2001-02-05,
2001-02-06,0.22582622
2001-02-07,0.24135311
2001-02-08,
2001-02-09,0.22251119
2001-02-10,
2001-02-11,0.1954099
2001-02-12,
2001-02-13,0.21233077
2001-02-14,0.18660943
2001-02-15,0.2352238
2001-02-16,0.2098769
2001-02-17,
2001-02-18,0.17757858
2001-02-19,
2001-02-20,0.20611809
2001-02-21,0.20541953
2001-02-22,0.22159347
2001-02-23,0.21240202
2001-02-24,
2001-02-25,0.22523709
2001-02-26,
2001-02-27,0.21626513
2001-02-28,
2001-03-01,0.19085672
2001-03-02,0.22505735
2001-03-03,
2001-03-04,
2001-03-05,
2001-03-06,
2001-03-07,
2001-03-08,0.23716825
2001-03-09,0.2357
2001-03-10,
2001-03-11,
2001-03-12,
2001-03-13,
2001-03-14,
2001-03-15,0.22032054
2001-03-16,
2001-03-17,0.24417117
2001-03-18,0.24907734
2001-03-19,
2001-03-20,0.22579785
2001-03-21,
2001-03-22,
2001-03-23,
2001-03-24,
2001-03-25,
2001-03-26,0.18604307
2001-03-27,0.17764805
2001-03-28,
2001-03-29,
2001-03-30,
2001-03-31,0.18657851
2001-04-01,
2001-04-02,
2001-04-03,0.25428194
2001-04-04,
2001-04-05,
2001-04-06,
2001-04-07,0.22393186
2001-04-08,
2001-04-09,0.21464492
2001-04-10,0.20764704
2001-04-11,
2001-04-12,0.16426963
2001-04-13,
2001-04-14,0.18606956
2001-04-15,
2001-04-16,0.18357167
2001-04-17,0.19376788
2001-04-18,0.15820505
2001-04-19,0.20074491
2001-04-20,
2001-04-21,0.20940182
2001-04-22,
2001-04-23,0.1983305
2001-04-24,
2001-04-25,
2001-04-26,0.1959978
2001-04-27,
2001-04-28,0.21082737
2001-04-29,
2001-04-30,0.18099199
2001-05-01,
2001-05-02,0.15436035
2001-05-03,
2001-05-04,
2001-05-05,0.19804095
2001-05-06,
2001-05-07,0.21559258
2001-05-08,
2001-05-09,0.21172342
2001-05-10,0.24934137
2001-05-11,0.22465439
2001-05-12,0.21542127
2001-05-13,
2001-05-14,0.18456703
2001-05-15,
2001-05-16,0.1661029
2001-05-17,
2001-05-18,0.21397072
2001-05-19,0.17215203
2001-05-20,
2001-05-21,0.16112752
2001-05-22,
2001-05-23,0.16102087
2001-05-24,
2001-05-25,
2001-05-26,0.182547
2001-05-27,
2001-05-28,0.17800361
2001-05-29,
2001-05-30,0.17983934
2001-05-31,
2001-06-01,0.16811234
2001-06-02,0.1751155
2001-06-03,0.17851289
2001-06-04,0.16436617
2001-06-05,
2001-06-06,0.15713023
2001-06-07,
2001-06-08,0.20554747
2001-06-09,0.20909375
2001-06-10,
2001-06-11,0.2122477
2001-06-12,
2001-06-13,0.20412318
2001-06-14,
2001-06-15,0.18511641
2001-06-16,
2001-06-17,0.20585306
2001-06-18,0.21145879
2001-06-19,
2001-06-20,0.20004301
2001-06-21,
2001-06-22,0.17444462
2001-06-23,
2001-06-24,
2001-06-25,0.21147686
2001-06-26,
2001-06-27,0.1676745
2001-06-28,
2001-06-29,0.2111192
2001-06-30,
2001-07-01,
2001-07-02,0.165491
2001-07-03,0.18541944
2001-07-04,0.18350288
2001-07-05,
2001-07-06,0.20496984
2001-07-07,
2001-07-08,0.2053154
2001-07-09,0.18001598
2001-07-10,0.18514097
2001-07-11,0.19168271
2001-07-12,
2001-07-13,
2001-07-14,
2001-07-15,0.17774412
2001-07-16,0.1608668
2001-07-17,0.1622723
2001-07-18,0.16820668
2001-07-19,
2001-07-20,0.18582053
2001-07-21,
2001-07-22,0.19474691
2001-07-23,
2001-07-24,0.2228111
2001-07-25,0.21816736
2001-07-26,
2001-07-27,0.21519203
2001-07-28,
2001-07-29,0.21176426
2001-07-30,
2001-07-31,0.21610986
2001-08-01,0.22053796
2001-08-02,
2001-08-03,0.22552337
2001-08-04,
2001-08-05,0.21409328
2001-08-06,
2001-08-07,0.22369017
2001-08-08,0.21453841
2001-08-09,
2001-08-10,0.2069822
2001-08-11,
2001-08-12,
2001-08-13,
2001-08-14,0.21026428
2001-08-15,0.20810539
2001-08-16,0.2221729
2001-08-17,
2001-08-18,
2001-08-19,0.22436014
2001-08-20,
2001-08-21,0.21984337
2001-08-22,
2001-08-23,0.1731565
2001-08-24,0.17029496
2001-08-25,
2001-08-26,0.17950621
2001-08-27,
2001-08-28,0.16369645
2001-08-29,
2001-08-30,0.16944772
2001-08-31,0.18192455
2001-09-01,0.17116056
2001-09-02,0.17321266
2001-09-03,
2001-09-04,0.19108905
2001-09-05,
2001-09-06,0.18774633
2001-09-07,0.18289323
2001-09-08,0.21719928
2001-09-09,
2001-09-10,
2001-09-11,0.16483936
2001-09-12,
2001-09-13,
2001-09-14,0.20356458
2001-09-15,0.18913966
2001-09-16,
2001-09-17,
2001-09-18,0.23632479
2001-09-19,
2001-09-20,
2001-09-21,
2001-09-22,0.2129193
2001-09-23,
2001-09-24,
2001-09-25,0.20997527
2001-09-26,
2001-09-27,
2001-09-28,
2001-09-29,0.24871404
2001-09-30,
2001-10-01,
2001-10-02,0.19436024
2001-10-03,
2001-10-04,
2001-10-05,
2001-10-06,0.21574214
2001-10-07,0.23280646
2001-10-08,
2001-10-09,0.16062254
2001-10-10,
2001-10-11,0.21387823
2001-10-12,
2001-10-13,0.24018213
2001-10-14,0.2221007
2001-10-15,0.20650664
2001-10-16,0.22430362
2001-10-17,
2001-10-18,0.21563357
2001-10-19,
2001-10-20,0.24971226
2001-10-21,0.22009982
2001-10-22,0.24298774
2001-10-23,0.2302431
2001-10-24,
2001-10-25,0.21988733
2001-10-26,
2001-10-27,0.21743317
2001-10-28,
2001-10-29,0.2199402
2001-10-30,0.2253175
2001-10-31,
2001-11-01,0.21701029
2001-11-02,
2001-11-03,0.18079157
2001-11-04,
2001-11-05,0.24408764
2001-11-06,0.22142537
2001-11-07,
2001-11-08,0.22798254
2001-11-09,
2001-11-10,0.21878698
2001-11-11,
2001-11-12,0.26440194
2001-11-13,0.23206167
2001-11-14,
2001-11-15,0.21535678
2001-11-16,
2001-11-17,
2001-11-19,0.23522425
2001-11-20,0.21503544
2001-11-21,
2001-11-22,0.20030364
2001-11-23,
2001-11-24,0.25305665
2001-11-25,
2001-11-26,0.23996285
2001-11-27,
2001-11-28,
2001-11-29,
2001-11-30,
2001-12-01,0.20994407
2001-12-02,
2001-12-03,0.22125648
2001-12-04,
2001-12-05,
2001-12-06,0.18241183
2001-12-07,
2001-12-08,0.24984701
2001-12-09,
2001-12-10,0.21669474
2001-12-11,0.23627922
2001-12-12,
2001-12-13,0.13674249
2001-12-14,
2001-12-15,
2001-12-16,
2001-12-17,0.23813854
2001-12-18,
2001-12-19,
2001-12-20,0.22820488
2001-12-21,
2001-12-22,0.25612974
2001-12-23,
2001-12-24,0.20858039
2001-12-25,
2001-12-26,
2001-12-27,0.181491
2001-12-28,
2001-12-29,
2001-12-30,
2001-12-31,
2002-01-01,0.17717715
2002-01-02,
2002-01-03,0.1674313
2002-01-04,
2002-01-05,0.19306856
2002-01-06,
2002-01-07,0.18600973
2002-01-08,0.20282985
2002-01-09,
2002-01-10,0.20344932
2002-01-11,
2002-01-12,0.18207021
2002-01-13,0.18290693
2002-01-14,0.22171102
2002-01-15,0.26821268
2002-01-16,
2002-01-17,0.21909052
2002-01-18,
2002-01-19,0.20378906
2002-01-20,0.201831
2002-01-21,0.16678841
2002-01-22,0.20456453
2002-01-23,
2002-01-24,0.18846878
2002-01-25,
2002-01-26,0.19289592
2002-01-27,
2002-01-28,
2002-01-29,0.18802051
2002-01-30,
2002-01-31,0.20321392
2002-02-01,
2002-02-02,0.18731439
2002-02-03,0.1781594
2002-02-04,0.20537649
2002-02-05,0.17901136
2002-02-06,
2002-02-07,0.19225384
2002-02-08,
2002-02-09,0.19086856
2002-02-10,
2002-02-11,
2002-02-12,0.19483343
2002-02-13,
2002-02-14,0.15981536
2002-02-15,
2002-02-16,0.17712834
2002-02-17,0.1919452
2002-02-18,
2002-02-19,0.17510346
2002-02-20,
2002-02-21,
2002-02-22,
2002-02-23,
2002-02-24,
2002-02-25,
2002-02-26,0.23192678
2002-02-27,
2002-02-28,0.20665196
2002-03-01,0.18127005
2002-03-02,
2002-03-03,0.194982
2002-03-04,
2002-03-05,
2002-03-06,
2002-03-07,0.18586035
2002-03-08,0.19528486
2002-03-09,
2002-03-10,
2002-03-11,
2002-03-12,
2002-03-13,
2002-03-14,
2002-03-15,0.16628407
2002-03-16,0.1778957
2002-03-17,0.17804576
2002-03-18,
2002-03-19,
2002-03-20,
2002-03-21,0.21863939
2002-03-22,0.21724007
2002-03-23,
2002-03-24,
2002-03-25,
2002-03-26,0.23821747
2002-03-27,
2002-03-28,
2002-03-29,
2002-03-30,
2002-03-31,
2002-04-01,
2002-04-02,0.21041718
2002-04-03,0.20640612
2002-04-04,0.2161689
2002-04-05,0.15478946
2002-04-06,
2002-04-07,0.1689661
2002-04-08,
2002-04-09,0.16510355
2002-04-10,0.22963856
2002-04-11,
2002-04-12,0.20375395
2002-04-13,
2002-04-14,0.1960623
2002-04-15,
2002-04-16,0.19302335
2002-04-17,0.18659066
2002-04-18,
2002-04-19,
2002-04-20,
2002-04-21,0.2174815
2002-04-22,0.22063203
2002-04-23,0.18919374
2002-04-24,0.18644394
2002-04-25,
2002-04-26,0.18399929
2002-04-27,
2002-04-28,0.18664211
2002-04-29,0.19735342
2002-04-30,0.1739639
2002-05-01,0.19629954
2002-05-02,
2002-05-03,0.20475964
2002-05-04,
2002-05-05,0.18930723
2002-05-06,0.20826983
2002-05-07,
2002-05-08,0.20678703
2002-05-09,
2002-05-10,0.16110833
2002-05-11,
2002-05-12,0.20412686
2002-05-13,
2002-05-14,
2002-05-15,
2002-05-16,
2002-05-17,0.20524435
2002-05-18,0.20863502
2002-05-19,0.17503029
2002-05-20,0.1611607
2002-05-21,
2002-05-22,0.15633258
2002-05-23,
2002-05-24,0.15881006
2002-05-25,0.16288528
2002-05-26,
2002-05-27,0.1790023
2002-05-28,
2002-05-29,0.18806323
2002-05-30,
2002-05-31,0.21617684
2002-06-01,0.2238141
2002-06-02,
2002-06-03,0.23209682
2002-06-04,
2002-06-05,0.2044032
2002-06-06,0.21002297
2002-06-07,0.190633
2002-06-08,0.18735217
2002-06-09,
2002-06-10,0.2015726
2002-06-11,
2002-06-12,0.19737308
2002-06-13,0.21206018
2002-06-14,
2002-06-15,0.20369104
2002-06-16,
2002-06-17,0.16617121
2002-06-18,
2002-06-19,0.18799017
2002-06-20,0.19937953
2002-06-21,
2002-06-22,
2002-06-23,
2002-06-24,0.2642506
2002-06-25,0.24180083
2002-06-26,0.23292446
2002-06-27,0.21455747
2002-06-28,
2002-06-29,
2002-06-30,
2002-07-01,
2002-07-02,0.21934411
2002-07-03,
2002-07-04,0.23095717
2002-07-05,
2002-07-06,0.17827712
2002-07-07,
2002-07-08,0.19712582
2002-07-09,0.18358083
2002-07-10,
2002-07-11,0.14326082
2002-07-12,
2002-07-13,0.13379054
2002-07-14,0.1484303
2002-07-15,0.124948226
2002-07-16,0.12925185
2002-07-17,
2002-07-18,0.14441398
2002-07-19,
2002-07-20,0.14181453
2002-07-21,0.15262108
2002-07-22,
2002-07-23,0.15761136
2002-07-24,
2002-07-25,0.15401612
2002-07-26,
2002-07-27,0.119444996
2002-07-28,0.11844312
2002-07-29,
2002-07-30,0.10193763
2002-07-31,
2002-08-01,0.0949895
2002-08-02,0.06245979
2002-08-03,
2002-08-04,0.09187043
2002-08-05,
2002-08-06,0.082717866
2002-08-07,
2002-08-08,0.10591299
2002-08-09,0.15433949
2002-08-10,
2002-08-11,0.12207578
2002-08-12,
2002-08-13,0.13093048
2002-08-14,
2002-08-15,
2002-08-16,
2002-08-17,
2002-08-18,0.17716
2002-08-19,
2002-08-20,0.16124022
2002-08-21,0.16233736
2002-08-22,0.23638745
2002-08-23,0.15652949
2002-08-24,
2002-08-25,0.12934336
2002-08-26,
2002-08-27,0.11162908
2002-08-28,0.1112082
2002-08-29,
2002-08-30,
2002-08-31,
2002-09-01,0.095261924
2002-09-02,
2002-09-03,
2002-09-04,
2002-09-05,
2002-09-06,
2002-09-07,
2002-09-08,
2002-09-09,
2002-09-10,0.06604338
2002-09-11,
2002-09-12,
2002-09-13,0.060640685
2002-09-14,
2002-09-15,
2002-09-16,
2002-09-17,
2002-09-18,
2002-09-19,
2002-09-20,
2002-09-21,
2002-09-22,0.061248124
2002-09-23,
2002-09-24,
2002-09-25,
2002-09-26,
2002-09-27,
2002-09-28,0.053131934
2002-09-29,
2002-09-30,
2002-10-01,
2002-10-02,
2002-10-03,
2002-10-04,
2002-10-05,0.052469343
2002-10-06,
2002-10-07,
2002-10-08,
2002-10-09,0.059430055
2002-10-10,
2002-10-11,0.06295664
2002-10-12,0.053193983
2002-10-13,
2002-10-14,0.051744025
2002-10-15,
2002-10-16,
2002-10-17,
2002-10-18,
2002-10-19,0.050135784
2002-10-20,
2002-10-21,0.048420176
2002-10-22,0.04150431
2002-10-23,0.046860218
2002-10-24,0.038744636
2002-10-25,
2002-10-26,0.045355592
2002-10-27,
2002-10-28,0.045730703
2002-10-29,0.047612663
2002-10-30,
2002-10-31,0.040414773
2002-11-01,
2002-11-02,0.041493464
2002-11-03,
2002-11-04,
2002-11-05,
2002-11-06,
2002-11-07,0.049492598
2002-11-08,
2002-11-09,0.051547963
2002-11-10,0.050261334
2002-11-11,0.053652048
2002-11-12,
2002-11-13,
2002-11-14,0.058862656
2002-11-15,
2002-11-16,0.059151135
2002-11-17,
2002-11-18,
2002-11-19,0.052771162
2002-11-20,
2002-11-21,0.072191596
2002-11-22,
2002-11-23,
2002-11-24,
2002-11-25,
2002-11-26,
2002-11-27,
2002-11-28,0.060249466
2002-11-29,0.06118325
2002-11-30,
2002-12-01,
2002-12-02,
2002-12-03,
2002-12-04,0.059144102
2002-12-05,0.06918686
2002-12-06,0.0747586
2002-12-07,
2002-12-08,0.07654592
2002-12-09,
2002-12-10,
2002-12-11,
2002-12-12,
2002-12-13,
2002-12-14,
2002-12-15,
2002-12-16,0.08029262
2002-12-17,0.057807717
2002-12-18,
2002-12-19,
2002-12-20,
2002-12-21,
2002-12-22,
2002-12-23,
2002-12-24,
2002-12-25,0.051871255
2002-12-26,
2002-12-27,0.05242291
2002-12-28,
2002-12-29,
2002-12-30,0.06448795
2002-12-31,
2003-01-01,
2003-01-02,
2003-01-03,0.06120011
2003-01-04,
2003-01-05,
2003-01-06,0.06869702
2003-01-07,
2003-01-08,
2003-01-09,
2003-01-10,
2003-01-11,0.09076948
2003-01-12,
2003-01-13,0.092841186
2003-01-14,
2003-01-15,0.09596742
2003-01-16,0.12748444
2003-01-17,
2003-01-18,0.16767597
2003-01-19,
2003-01-20,0.15509926
2003-01-21,
2003-01-22,0.15895727
2003-01-23,0.1579437
2003-01-24,
2003-01-25,0.17751957
2003-01-26,
2003-01-27,
2003-01-28,0.15105353
2003-01-29,
2003-01-30,0.23926893
2003-01-31,
2003-02-01,
2003-02-02,
2003-02-03,
2003-02-04,
2003-02-05,
2003-02-06,
2003-02-07,
2003-02-08,
2003-02-09,
2003-02-10,
2003-02-11,0.1599208
2003-02-12,
2003-02-13,
2003-02-14,
2003-02-15,0.2054704
2003-02-16,0.18784405
2003-02-17,
2003-02-18,0.18706103
2003-02-19,
2003-02-20,0.22828715
2003-02-21,0.20568475
2003-02-22,
2003-02-23,0.19892554
2003-02-24,
2003-02-25,0.2406735
2003-02-26,
2003-02-27,
2003-02-28,0.20446841
2003-03-01,
2003-03-02,0.18961851
2003-03-03,
2003-03-04,
2003-03-05,
2003-03-06,
2003-03-07,0.21120293
2003-03-08,
2003-03-09,
2003-03-10,
2003-03-11,0.16455102
2003-03-12,
2003-03-13,
2003-03-14,
2003-03-15,
2003-03-16,0.15385742
2003-03-17,
2003-03-18,
2003-03-19,
2003-03-20,
2003-03-21,
2003-03-22,
2003-03-23,
2003-03-24,0.24787812
2003-03-25,
2003-03-26,
2003-03-27,
2003-03-28,0.22502038
2003-03-29,0.17462489
2003-03-30,
2003-03-31,
2003-04-01,
2003-04-02,0.1972825
2003-04-03,
2003-04-04,0.1753798
2003-04-05,0.19287413
2003-04-06,
2003-04-07,
2003-04-08,
2003-04-09,0.2027165
2003-04-10,0.21076351
2003-04-11,
2003-04-12,0.19064876
2003-04-13,
2003-04-14,0.21012905
2003-04-15,0.22903249
2003-04-16,0.22547948
2003-04-17,0.22637436
2003-04-18,
2003-04-19,0.27528793
2003-04-20,
2003-04-21,0.33128595
2003-04-22,0.27862573
2003-04-23,
2003-04-24,0.2573757
2003-04-25,
2003-04-26,0.24143547
2003-04-27,0.2497224
2003-04-28,0.21262756
2003-04-29,0.1978214
2003-04-30,
2003-05-01,0.22192593
2003-05-02,
2003-05-03,0.20107575
2003-05-04,0.19448303
2003-05-05,
2003-05-06,
2003-05-07,
2003-05-08,0.2252524
2003-05-09,0.22334881
2003-05-10,0.22922322
2003-05-11,0.20014925
2003-05-12,
2003-05-13,
2003-05-14,
2003-05-15,0.21584573
2003-05-16,0.21194336
2003-05-17,
2003-05-18,0.21265827
2003-05-19,
2003-05-20,0.18192111
2003-05-21,
2003-05-22,
2003-05-23,0.18350342
2003-05-24,
2003-05-25,0.1511861
2003-05-26,
2003-05-27,0.15557289
2003-05-28,0.15520024
2003-05-29,
2003-05-30,0.1747434
2003-05-31,
2003-06-01,0.18468627
2003-06-02,0.1943405
2003-06-03,
2003-06-04,0.17087927
2003-06-05,
2003-06-06,0.18821318
2003-06-07,0.18806507
2003-06-08,0.18382482
2003-06-09,0.18774441
2003-06-10,
2003-06-11,0.20586732
2003-06-12,
2003-06-13,0.200775
2003-06-14,0.20765275
2003-06-15,
2003-06-16,0.19607538
2003-06-17,
2003-06-18,0.23630114
2003-06-19,0.20002538
2003-06-20,0.21077211
2003-06-21,0.19804771
2003-06-22,
2003-06-23,0.16562763
2003-06-24,
2003-06-25,0.18643513
2003-06-26,0.21156901
2003-06-27,
2003-06-28,0.1569596
2003-06-29,
2003-06-30,0.18784185
2003-07-01,0.22734754
2003-07-02,0.18954408
2003-07-03,0.21106273
2003-07-04,
2003-07-05,0.20386861
2003-07-06,
2003-07-07,0.19338731
2003-07-08,0.20492889
2003-07-09,
2003-07-10,0.2203473
2003-07-11,
2003-07-12,
2003-07-13,
2003-07-14,
2003-07-15,0.19535993
2003-07-16,
2003-07-17,0.1980552
2003-07-18,
2003-07-19,0.20113328
2003-07-20,0.2087407
2003-07-21,
2003-07-22,
2003-07-23,
2003-07-24,0.27033493
2003-07-25,0.2542437
2003-07-26,
2003-07-27,0.2227904
2003-07-28,
2003-07-29,0.23439482
2003-07-30,
2003-07-31,0.22621928
2003-08-01,0.20923726
2003-08-02,
2003-08-03,
2003-08-04,
2003-08-05,0.20900494
2003-08-06,0.19976807
2003-08-07,
2003-08-08,0.19361115
2003-08-09,
2003-08-10,0.19045046
2003-08-11,0.1839967
2003-08-12,0.16403362
2003-08-13,0.16332863
2003-08-14,
2003-08-15,0.1642413
2003-08-16,
2003-08-17,0.17830513
2003-08-18,0.1569007
2003-08-19,
2003-08-20,0.22171599
2003-08-21,
2003-08-22,0.19271024
2003-08-23,0.17750792
2003-08-24,
2003-08-25,0.16935591
2003-08-26,
2003-08-27,
2003-08-28,
2003-08-29,0.21413986
2003-08-30,0.21662974
2003-08-31,
2003-09-01,0.19818272
2003-09-02,
2003-09-03,0.23128249
2003-09-04,0.23016322
2003-09-05,
2003-09-06,0.20769762
2003-09-07,
2003-09-08,
2003-09-09,
2003-09-10,
2003-09-11,0.26361418
2003-09-12,
2003-09-13,
2003-09-14,
2003-09-15,0.24434261
2003-09-16,0.21356523
2003-09-17,
2003-09-18,
2003-09-19,
2003-09-20,0.26427022
2003-09-21,
2003-09-22,0.16152672
2003-09-23,
2003-09-24,
2003-09-25,
2003-09-26,
2003-09-27,
2003-09-28,
2003-09-29,
2003-09-30,0.19086564
2003-10-01,
2003-10-02,
2003-10-03,0.2135498
2003-10-04,0.22411314
2003-10-05,0.17701212
2003-10-06,
2003-10-07,
2003-10-08,
2003-10-09,
2003-10-10,0.19602826
2003-10-11,
2003-10-12,0.22171459
2003-10-13,
2003-10-14,0.20255259
2003-10-15,0.18314457
2003-10-16,
2003-10-17,0.13937071
2003-10-18,
2003-10-19,0.20173918
2003-10-20,
2003-10-21,0.19299777
2003-10-22,0.18389584
2003-10-23,
2003-10-24,0.16672611
2003-10-25,
2003-10-26,0.14719951
2003-10-27,0.13605091
2003-10-28,0.16194837
2003-10-29,0.12666565
2003-10-30,
2003-10-31,0.15201381
2003-11-01,
2003-11-02,0.16181444
2003-11-03,0.16685759
2003-11-04,
2003-11-05,0.18128602
2003-11-06,
2003-11-07,0.18121365
2003-11-08,0.18887055
2003-11-09,
2003-11-10,0.19317767
2003-11-11,
2003-11-12,0.19253244
2003-11-13,
2003-11-14,0.24759594
2003-11-15,0.2163131
2003-11-16,
2003-11-17,0.22312017
2003-11-18,
2003-11-19,0.17544451
2003-11-20,0.19351181
2003-11-21,
2003-11-22,0.2034504
2003-11-23,
2003-11-24,0.2193112
2003-11-25,0.25511622
2003-11-26,0.214151
2003-11-27,0.17083332
2003-11-28,
2003-11-29,0.17892541
2003-11-30,
2003-12-01,0.19387667
2003-12-02,0.21181227
2003-12-03,
2003-12-04,
2003-12-05,
2003-12-06,0.22108777
2003-12-07,0.26111922
2003-12-08,
2003-12-09,0.21261592
2003-12-10,
2003-12-11,0.20899673
2003-12-12,
2003-12-13,
2003-12-14,0.20690717
2003-12-15,
2003-12-16,
2003-12-17,
2003-12-18,0.23980492
2003-12-19,
2003-12-23,
2003-12-24,0.20460276
2003-12-25,
2003-12-26,0.1930056
2003-12-27,
2003-12-28,0.20298433
2003-12-29,
2003-12-30,0.19818224
2003-12-31,0.18980326
2004-01-01,
2004-01-02,
2004-01-03,
2004-01-04,
2004-01-05,
2004-01-06,
2004-01-07,
2004-01-08,
2004-01-09,0.20737205
2004-01-10,
2004-01-11,
2004-01-12,0.19599357
2004-01-13,
2004-01-14,0.1891739
2004-01-15,
2004-01-16,0.17084171
2004-01-17,0.17814185
2004-01-18,
2004-01-19,0.14421533
2004-01-20,
2004-01-21,0.164554
2004-01-22,
2004-01-23,
2004-01-24,0.18956994
2004-01-25,
2004-01-26,
2004-01-27,
2004-01-28,0.21382415
2004-01-29,0.20726822
2004-01-30,
2004-01-31,0.20449369
2004-02-01,
2004-02-02,0.20511122
2004-02-03,0.20500539
2004-02-04,
2004-02-05,0.1805406
2004-02-06,
2004-02-07,0.1816496
2004-02-08,0.1873258
2004-02-09,0.19300038
2004-02-10,0.2116988
2004-02-11,
2004-02-12,0.21916074
2004-02-13,
2004-02-14,0.2168849
2004-02-15,0.19890273
2004-02-16,
2004-02-17,0.18560065
2004-02-18,
2004-02-19,0.19241771
2004-02-20,0.19006269
2004-02-21,
2004-02-22,
2004-02-23,
2004-02-24,0.17404221
2004-02-25,
2004-02-26,0.2105864
2004-02-27,0.21700855
2004-02-28,
2004-02-29,
2004-03-01,
2004-03-02,
2004-03-03,
2004-03-04,
2004-03-05,
2004-03-06,
2004-03-07,0.23974402
2004-03-08,
2004-03-09,
2004-03-10,
2004-03-11,
2004-03-12,
2004-03-13,
2004-03-14,
2004-03-15,0.19245665
2004-03-16,
2004-03-17,
2004-03-18,
2004-03-19,0.203426
2004-03-20,0.20378874
2004-03-21,
2004-03-22,0.20129025
2004-03-23,
2004-03-24,
2004-03-25,0.2013705
2004-03-26,0.20866051
2004-03-27,
2004-03-28,
2004-03-29,
2004-03-30,
2004-03-31,
2004-04-01,
2004-04-02,
2004-04-03,
2004-04-04,
2004-04-05,0.23986888
2004-04-06,0.21318701
2004-04-07,
2004-04-08,0.24402091
2004-04-09,
2004-04-10,0.22371536
2004-04-11,0.23037556
2004-04-12,0.22294623
2004-04-13,0.20805922
2004-04-14,
2004-04-15,0.23183501
2004-04-16,
2004-04-17,
2004-04-18,
2004-04-19,
2004-04-20,0.24742806
2004-04-21,
2004-04-22,0.25973907
2004-04-23,0.23966642
2004-04-24,
2004-04-25,0.2224964
2004-04-26,
2004-04-27,0.21071255
2004-04-28,
2004-04-29,0.19441621
2004-04-30,0.19976507
2004-05-01,
2004-05-02,0.1737441
2004-05-03,
2004-05-04,0.19888698
2004-05-05,
2004-05-06,
2004-05-07,0.21958409
2004-05-08,
2004-05-09,0.24055432
2004-05-10,
2004-05-11,
2004-05-12,0.18876822
2004-05-13,
2004-05-14,0.18636602
2004-05-15,
2004-05-16,0.19825938
2004-05-17,0.19499683
2004-05-18,
2004-05-19,0.17326632
2004-05-20,
2004-05-21,0.20136753
2004-05-22,0.1809219
2004-05-23,
2004-05-24,0.18770699
2004-05-25,
2004-05-26,0.19052875
2004-05-27,0.20634343
2004-05-28,0.20839085
2004-05-29,0.19831598
2004-05-30,
2004-05-31,0.17012876
2004-06-01,
2004-06-02,0.18682767
2004-06-03,0.2097452
2004-06-04,
2004-06-05,0.21362616
2004-06-06,
2004-06-07,0.2170019
2004-06-08,0.21156104
2004-06-09,
2004-06-10,0.24274561
2004-06-11,
2004-06-12,0.19520094
2004-06-13,0.21514146
2004-06-14,
2004-06-15,0.21071307
2004-06-16,
2004-06-17,0.19720934
2004-06-18,
2004-06-19,0.16284059
2004-06-20,0.20772731
2004-06-21,
2004-06-22,0.17807734
2004-06-23,
2004-06-24,0.20244384
2004-06-25,0.19355954
2004-06-26,
2004-06-27,0.21803421
2004-06-28,
2004-06-29,
2004-06-30,
2004-07-01,0.21569417
2004-07-02,0.21613383
2004-07-03,
2004-07-04,0.20006682
2004-07-05,
2004-07-06,0.20001589
2004-07-07,0.19048691
2004-07-08,
2004-07-09,0.1743989
2004-07-10,
2004-07-11,0.20966007
2004-07-12,0.22433399
2004-07-13,
2004-07-14,0.22798441
2004-07-15,
2004-07-16,0.2365633
2004-07-17,
2004-07-18,0.21438022
2004-07-19,0.3306014
2004-07-20,
2004-07-21,0.18170014
2004-07-22,
2004-07-23,0.19938199
2004-07-24,
2004-07-25,
2004-07-26,0.22187215
2004-07-27,
2004-07-28,
2004-07-29,
2004-07-30,0.21486488
2004-07-31,
2004-08-01,
2004-08-02,0.23955344
2004-08-03,
2004-08-04,
2004-08-05,
2004-08-06,
2004-08-07,0.19970866
2004-08-08,
2004-08-09,0.2224098
2004-08-10,0.23723449
2004-08-11,
2004-08-12,
2004-08-13,
2004-08-14,0.23207466
2004-08-15,
2004-08-16,0.23823942
2004-08-17,0.21860184
2004-08-18,
2004-08-19,0.23228507
2004-08-20,
2004-08-21,0.2365427
2004-08-22,0.2359207
2004-08-23,
2004-08-24,0.19881478
2004-08-25,
2004-08-26,0.19374895
2004-08-27,0.19691125
2004-08-28,
2004-08-29,0.18564336
2004-08-30,
2004-08-31,0.18979336
2004-09-01,
2004-09-02,0.19309197
2004-09-03,0.16987713
2004-09-04,
2004-09-05,0.18895487
2004-09-06,
2004-09-07,0.18803598
2004-09-08,0.21154504
2004-09-09,
2004-09-10,0.22297944
2004-09-11,
2004-09-12,
2004-09-13,0.20409007
2004-09-14,0.23162417
2004-09-15,
2004-09-16,
2004-09-17,
2004-09-18,
2004-09-19,
2004-09-20,0.19501288
2004-09-21,
2004-09-22,
2004-09-23,
2004-09-24,0.2094032
2004-09-25,
2004-09-26,
2004-09-27,0.19889843
2004-09-28,
2004-09-29,
2004-09-30,0.21809421
2004-10-01,0.20737083
2004-10-02,0.21852766
2004-10-03,
2004-10-04,
2004-10-05,
2004-10-06,0.19253904
2004-10-07,0.18073477
2004-10-08,
2004-10-09,0.20720845
2004-10-10,
2004-10-11,0.2062856
2004-10-12,
2004-10-13,
2004-10-14,0.19739492
2004-10-15,
2004-10-16,0.21324234
2004-10-17,0.27966535
2004-10-18,0.19249977
2004-10-19,0.17819993
2004-10-20,
2004-10-21,0.16144975
2004-10-22,
2004-10-23,0.18103501
2004-10-24,0.1956482
2004-10-25,
2004-10-26,0.17931534
2004-10-27,
2004-10-28,0.23095393
2004-10-29,0.2293165
2004-10-30,0.24863969
2004-10-31,0.2707522
2004-11-01,
2004-11-02,0.23650204
2004-11-03,
2004-11-04,0.21307042
2004-11-05,0.20661324
2004-11-06,
2004-11-07,0.21437864
2004-11-08,
2004-11-09,0.24072692
2004-11-10,0.27930558
2004-11-11,
2004-11-12,0.2254245
2004-11-13,
2004-11-14,
2004-11-15,0.24826597
2004-11-16,
2004-11-17,0.16985309
2004-11-18,
2004-11-19,0.15500624
2004-11-20,
2004-11-21,0.13320555
2004-11-22,0.15219316
2004-11-23,
2004-11-24,0.16174735
2004-11-25,
2004-11-26,0.22495794
2004-11-27,
2004-11-28,
2004-11-29,0.19519994
2004-11-30,
2004-12-01,0.20816904
2004-12-02,0.22428985
2004-12-03,
2004-12-04,0.18674846
2004-12-05,
2004-12-06,0.19428979
2004-12-07,
2004-12-08,
2004-12-09,0.1942817
2004-12-10,
2004-12-11,0.18632467
2004-12-12,
2004-12-13,0.24557993
2004-12-14,0.23861845
2004-12-15,
2004-12-16,0.204938
2004-12-17,
2004-12-18,0.20926106
2004-12-19,0.20133035
2004-12-20,0.20014083
2004-12-21,0.14757353
2004-12-22,
2004-12-23,0.16159192
2004-12-24,
2004-12-25,0.1753011
2004-12-26,0.17265025
2004-12-27,
2004-12-28,0.1738677
2004-12-29,
2004-12-30,0.15961944
2004-12-31,0.15503
2005-01-01,
2005-01-02,0.18686382
2005-01-03,
2005-01-04,0.1859714
2005-01-05,0.19435541
2005-01-06,
2005-01-07,
2005-01-08,
2005-01-09,0.1964951
2005-01-10,
2005-01-11,0.21319474
2005-01-12,0.20317475
2005-01-13,
2005-01-14,0.20101261
2005-01-15,
2005-01-16,0.2042469
2005-01-17,0.23537333
2005-01-18,
2005-01-19,0.18796135
2005-01-20,
2005-01-21,0.18907148
2005-01-22,0.1946801
2005-01-23,0.1679151
2005-01-24,0.18375368
2005-01-25,
2005-01-26,0.15107675
2005-01-27,
2005-01-28,0.16933553
2005-01-29,0.15242043
2005-01-30,
2005-01-31,0.19719195
2005-02-01,
2005-02-02,
2005-02-03,
2005-02-04,
2005-02-05,0.20844014
2005-02-06,
2005-02-07,0.1767512
2005-02-08,
2005-02-09,
2005-02-10,
2005-02-11,
2005-02-12,0.15092486
2005-02-13,
2005-02-14,
2005-02-15,0.18825573
2005-02-16,
2005-02-17,0.16734967
2005-02-18,
2005-02-19,
2005-02-20,
2005-02-21,
2005-02-22,
2005-02-23,
2005-02-24,0.21068919
2005-02-25,
2005-02-26,
2005-02-27,
2005-02-28,
2005-03-01,0.18642017
2005-03-02,
2005-03-03,
2005-03-04,0.1777762
2005-03-05,
2005-03-06,
2005-03-07,
2005-03-08,0.18722185
2005-03-09,
2005-03-10,
2005-03-11,0.19096515
2005-03-12,
2005-03-13,
2005-03-14,0.22475295
2005-03-15,0.26429635
2005-03-16,0.21258548
2005-03-17,
2005-03-18,
2005-03-19,
2005-03-20,
2005-03-21,0.21185231
2005-03-22,
2005-03-23,
2005-03-24,
2005-03-25,0.22086701
2005-03-26,0.194319
2005-03-27,
2005-03-28,
2005-03-29,
2005-03-30,0.18013018
2005-03-31,
2005-04-01,
2005-04-02,0.18673454
2005-04-03,
2005-04-04,
2005-04-05,0.20233011
2005-04-06,0.18489593
2005-04-07,0.17587589
2005-04-08,
2005-04-09,
2005-04-10,
2005-04-11,0.20537783
2005-04-12,
2005-04-13,
2005-04-14,
2005-04-15,
2005-04-16,0.17718191
2005-04-17,0.15431117
2005-04-18,
2005-04-19,0.14331509
2005-04-20,
2005-04-21,0.1609973
2005-04-22,0.2011078
2005-04-23,0.18715608
2005-04-24,0.17535482
2005-04-25,
2005-04-26,0.17761324
2005-04-27,
2005-04-28,0.19216016
2005-04-29,0.18293764
2005-04-30,
2005-05-01,0.21729843
2005-05-02,
2005-05-03,
2005-05-04,0.18996346
2005-05-05,
2005-05-06,0.16965032
2005-05-07,
2005-05-08,0.21280186
2005-05-09,0.20758347
2005-05-10,0.20327339
2005-05-11,0.20427203
2005-05-12,
2005-05-13,0.1714986
2005-05-14,
2005-05-15,
2005-05-16,0.17351572
2005-05-17,
2005-05-18,0.1880988
2005-05-19,
2005-05-20,0.17238066
2005-05-21,
2005-05-22,
2005-05-23,0.1880723
2005-05-24,
2005-05-25,0.21994191
2005-05-26,0.25128806
2005-05-27,0.24869803
2005-05-28,
2005-05-29,
2005-05-30,0.21936728
2005-05-31,
2005-06-01,0.19717525
2005-06-02,0.19530708
2005-06-03,
2005-06-04,0.21904784
2005-06-05,
2005-06-06,0.209152
2005-06-07,0.19442883
2005-06-08,
2005-06-09,0.20383462
2005-06-10,
2005-06-11,0.2120752
2005-06-12,0.2571142
2005-06-13,
2005-06-14,0.20993827
2005-06-15,
2005-06-16,0.19337808
2005-06-17,0.23696616
2005-06-18,0.21275644
2005-06-19,0.20896655
2005-06-20,
2005-06-21,0.21571507
2005-06-22,
2005-06-23,0.23229423
2005-06-24,
2005-06-25,
2005-06-26,0.20583549
2005-06-27,
2005-06-28,0.2303871
2005-06-29,0.20908137
2005-06-30,
2005-07-01,0.18663034
2005-07-02,
2005-07-03,0.19790481
2005-07-04,0.2815687
2005-07-05,0.2143147
2005-07-06,0.19764434
2005-07-07,
2005-07-08,0.20360814
2005-07-09,
2005-07-10,0.21811081
2005-07-11,
2005-07-12,
2005-07-13,0.26313877
2005-07-14,
2005-07-15,0.22010322
2005-07-16,0.21059002
2005-07-17,
2005-07-18,0.2163932
2005-07-19,
2005-07-20,0.21005559
2005-07-21,0.2126421
2005-07-22,0.20422854
2005-07-23,0.22989437
2005-07-24,
2005-07-25,0.22010787
2005-07-26,
2005-07-27,0.2597424
2005-07-28,0.2311289
2005-07-29,
2005-07-30,0.22870159
2005-07-31,
2005-08-01,0.26479512
2005-08-02,0.26178023
2005-08-03,
2005-08-04,0.2534442
2005-08-05,
2005-08-06,0.26075843
2005-08-07,0.2411058
2005-08-08,0.25113526
2005-08-09,0.23838662
2005-08-10,
2005-08-11,0.2207786
2005-08-12,
2005-08-13,0.25056607
2005-08-14,0.2315891
2005-08-15,
2005-08-16,0.19741711
2005-08-17,
2005-08-18,0.17624067
2005-08-19,0.19036968
2005-08-20,
2005-08-21,0.18492822
2005-08-22,
2005-08-23,0.21560988
2005-08-24,
2005-08-25,0.18666978
2005-08-26,0.21595493
2005-08-27,
2005-08-28,
2005-08-29,
2005-08-30,0.17564256
2005-08-31,0.21806687
2005-09-01,
2005-09-02,
2005-09-03,
2005-09-04,0.25476483
2005-09-05,
2005-09-06,
2005-09-07,
2005-09-08,
2005-09-09,0.24565743
2005-09-10,
2005-09-11,
2005-09-12,0.23207915
2005-09-13,
2005-09-14,
2005-09-15,
2005-09-16,0.21573825
2005-09-17,0.20864001
2005-09-18,
2005-09-19,
2005-09-20,
2005-09-21,0.22345212
2005-09-22,0.19067283
2005-09-23,
2005-09-24,
2005-09-25,
2005-09-26,0.23106784
2005-09-27,
2005-09-28,
2005-09-29,0.23246022
2005-09-30,
2005-10-01,0.31037334
2005-10-02,
2005-10-03,
2005-10-04,0.1969649
2005-10-05,
2005-10-06,0.20931797
2005-10-07,
2005-10-08,0.24035957
2005-10-09,0.2146514
2005-10-10,
2005-10-11,0.22221215
2005-10-12,
2005-10-13,0.22398508
2005-10-14,0.24969508
2005-10-15,
2005-10-16,0.24677625
2005-10-17,
2005-10-18,0.27942887
2005-10-19,0.29269314
2005-10-20,0.22933087
2005-10-21,0.23272748
2005-10-22,
2005-10-23,0.22852841
2005-10-24,
2005-10-25,0.22528933
2005-10-26,0.22858746
2005-10-27,
2005-10-28,0.18564904
2005-10-29,
2005-10-30,0.20003444
2005-10-31,0.16747522
2005-11-01,
2005-11-02,0.19348583
2005-11-03,
2005-11-04,
2005-11-05,
2005-11-06,
2005-11-07,0.20907903
2005-11-08,
2005-11-09,
2005-11-10,
2005-11-11,0.22020292
2005-11-12,0.21149477
2005-11-13,
2005-11-14,0.23132123
2005-11-15,
2005-11-16,0.2221869
2005-11-17,0.2413975
2005-11-18,
2005-11-19,0.21137194
2005-11-20,
2005-11-21,0.22948854
2005-11-22,0.21029496
2005-11-23,
2005-11-24,0.1978189
2005-11-25,
2005-11-26,0.20519805
2005-11-27,0.22827125
2005-11-28,0.17894414
2005-11-29,0.16778031
2005-11-30,
2005-12-01,0.19111733
2005-12-02,
2005-12-03,0.21313706
2005-12-04,0.21138212
2005-12-05,
2005-12-06,0.20639431
2005-12-07,
2005-12-08,0.22070892
2005-12-09,
2005-12-10,
2005-12-11,0.20181555
2005-12-12,
2005-12-13,0.22031833
2005-12-14,
2005-12-15,0.20037273
2005-12-16,0.2199772
2005-12-17,
2005-12-18,0.23679903
2005-12-19,
2005-12-20,0.25892237
2005-12-21,0.24118811
2005-12-22,
2005-12-23,0.20043099
2005-12-24,
2005-12-25,0.21468121
2005-12-26,0.2002044
2005-12-27,
2005-12-28,0.20772758
2005-12-29,
2005-12-30,0.23443583
2005-12-31,0.25801072
2006-01-01,
2006-01-02,0.19921856
2006-01-03,
2006-01-04,0.23196267
2006-01-05,
2006-01-06,0.24250147
2006-01-07,0.19645481
2006-01-08,
2006-01-09,0.2184199
2006-01-10,
2006-01-11,0.27150515
2006-01-12,0.26772237
2006-01-13,
2006-01-14,
2006-01-15,
2006-01-16,0.27068788
2006-01-17,0.24989307
2006-01-18,
2006-01-19,0.23971716
2006-01-20,
2006-01-21,0.2544133
2006-01-22,0.27117172
2006-01-23,0.2238126
2006-01-24,
2006-01-25,
2006-01-26,0.21482265
2006-01-27,
2006-01-28,0.1533735
2006-01-29,0.17865154
2006-01-30,
2006-01-31,0.2089214
2006-02-01,
2006-02-02,0.22581536
2006-02-03,0.24105555
2006-02-04,
2006-02-05,0.24638198
2006-02-06,
2006-02-07,0.2722438
2006-02-08,0.48327774
2006-02-09,
2006-02-10,0.19966331
2006-02-11,
2006-02-12,0.22628726
2006-02-13,0.19784865
2006-02-14,0.2149977
2006-02-15,0.20188637
2006-02-16,
2006-02-17,0.22686367
2006-02-18,
2006-02-19,0.25861675
2006-02-20,0.26546127
2006-02-21,
2006-02-22,0.25080448
2006-02-23,
2006-02-24,0.22088903
2006-02-25,0.22307953
2006-02-26,
2006-02-27,0.22346072
2006-02-28,
2006-03-01,0.23307063
2006-03-02,0.23352315
2006-03-03,0.24351491
2006-03-04,0.19486827
2006-03-05,
2006-03-06,
2006-03-07,
2006-03-08,0.19637397
2006-03-09,
2006-03-10,
2006-03-11,
2006-03-12,
2006-03-13,0.2338262
2006-03-14,
2006-03-15,
2006-03-16,0.22715817
2006-03-17,
2006-03-18,0.25492606
2006-03-19,
2006-03-20,0.1928075
2006-03-21,0.19533457
2006-03-22,
2006-03-23,
2006-03-24,0.1693904
2006-03-25,0.21351087
2006-03-26,0.1888257
2006-03-27,
2006-03-28,
2006-03-29,
2006-03-30,0.16742213
2006-03-31,
2006-04-01,
2006-04-02,0.21350133
2006-04-03,
2006-04-04,0.22757086
2006-04-05,
2006-04-06,
2006-04-07,0.171794
2006-04-08,
2006-04-09,0.22217688
2006-04-10,0.21463785
2006-04-11,0.1960903
2006-04-12,0.18316211
2006-04-13,
2006-04-14,0.1849199
2006-04-15,
2006-04-16,0.17763251
2006-04-17,0.18407574
2006-04-18,
2006-04-19,0.2042643
2006-04-20,
2006-04-21,0.20320843
2006-04-22,
2006-04-23,
2006-04-24,0.19619259
2006-04-25,
2006-04-26,0.20492314
2006-04-27,
2006-04-28,
2006-04-29,0.19908856
2006-04-30,
2006-05-01,0.19353229
2006-05-02,0.19556949
2006-05-03,0.17887488
2006-05-04,0.17847565
2006-05-05,
2006-05-06,0.19249679
2006-05-07,
2006-05-08,0.18035786
2006-05-09,0.16297965
2006-05-10,
2006-05-11,0.14287028
2006-05-12,
2006-05-13,0.16947363
2006-05-14,0.17659509
2006-05-15,
2006-05-16,0.19824488
2006-05-17,
2006-05-18,0.17743494
2006-05-19,0.17544179
2006-05-20,0.17975073
2006-05-21,0.17689945
2006-05-22,
2006-05-23,0.20836176
2006-05-24,0.22498028
2006-05-25,0.22546692
2006-05-26,0.17039385
2006-05-27,
2006-05-28,
2006-05-29,
2006-05-30,0.20041749
2006-05-31,0.19220302
2006-06-01,
2006-06-02,0.19779612
2006-06-03,
2006-06-04,0.19982056
2006-06-05,0.21043332
2006-06-06,
2006-06-07,0.19335094
2006-06-08,
2006-06-09,0.23132052
2006-06-10,0.20103738
2006-06-11,0.17873552
2006-06-12,0.19221798
2006-06-13,
2006-06-14,0.17499322
2006-06-15,
2006-06-16,0.1911724
2006-06-17,0.1911131
2006-06-18,
2006-06-19,0.19387563
2006-06-20,
2006-06-21,0.23945236
2006-06-22,0.20562415
2006-06-23,
2006-06-24,0.20497055
2006-06-25,
2006-06-26,0.21908064
2006-06-27,0.20774016
2006-06-28,
2006-06-29,0.19330712
2006-06-30,
2006-07-01,0.207095
2006-07-02,0.20282711
2006-07-03,
2006-07-04,0.1988821
2006-07-05,
2006-07-06,0.20986503
2006-07-07,
2006-07-08,0.18364495
2006-07-09,0.16304639
2006-07-10,
2006-07-11,0.18872617
2006-07-12,
2006-07-13,0.18475203
2006-07-14,0.18142685
2006-07-15,
2006-07-16,0.20585251
2006-07-17,
2006-07-18,0.22532637
2006-07-19,
2006-07-20,0.19910187
2006-07-21,0.19893652
2006-07-22,
2006-07-23,0.20358229
2006-07-24,
2006-07-25,0.19553311
2006-07-26,0.19341566
2006-07-27,
2006-07-28,0.20929308
2006-07-29,
2006-07-30,0.22383875
2006-07-31,
2006-08-01,
2006-08-02,0.16272505
2006-08-03,
2006-08-04,0.20758857
2006-08-05,0.21343945
2006-08-06,
2006-08-07,0.19925849
2006-08-08,
2006-08-09,0.19938408
2006-08-10,
2006-08-11,
2006-08-12,0.15902558
2006-08-13,
2006-08-14,0.22346178
2006-08-15,
2006-08-16,
2006-08-17,
2006-08-18,
2006-08-19,0.19398911
2006-08-20,
2006-08-21,0.22173516
2006-08-22,0.25625965
2006-08-23,
2006-08-24,0.19383994
2006-08-25,
2006-08-26,0.21277967
2006-08-27,0.19702901
2006-08-28,
2006-08-29,0.1820816
2006-08-30,
2006-08-31,0.2286645
2006-09-01,
2006-09-02,0.1942811
2006-09-03,
2006-09-04,
2006-09-05,0.18406752
2006-09-06,
2006-09-07,0.2215985
2006-09-08,
2006-09-09,
2006-09-10,0.20950632
2006-09-11,
2006-09-12,
2006-09-13,0.19328375
2006-09-14,
2006-09-15,0.18990563
2006-09-16,
2006-09-17,
2006-09-18,
2006-09-19,
2006-09-20,0.19422466
2006-09-21,
2006-09-22,
2006-09-23,
2006-09-24,0.2325918
2006-09-25,
2006-09-26,
2006-09-27,
2006-09-28,
2006-09-29,0.17829913
2006-09-30,
2006-10-01,
2006-10-02,0.22202398
2006-10-03,
2006-10-04,
2006-10-05,0.1973267
2006-10-06,
2006-10-07,0.19959572
2006-10-08,
2006-10-09,0.20516805
2006-10-10,0.27872068
2006-10-11,0.1769917
2006-10-12,0.16575359
2006-10-13,
2006-10-14,0.13731103
2006-10-15,
2006-10-16,0.08953718
2006-10-17,0.09588331
2006-10-18,
2006-10-19,
2006-10-20,
2006-10-21,0.14519753
2006-10-22,0.14623752
2006-10-23,
2006-10-24,0.1552326
2006-10-25,
2006-10-26,0.14840013
2006-10-27,
2006-10-28,
2006-10-29,0.15275554
2006-10-30,
2006-10-31,0.16770335
2006-11-01,
2006-11-02,0.18863194
2006-11-03,0.1583295
2006-11-04,
2006-11-05,0.1638436
2006-11-06,
2006-11-07,0.18269922
2006-11-08,0.1575518
2006-11-09,
2006-11-10,0.14645465
2006-11-11,
2006-11-12,0.16615532
2006-11-13,0.14653438
2006-11-14,
2006-11-15,0.105333604
2006-11-16,
2006-11-17,0.128652
2006-11-18,
2006-11-19,
2006-11-20,0.13029794
2006-11-21,
2006-11-22,0.16546339
2006-11-23,
2006-11-24,0.11619392
2006-11-25,0.09662904
2006-11-26,
2006-11-27,
2006-11-28,
2006-11-29,
2006-11-30,0.10009595
2006-12-01,
2006-12-02,0.12555099
2006-12-03,
2006-12-04,0.12571758
2006-12-05,
2006-12-06,
2006-12-07,0.15806064
2006-12-08,
2006-12-09,0.1496916
2006-12-10,
2006-12-11,0.18551606
2006-12-12,0.18059999
2006-12-13,
2006-12-14,0.15768287
2006-12-15,
2006-12-16,0.14256908
2006-12-17,0.181907
2006-12-18,
2006-12-19,0.19244471
2006-12-20,
2006-12-21,
2006-12-22,0.14136039
2006-12-23,
2006-12-24,0.16288275
2006-12-25,
2006-12-26,
2006-12-27,0.18758717
2006-12-28,
2006-12-29,0.19298097
2006-12-30,
2006-12-31,0.186443
2007-01-01,
2007-01-02,0.20695281
2007-01-03,0.19437976
2007-01-04,
2007-01-05,
2007-01-06,
2007-01-07,0.20871896
2007-01-08,0.19023369
2007-01-09,
2007-01-10,0.16219386
2007-01-11,
2007-01-12,0.16888295
2007-01-13,
2007-01-14,
2007-01-15,0.19295129
2007-01-16,
2007-01-17,0.17892176
2007-01-18,
2007-01-19,0.17872538
2007-01-20,0.1650941
2007-01-21,
2007-01-22,0.17004375
2007-01-23,
2007-01-24,0.21357279
2007-01-25,
2007-01-26,
2007-01-27,0.20008159
2007-01-28,
2007-01-29,0.21063201
2007-01-30,
2007-01-31,
2007-02-01,0.16443226
2007-02-02,
2007-02-03,0.17791958
2007-02-04,0.19780226
2007-02-05,
2007-02-06,0.1974125
2007-02-07,
2007-02-08,0.18512034
2007-02-09,0.1653266
2007-02-10,0.17308684
2007-02-11,0.19181791
2007-02-12,
2007-02-13,0.19136856
2007-02-14,
2007-02-15,0.1998301
2007-02-16,0.1616933
2007-02-17,
2007-02-18,
2007-02-19,
2007-02-20,0.19302674
2007-02-21,0.18327068
2007-02-22,
2007-02-23,0.1900951
2007-02-24,
2007-02-25,0.22302416
2007-02-26,0.22441603
2007-02-27,
2007-02-28,0.25834638
2007-03-01,
2007-03-02,0.2320817
2007-03-03,0.22453816
2007-03-04,
2007-03-05,0.20875995
2007-03-06,
2007-03-07,
2007-03-08,
2007-03-09,0.2019037
2007-03-10,
2007-03-11,
2007-03-12,
2007-03-13,
2007-03-14,
2007-03-15,0.21629345
2007-03-16,
2007-03-17,
2007-03-18,
2007-03-19,
2007-03-20,0.19121255
2007-03-21,
2007-03-22,0.1681479
2007-03-23,
2007-03-24,
2007-03-25,0.20146579
2007-03-26,
2007-03-27,0.21313614
2007-03-28,
2007-03-29,
2007-03-30,0.24159606
2007-03-31,0.24623214
2007-04-01,
2007-04-02,
2007-04-03,
2007-04-04,
2007-04-05,
2007-04-06,0.20598552
2007-04-07,
2007-04-08,0.1946834
2007-04-09,
2007-04-10,0.23512182
2007-04-11,0.20305128
2007-04-12,
2007-04-13,0.1976012
2007-04-14,
2007-04-15,0.23612806
2007-04-16,0.20832124
2007-04-17,
2007-04-18,0.24099739
2007-04-19,
2007-04-20,0.26435968
2007-04-21,0.25023055
2007-04-22,0.24491464
2007-04-23,0.19898292
2007-04-24,
2007-04-25,0.23644887
2007-04-26,
2007-04-27,0.20910236
2007-04-28,0.20137206
2007-04-29,
2007-04-30,0.22249183
2007-05-01,
2007-05-02,0.2731464
2007-05-03,0.26760146
2007-05-04,
2007-05-05,0.20713319
2007-05-06,
2007-05-07,
2007-05-08,
2007-05-09,
2007-05-10,0.23272336
2007-05-11,
2007-05-12,0.23228367
2007-05-13,0.21239261
2007-05-14,0.20482872
2007-05-15,
2007-05-16,
2007-05-17,
2007-05-18,
2007-05-19,
2007-05-20,0.23347513
2007-05-21,
2007-05-22,0.21166952
2007-05-23,
2007-05-24,0.24632883
2007-05-25,0.21723832
2007-05-26,
2007-05-27,0.19017597
2007-05-28,
2007-05-29,0.20478794
2007-05-30,0.20738319
2007-05-31,0.19809176
2007-06-01,0.19328663
2007-06-02,
2007-06-03,0.20887975
2007-06-04,0.17765369
2007-06-05,0.20875072
2007-06-06,0.19629043
2007-06-07,
2007-06-08,0.19654359
2007-06-09,
2007-06-10,0.24588278
2007-06-11,
2007-06-12,
2007-06-13,0.20575644
2007-06-14,
2007-06-15,0.23071928
2007-06-16,0.20875175
2007-06-17,
2007-06-18,
2007-06-19,
2007-06-20,0.25592673
2007-06-21,0.24726772
2007-06-22,0.2644409
2007-06-23,0.22888814
2007-06-24,
2007-06-25,0.2106062
2007-06-26,
2007-06-27,0.26014033
2007-06-28,0.2237474
2007-06-29,
2007-06-30,0.23354012
2007-07-01,
2007-07-02,0.26013482
2007-07-03,0.19178192
2007-07-04,
2007-07-05,0.21598041
2007-07-06,
2007-07-07,0.2367595
2007-07-08,0.20754582
2007-07-09,
2007-07-10,0.21092044
2007-07-11,
2007-07-12,0.24293298
2007-07-13,0.19789897
2007-07-14,0.19025363
2007-07-15,0.18394493
2007-07-16,
2007-07-17,0.2076371
2007-07-18,0.22315519
2007-07-19,0.21116345
2007-07-20,0.19542505
2007-07-21,
2007-07-22,0.21175915
2007-07-23,
2007-07-24,0.21479997
2007-07-25,0.19531405
2007-07-26,
2007-07-27,0.2054078
2007-07-28,
2007-07-29,0.2321007
2007-07-30,0.19692661
2007-07-31,
2007-08-01,0.20202573
2007-08-02,
2007-08-03,0.23690066
2007-08-04,
2007-08-05,0.22945403
2007-08-06,
2007-08-07,
2007-08-08,0.26161757
2007-08-09,0.25772777
2007-08-10,0.27036548
2007-08-11,0.2505698
2007-08-12,
2007-08-13,0.23850894
2007-08-14,
2007-08-15,0.25051713
2007-08-16,0.22476463
2007-08-17,
2007-08-18,0.23737618
2007-08-19,
2007-08-20,0.27544352
2007-08-21,
2007-08-22,
2007-08-23,0.23218039
2007-08-24,
2007-08-25,
2007-08-26,0.2455635
2007-08-27,0.23416854
2007-08-28,0.23206006
2007-08-29,
2007-08-30,
2007-08-31,
2007-09-01,
2007-09-02,0.24507372
2007-09-03,
2007-09-04,
2007-09-05,
2007-09-06,
2007-09-07,
2007-09-08,
2007-09-09,0.24336849
2007-09-10,
2007-09-11,
2007-09-12,
2007-09-13,
2007-09-14,0.24093969
2007-09-15,
2007-09-16,
2007-09-17,
2007-09-18,0.3149758
2007-09-19,0.2398677
2007-09-20,
2007-09-21,
2007-09-22,
2007-09-23,
2007-09-24,0.2514652
2007-09-25,
2007-09-26,
2007-09-27,
2007-09-28,0.28563112
2007-09-29,0.23898645
2007-09-30,
2007-10-01,0.28393784
2007-10-02,
2007-10-03,0.3100079
2007-10-04,
2007-10-06,0.24801159
2007-10-07,
2007-10-08,0.23186466
2007-10-09,0.28049263
2007-10-10,0.26497427
2007-10-11,0.22184595
2007-10-12,
2007-10-13,0.25590578
2007-10-14,
2007-10-15,0.25940013
2007-10-16,0.2250873
2007-10-17,
2007-10-18,0.259952
2007-10-19,
2007-10-20,0.23975065
2007-10-21,0.21457398
2007-10-22,
2007-10-23,0.23049179
2007-10-24,
2007-10-25,0.2585991
2007-10-26,0.21970642
2007-10-27,
2007-10-28,0.22109105
2007-10-29,
2007-10-30,0.2361021
2007-10-31,0.185582
2007-11-01,0.22680888
2007-11-02,
2007-11-03,
2007-11-04,0.2526285
2007-11-05,
2007-11-06,0.25718305
2007-11-07,0.2499415
2007-11-08,
2007-11-09,0.20811884
2007-11-10,
2007-11-11,0.23732865
2007-11-12,0.22536081
2007-11-13,
2007-11-14,0.21795288
2007-11-15,
2007-11-16,0.2563672
2007-11-17,0.2275841
2007-11-18,
2007-11-19,0.22742699
2007-11-20,
2007-11-21,0.2633097
2007-11-22,0.25715363
2007-11-23,0.25318545
2007-11-24,0.23044722
2007-11-25,
2007-11-26,0.19091646
2007-11-27,
2007-11-28,0.2351031
2007-11-29,0.23029333
2007-11-30,
2007-12-01,0.18305904
2007-12-02,
2007-12-03,0.17465974
2007-12-04,0.19705078
2007-12-05,
2007-12-06,0.18253636
2007-12-07,
2007-12-08,0.19623888
2007-12-09,0.20070645
2007-12-10,
2007-12-11,0.21675618
2007-12-12,
2007-12-13,0.2235137
2007-12-14,0.20519733
2007-12-15,0.20299725
2007-12-16,0.20621467
2007-12-17,
2007-12-18,0.20621797
2007-12-19,
2007-12-20,0.19438706
2007-12-21,0.18376099
2007-12-22,
2007-12-23,0.18529336
2007-12-24,
2007-12-25,0.22108647
2007-12-26,0.1927835
2007-12-27,
2007-12-28,0.21338865
2007-12-29,
2007-12-30,0.23843995
2007-12-31,
2008-01-01,
2008-04-04,
2008-04-05,
2008-04-06,0.24533814
2008-04-07,
2008-04-08,0.20337702
2008-04-09,0.18034248
2008-04-10,
2008-04-11,
2008-04-12,
2008-04-13,0.1945222
2008-04-14,0.17910741
2008-04-15,
2008-04-16,0.17501782
2008-04-17,
2008-04-18,0.21271408
2008-04-19,0.16628808
2008-04-20,
2008-04-21,0.18194611
2008-04-22,
2008-04-23,0.19857726
2008-04-24,0.17029764
2008-04-25,
2008-04-26,0.19968963
2008-04-27,
2008-04-28,
2008-04-30,0.18987007
2008-05-01,0.22169027
2008-05-02,
2008-05-03,0.21260722
2008-05-04,0.22904587
2008-05-05,0.22581215
2008-05-06,0.23912205
2008-05-07,
2008-05-09,
2008-05-10,0.26557028
2008-05-11,0.20719911
2008-05-12,
2008-05-13,0.20026048
2008-05-14,
2008-05-15,0.24110971
2008-05-16,0.23506965
2008-05-17,
2008-05-18,0.20978132
2008-05-19,
2008-05-20,0.16416666
2008-05-21,
2008-05-23,0.2034799
2008-05-24,
2008-05-25,0.22654358
2008-05-26,0.19503225
2008-05-27,0.17768793
2008-05-28,0.18195532
2008-05-29,
2008-05-30,0.22253878
2008-05-31,
2008-06-01,0.20195264
2008-06-02,0.20021462
2008-06-03,
2008-06-04,0.2013657
2008-06-05,
2008-06-06,0.22029145
2008-06-07,0.19611537
2008-06-08,
2008-06-09,0.18970123
2008-06-10,
2008-06-11,0.23712163
2008-06-12,0.20302494
2008-06-13,
2008-06-14,
2008-06-15,
2008-06-16,0.21183291
2008-06-17,0.22953211
2008-06-18,0.20509753
2008-06-19,
2008-06-20,
2008-06-21,
2008-06-23,0.197009
2008-06-24,0.23286325
2008-06-25,
2008-06-26,0.23117071
2008-06-27,
2008-06-30,
2008-07-01,
2008-08-19,0.23689227
2008-08-20,
2008-08-21,0.21023187
2008-08-22,0.2225089
2008-08-23,
2008-08-24,0.22576849
2008-08-25,
2008-08-26,
2008-08-27,0.21152738
2008-08-28,0.29645735
2008-08-29,0.27789313
2008-08-30,
2008-08-31,
2008-09-01,
2008-09-02,0.2806851
2008-09-03,
2008-09-04,
2008-09-05,0.19198072
2008-09-06,
2008-09-07,
2008-09-08,0.2068308
2008-09-09,
2008-09-10,
2008-09-11,
2008-09-12,
2008-09-13,0.21585956
2008-09-14,
2008-09-15,
2008-09-16,
2008-09-17,
2008-09-18,0.24738903
2008-09-19,
2008-09-20,
2008-09-21,
2008-09-22,
2008-09-23,
2008-09-24,
2008-09-25,
2008-09-26,
2008-09-27,0.20764716
2008-09-28,
2008-09-29,0.23639967
2008-09-30,
2008-10-03,
2008-10-04,0.21226263
2008-10-05,0.18456909
2008-10-06,
2008-10-07,0.18730171
2008-10-08,
2008-10-09,0.19466561
2008-10-10,
2008-10-11,0.20233
2008-10-12,0.20104203
2008-10-13,
2008-10-14,0.30165264
2008-10-15,
2008-10-16,0.25052658
2008-10-17,0.23417363
2008-10-18,
2008-10-19,0.22886072
2008-10-20,
2008-10-21,0.2529989
2008-10-22,0.21472563
2008-10-23,
2008-10-24,0.20552948
2008-10-25,
2008-10-26,0.21224345
2008-10-27,0.20311415
2008-10-28,
2008-10-29,0.17876907
2008-10-30,
2008-10-31,0.20070346
2008-11-01,0.17950904
2008-11-02,0.21384695
2008-11-03,0.14967105
2008-11-04,
2008-11-05,0.18799806
2008-11-06,0.1781261
2008-11-07,0.18067749
2008-11-08,0.17140831
2008-11-09,
2008-11-10,0.19851816
2008-11-11,
2008-11-12,
2008-11-13,0.2107893
2008-11-14,
2008-11-15,0.20088394
2008-11-16,
2008-11-17,0.24638583
2008-11-18,0.2201288
2008-11-19,
2008-11-20,0.23101509
2008-11-21,
2008-11-22,0.28802627
2008-11-23,0.21857242
2008-11-24,
2008-11-25,
2008-11-26,
2008-11-27,0.24230403
2008-11-28,0.24300213
2008-11-29,0.23853897
2008-11-30,0.21994194
2008-12-01,
2008-12-02,0.24210458
2008-12-03,
2008-12-04,0.21209273
2008-12-05,0.21423438
2008-12-06,
2008-12-07,0.21614955
2008-12-08,
2008-12-09,0.22301394
2008-12-10,0.19936818
2008-12-11,
2008-12-12,0.22197685
2008-12-13,
2008-12-14,0.25809184
2008-12-15,
2008-12-16,
2008-12-17,0.21641785
2008-12-18,
2008-12-19,0.23112272
2008-12-20,0.27337426
2008-12-21,0.24450545
2008-12-22,0.24166135
2008-12-23,
2008-12-24,0.22290343
2008-12-25,0.19171901
2008-12-26,0.24949615
2008-12-27,0.24010961
2008-12-28,
2008-12-29,0.24297585
2008-12-30,
2008-12-31,0.24972488
2009-01-01,0.24121061
2009-01-02,
2009-01-03,0.2521334
2009-01-04,
2009-01-05,0.2589867
2009-01-06,
2009-01-08,
2009-01-09,
2009-01-10,
2009-01-11,0.26796103
2009-01-12,
2009-01-13,0.24326058
2009-01-14,
2009-01-15,0.24292095
2009-01-16,0.25948918
2009-01-17,0.19482507
2009-01-18,0.22172989
2009-01-19,
2009-01-20,0.15574424
2009-01-21,
2009-01-22,0.2129535
2009-01-23,0.20275414
2009-01-24,
2009-01-25,0.21661858
2009-01-26,
2009-01-27,0.26440936
2009-01-28,
2009-01-29,
2009-01-30,0.22825849
2009-01-31,
2009-02-01,0.2392668
2009-02-02,0.20319489
2009-02-03,
2009-02-04,0.2070994
2009-02-05,
2009-02-06,0.20920862
2009-02-07,
2009-02-08,
2009-02-09,0.20761862
2009-02-10,
2009-02-11,0.2180055
2009-02-12,0.20396353
2009-02-13,0.20833611
2009-02-14,0.2080375
2009-02-15,
2009-02-16,0.21317425
2009-02-17,
2009-02-18,0.23815751
2009-02-19,0.21511082
2009-02-20,
2009-02-21,0.23580885
2009-02-22,
2009-02-23,0.24084224
2009-02-24,0.20419836
2009-02-25,
2009-02-26,0.22920564
2009-02-27,
2009-02-28,0.2384628
2009-03-01,0.2444157
2009-03-02,
2009-03-03,0.21467815
2009-03-04,
2009-03-05,0.2363854
2009-03-06,
2009-03-07,0.19378082
2009-03-08,0.20621908
2009-03-09,
2009-03-10,0.25343522
2009-03-11,
2009-03-12,0.25162807
2009-03-13,
2009-03-14,
2009-03-15,0.23307192
2009-03-16,
2009-03-17,
2009-03-18,
2009-03-19,
2009-03-20,0.25507587
2009-03-21,
2009-03-22,
2009-03-23,0.2052446
2009-03-24,
2009-03-25,0.18056841
2009-03-26,
2009-03-27,
2009-03-28,0.17593695
2009-03-29,
2009-03-30,0.20295736
2009-03-31,
2009-04-01,
2009-04-02,
2009-04-03,0.21110582
2009-04-04,
2009-04-05,
2009-04-06,0.2655477
2009-04-07,
2009-04-08,
2009-04-09,
2009-04-10,
2009-04-11,0.27674708
2009-04-12,
2009-04-13,
2009-04-14,0.23764534
2009-04-15,
2009-04-16,0.22624296
2009-04-17,
2009-04-18,0.2585057
2009-04-19,0.23843569
2009-04-20,
2009-04-21,0.24436636
2009-04-22,
2009-04-23,
2009-06-16,0.19491424
2009-06-17,
2009-06-18,0.20937148
2009-06-19,0.21563804
2009-06-20,
2009-06-21,0.24025981
2009-06-22,
2009-06-23,0.17213146
2009-06-24,
2009-06-25,
2009-06-26,0.16556701
2009-06-27,
2009-06-28,0.18643309
2009-06-29,
2009-06-30,
2009-07-01,
2009-07-18,0.23733805
2009-07-19,
2009-07-20,0.22823907
2009-07-21,0.21640965
2009-07-22,
2009-07-23,0.24064626
2009-07-24,
2009-07-25,0.2283871
2009-07-26,0.25268728
2009-07-27,
2009-07-28,0.23740771
2009-07-29,
2009-07-30,
2009-07-31,0.23721421
2009-08-01,
2009-08-02,0.21612675
2009-08-03,
2009-08-04,0.2649395
2009-08-05,0.22910435
2009-08-06,0.23416057
2009-08-07,0.2307311
2009-08-08,
2009-08-09,0.19232816
2009-08-10,0.22142155
2009-08-11,0.22258873
2009-08-12,0.19812849
2009-08-13,
2009-08-14,0.23077703
2009-08-15,
2009-08-16,0.2056276
2009-08-17,0.19747443
2009-08-18,
2009-08-19,0.21335247
2009-08-20,
2009-08-21,0.24909797
2009-08-22,0.21571884
2009-08-23,
2009-08-24,
2009-08-25,
2009-08-26,
2009-08-27,0.21146463
2009-08-28,
2009-08-29,0.21536596
2009-08-30,
2009-09-03,
2009-09-04,
2009-10-08,
2009-10-09,
2009-11-06,0.20905347
2009-11-07,
2009-11-08,0.18444568
2009-11-09,
2009-11-10,0.2225506
2009-11-11,
2009-11-13,0.20437977
2009-11-14,
2009-11-15,0.21032101
2009-11-16,0.2339137
2009-11-17,
2009-11-18,0.19965184
2009-11-19,
2009-11-20,
2009-11-21,
2009-11-22,
2009-11-23,
2009-12-02,0.24315369
2009-12-03,
2009-12-04,
2009-12-05,0.208942
2009-12-06,
2009-12-07,
2009-12-08,0.20773524
2009-12-09,
2009-12-10,0.19378963
2009-12-11,
2009-12-12,
2009-12-13,
2009-12-14,0.13258493
2009-12-15,0.090336874
2009-12-16,
2009-12-17,0.08035952
2009-12-18,
2009-12-19,
2009-12-20,0.058363438
2009-12-21,
2009-12-22,
2009-12-23,
2009-12-24,
2009-12-25,
2009-12-26,
2009-12-27,
2009-12-28,
2009-12-29,
2009-12-30,
2009-12-31,
2010-01-01,0.068330765
2010-01-02,
2010-01-03,0.08494849
2010-01-04,
2010-01-05,
2010-01-09,0.078067176
2010-01-10,0.08935618
2010-01-11,
2010-01-12,
2010-01-13,0.083000354
2010-01-14,
2010-01-15,
2010-01-16,
2010-01-17,
2010-01-18,0.06964783
2010-01-19,
2010-01-20,
2010-01-21,
2010-01-22,
2010-01-23,0.12127349
2010-01-24,
2010-01-25,0.16765215
2010-01-26,
2010-01-27,
2010-01-28,
2010-01-29,
2010-01-30,
2010-02-01,
2010-02-02,
2010-02-03,
2010-02-04,
2010-02-05,
2010-02-06,0.095525466
2010-02-07,
2010-02-08,
2010-02-09,
2010-02-10,
2010-02-11,
2010-02-12,
2010-02-13,
2010-02-14,
2010-02-15,
2010-02-16,
2010-02-17,
2010-02-18,
2010-02-19,
2010-02-20,
2010-02-21,0.17058796
2010-02-22,
2010-02-23,
2010-02-24,0.14724277
2010-02-25,
2010-02-26,
2010-02-27,
2010-02-28,
2010-03-01,0.15349205
2010-03-02,
2010-03-03,
2010-03-04,
2010-03-05,0.18076985
2010-03-06,
2010-03-07,
2010-03-08,
2010-03-09,
2010-03-10,
2010-03-11,
2010-03-12,
2010-03-13,0.17509381
2010-03-14,
2010-03-15,0.19484079
2010-03-16,
2010-03-17,
2010-03-18,
2010-03-19,
2010-03-20,
2010-03-21,
2010-03-23,0.18253538
2010-03-24,
2010-03-25,
2010-03-26,
2010-03-27,
2010-03-28,0.1936134
2010-03-29,
2010-03-30,
2010-03-31,0.22672307
2010-04-01,
2010-04-02,0.21705724
2010-04-03,
2010-04-04,
2010-04-05,
2010-04-06,
2010-04-07,0.2424872
2010-04-08,
2010-04-09,
2010-04-10,
2010-04-11,0.22948632
2010-04-12,
2010-04-13,
2010-04-14,0.23381545
2010-04-15,
2010-04-16,
2010-04-17,0.17917034
2010-04-18,
2010-04-19,0.1621601
2010-04-20,
2010-04-21,0.29479706
2010-04-22,0.23442574
2010-04-23,
2010-04-24,0.20328256
2010-04-25,
2010-04-26,0.2825742
2010-04-27,0.30287838
2010-04-28,0.33578488
2010-04-29,0.27204442
2010-04-30,
2010-05-01,0.29040292
2010-05-02,0.22188209
2010-05-03,0.30590796
2010-05-04,0.20973992
2010-05-05,
2010-05-06,0.26091012
2010-05-07,
2010-05-08,0.28169632
2010-05-09,0.23947889
2010-05-10,
2010-05-11,0.2764435
2010-05-12,
2010-05-13,0.28991827
2010-05-14,
2010-05-15,
2010-05-16,0.24194328
2010-05-17,
2010-05-18,0.24473374
2010-05-19,
2010-05-20,
2010-05-21,0.22817016
2010-05-22,
2010-05-23,0.24196652
2010-05-24,0.25754884
2010-05-25,
2010-05-26,0.25141385
2010-05-27,
2010-05-28,0.26374677
2010-05-29,0.31785914
2010-05-30,0.29327342
2010-05-31,0.28994372
2010-06-01,
2010-06-02,0.27721053
2010-06-03,
2010-06-04,0.23868476
2010-06-05,0.22826537
2010-06-06,
2010-06-07,0.23209584
2010-06-08,
2010-06-09,
2010-06-10,0.29053956
2010-06-11,
2010-06-12,0.33965865
2010-06-13,
2010-06-14,0.49203667
2010-06-15,
2010-06-16,
2010-06-17,0.25654542
2010-06-18,
2010-06-19,0.30557138
2010-06-20,0.33739004
2010-06-21,
2010-06-22,
2010-06-23,
2010-06-24,0.29882655
2010-06-25,0.3162252
2010-06-26,0.30994198
2010-06-27,
2010-07-12,
2010-07-13,0.29473475
2010-07-14,0.34856874
2010-07-15,
2010-07-16,0.33908534
2010-07-17,0.37821254
2010-07-18,
2010-07-19,
2010-07-20,0.3019676
2010-07-21,
2010-07-22,
2010-07-23,0.29543296
2010-07-24,0.37184104
2010-07-25,
2010-07-26,0.27582568
2010-07-27,0.33885685
2010-07-28,
2010-07-29,0.29446405
2010-07-30,0.31012297
2010-07-31,
2010-08-01,0.31966183
2010-08-02,0.29676938
2010-08-03,
2010-08-04,0.27154076
2010-08-05,0.29215026
2010-08-06,0.30087632
2010-08-07,
2010-08-08,0.26962712
2010-08-09,
2010-08-13,
2010-08-14,0.2687261
2010-08-15,0.2865836
2010-08-16,
2010-08-17,
2010-08-18,0.31587663
2010-08-19,
2010-08-20,0.3368452
2010-08-21,0.29310077
2010-08-22,
2010-08-23,
2010-08-24,0.3567165
2010-08-25,
2010-08-26,
2010-08-27,
2010-08-28,
2010-08-29,
2010-08-30,
2010-09-03,
2010-09-04,
2010-09-05,0.2120113
2010-09-06,0.26952335
2010-09-07,
2010-09-08,
2010-09-09,0.2929617
2010-09-10,
2010-09-12,0.2524308
2010-09-13,
2010-09-14,
2010-09-15,0.20390654
2010-09-16,
2010-09-17,
2010-09-18,
2010-09-19,0.4285694
2010-09-20,
2010-09-21,
2010-09-22,
2010-09-23,
2010-09-24,
2010-09-25,0.24088031
2010-09-26,0.1894037
2010-09-27,
2010-09-28,0.24673021
2010-09-29,
2010-09-30,
2010-10-01,
2010-10-02,0.43868393
2010-10-03,
2010-10-04,0.32290486
2010-10-05,
2010-10-06,
2010-10-07,0.38656354
2010-10-08,0.35039178
2010-10-09,
2010-10-10,
2010-10-11,0.26839104
2010-10-12,0.30341375
2010-10-13,
2010-10-14,0.25213632
2010-10-15,0.22115892
2010-10-16,
2010-10-17,0.21524109
2010-10-18,0.2596102
2010-10-19,
2010-10-20,0.27205926
2010-10-21,0.2823211
2010-10-22,
2010-10-23,0.18636876
2010-10-24,0.2275917
2010-10-25,0.2251258
2010-10-26,
2010-10-27,0.24132709
2010-10-28,0.19532135
2010-10-29,
2010-10-30,0.13131565
2010-10-31,0.14958575
2010-11-01,
2010-11-02,0.1984612
2010-11-03,0.21583076
2010-11-04,
2010-11-05,0.19660424
2010-11-06,0.1660831
2010-11-07,
2010-11-08,
2010-11-09,
2010-11-10,0.20728017
2010-11-11,
2010-11-12,0.20697822
2010-11-13,0.19394098
2010-11-14,
2010-11-15,0.17779776
2010-11-16,0.18475805
2010-11-17,
2010-11-18,0.20032974
2010-11-19,0.19121271
2010-11-20,
2010-11-21,
2010-11-22,0.23877314
2010-11-23,
2010-11-24,0.25441617
2010-11-25,0.21861969
2010-11-26,0.23806895
2010-11-27,0.27766588
2010-11-28,0.23389202
2010-11-29,0.19730085
2010-11-30,
2010-12-01,0.24843138
2010-12-02,0.21867727
2010-12-03,
2010-12-04,0.20976715
2010-12-05,0.22143151
2010-12-06,
2010-12-07,0.19694406
2010-12-08,0.23864868
2010-12-09,
2010-12-10,0.24495028
2010-12-11,
