time,chl_tpca
1997-09-04,
1997-09-06,
1997-09-09,
1997-09-10,
1997-09-15,
1997-09-16,
1997-09-18,
1997-09-19,0.10118203
1997-09-20,
1997-09-21,0.07723286
1997-09-22,
1997-09-23,
1997-09-24,
1997-09-25,
1997-09-26,
1997-09-27,
1997-09-28,
1997-09-29,
1997-09-30,0.09255827
1997-10-01,
1997-10-02,
1997-10-03,
1997-10-04,
1997-10-05,
1997-10-06,
1997-10-07,
1997-10-08,
1997-10-09,
1997-10-10,
1997-10-11,
1997-10-12,
1997-10-13,
1997-10-19,
1997-10-20,0.10421588
1997-10-21,0.07646495
1997-10-22,
1997-10-23,
1997-10-24,
1997-10-25,
1997-10-26,0.1250075
1997-10-27,
1997-10-28,0.110435694
1997-10-29,
1997-10-30,0.1277661
1997-10-31,0.1110255
1997-11-01,0.124412686
1997-11-02,0.094565056
1997-11-03,
1997-11-04,
1997-11-05,
1997-11-06,0.107464015
1997-11-07,
1997-11-08,0.085932694
1997-11-09,
1997-11-10,0.09176131
1997-11-11,0.09421712
1997-11-12,0.08884441
1997-11-13,0.0801074
1997-11-14,
1997-11-15,0.07732664
1997-11-16,
1997-11-17,0.07783461
1997-11-18,
1997-11-19,0.080400065
1997-11-20,
1997-11-21,
1997-11-22,0.080341116
1997-11-23,0.0812183
1997-11-24,0.077053174
1997-11-25,
1997-11-26,0.06678958
1997-11-27,
1997-11-28,0.06740761
1997-11-29,
1997-11-30,0.07583958
1997-12-01,
1997-12-02,
1997-12-03,0.07512181
1997-12-04,0.08259039
1997-12-05,0.07923461
1997-12-06,
1997-12-07,
1997-12-08,
1997-12-09,0.08075638
1997-12-10,
1997-12-11,
1997-12-12,
1997-12-13,
1997-12-14,0.092447504
1997-12-16,
1997-12-17,
1997-12-18,
1997-12-19,
1997-12-20,0.072473675
1997-12-21,
1997-12-22,
1997-12-23,
1997-12-24,
1997-12-25,0.0811939
1997-12-26,
1997-12-27,
1997-12-28,
1997-12-29,
1997-12-30,
1997-12-31,
1998-01-01,
1998-01-02,0.06599231
1998-01-03,
1998-01-04,0.08096363
1998-01-05,0.08942538
1998-01-06,
1998-01-07,
1998-01-08,
1998-01-09,0.085701294
1998-01-10,
1998-01-11,
1998-01-12,
1998-01-13,0.09006046
1998-01-14,
1998-01-15,0.087834775
1998-01-16,0.08059936
1998-01-17,
1998-01-18,0.10373698
1998-01-19,
1998-01-20,
1998-01-21,
1998-01-22,
1998-01-23,
1998-01-24,0.19611794
1998-01-25,
1998-01-26,0.19351454
1998-01-27,0.17071827
1998-01-28,
1998-01-29,0.17326495
1998-01-30,
1998-01-31,0.18038432
1998-02-01,
1998-02-02,0.13272716
1998-02-03,
1998-02-04,0.1411214
1998-02-05,0.17485934
1998-02-06,0.111220196
1998-02-07,0.15162922
1998-02-08,
1998-02-09,
1998-02-10,
1998-02-11,
1998-02-12,
1998-02-13,
1998-02-14,
1998-02-15,
1998-02-16,
1998-02-17,0.13525183
1998-02-18,0.11411065
1998-02-19,
1998-02-20,0.1828127
1998-02-21,
1998-02-22,
1998-02-23,
1998-02-24,0.2240475
1998-02-25,
1998-02-26,0.2500772
1998-02-27,
1998-02-28,0.23862685
1998-03-01,0.22378367
1998-03-02,
1998-03-03,
1998-03-04,
1998-03-05,
1998-03-06,
1998-03-07,
1998-03-08,
1998-03-09,0.12962312
1998-03-10,
1998-03-11,
1998-03-12,0.11166783
1998-03-13,
1998-03-14,
1998-03-15,
1998-03-16,
1998-03-17,
1998-03-18,0.3161487
1998-03-19,
1998-03-20,0.32533026
1998-03-21,0.31715876
1998-03-22,0.2980102
1998-03-23,0.31461743
1998-03-24,
1998-03-25,
1998-03-26,
1998-03-27,
1998-03-28,
1998-03-29,
1998-03-30,
1998-03-31,0.33376986
1998-04-01,
1998-04-02,
1998-04-03,0.36959603
1998-04-04,
1998-04-05,
1998-04-06,
1998-04-07,0.5169161
1998-04-08,
1998-04-09,0.4213889
1998-04-10,0.3544374
1998-04-11,0.37638882
1998-04-12,0.31492776
1998-04-13,
1998-04-14,0.2534268
1998-04-15,
1998-04-16,0.22926623
1998-04-17,
1998-04-18,0.28110206
1998-04-19,
1998-04-20,0.36579698
1998-04-21,0.38350093
1998-04-22,0.4275144
1998-04-23,0.46101305
1998-04-24,
1998-04-25,0.42914706
1998-04-26,
1998-04-27,0.4377442
1998-04-28,
1998-04-29,0.48217168
1998-04-30,
1998-05-01,0.43906936
1998-05-02,0.4681549
1998-05-03,0.46922636
1998-05-04,0.419338
1998-05-05,
1998-05-06,0.4223702
1998-05-07,
1998-05-08,
1998-05-09,
1998-05-10,0.4310924
1998-05-11,
1998-05-12,0.3953603
1998-05-13,
1998-05-14,0.24600056
1998-05-15,0.21026832
1998-05-16,
1998-05-17,0.2197146
1998-05-18,
1998-05-19,0.20694605
1998-05-20,
1998-05-21,0.318622
1998-05-22,
1998-05-23,0.32462257
1998-05-24,0.2722865
1998-05-25,0.3004263
1998-05-26,0.2920685
1998-05-27,
1998-05-28,0.18707515
1998-05-29,
1998-05-30,0.2334275
1998-05-31,
1998-06-01,0.2777195
1998-06-02,
1998-06-03,0.2539212
1998-06-04,0.24978915
1998-06-05,0.21907812
1998-06-06,
1998-06-07,
1998-06-08,0.23724398
1998-06-09,
1998-06-10,0.23271728
1998-06-11,
1998-06-12,0.22702524
1998-06-13,
1998-06-14,0.32138348
1998-06-15,0.26603106
1998-06-16,0.18598369
1998-06-17,0.17726639
1998-06-18,
1998-06-19,0.20679085
1998-06-20,
1998-06-21,0.22319473
1998-06-22,
1998-06-23,0.17958133
1998-06-24,0.19920819
1998-06-25,0.1927093
1998-06-26,0.18412374
1998-06-27,
1998-06-28,0.19110212
1998-06-29,
1998-06-30,0.1508576
1998-07-01,
1998-07-02,0.13370895
1998-07-03,
1998-07-04,0.15894614
1998-07-05,0.17794386
1998-07-06,0.18449056
1998-07-07,0.21302311
1998-07-08,
1998-07-09,0.20493716
1998-07-10,
1998-07-11,
1998-07-12,
1998-07-13,0.15565813
1998-07-14,
1998-07-15,0.15088302
1998-07-16,0.14979315
1998-07-17,0.14630584
1998-07-18,0.1293559
1998-07-19,
1998-07-20,0.13465858
1998-07-21,
1998-07-22,0.18955405
1998-07-23,
1998-07-24,0.18500435
1998-07-25,
1998-07-26,0.2090647
1998-07-27,0.2414784
1998-07-28,0.24825704
1998-07-29,0.24835908
1998-07-30,
1998-07-31,0.2166626
1998-08-01,
1998-08-02,0.29318145
1998-08-03,
1998-08-04,0.1762712
1998-08-05,
1998-08-06,0.16707614
1998-08-07,0.17719613
1998-08-08,0.21525046
1998-08-09,
1998-08-10,
1998-08-11,0.16723882
1998-08-12,
1998-08-13,0.16134593
1998-08-14,
1998-08-15,0.18168633
1998-08-16,0.19035801
1998-08-17,0.19870755
1998-08-18,0.20758803
1998-08-19,
1998-08-20,
1998-08-21,
1998-08-22,0.2025049
1998-08-23,
1998-08-24,0.17119224
1998-08-25,
1998-08-26,0.18344893
1998-08-27,0.18368895
1998-08-28,0.15818542
1998-08-29,0.15175493
1998-08-30,
1998-08-31,0.1902689
1998-09-01,
1998-09-02,0.17735909
1998-09-03,
1998-09-04,0.20798779
1998-09-05,
1998-09-06,
1998-09-07,
1998-09-08,0.16183934
1998-09-09,0.16586995
1998-09-10,
1998-09-11,
1998-09-12,
1998-09-13,0.20494752
1998-09-14,
1998-09-15,
1998-09-16,
1998-09-17,0.24024348
1998-09-18,
1998-09-19,
1998-09-20,0.21098132
1998-09-21,
1998-09-22,0.17307037
1998-09-23,
1998-09-24,
1998-09-25,
1998-09-26,0.28101033
1998-09-27,
1998-09-28,
1998-09-29,
1998-09-30,0.25816476
1998-10-01,0.26025677
1998-10-02,
1998-10-03,
1998-10-04,
1998-10-05,0.20376468
1998-10-06,
1998-10-07,
1998-10-08,0.20429519
1998-10-09,0.24275953
1998-10-10,0.22756383
1998-10-11,
1998-10-12,0.256235
1998-10-13,
1998-10-14,
1998-10-15,
1998-10-16,0.25445357
1998-10-17,
1998-10-18,0.22754183
1998-10-19,0.20596285
1998-10-20,
1998-10-21,0.18526092
1998-10-22,
1998-10-23,0.18559037
1998-10-24,
1998-10-25,0.2477912
1998-10-26,
1998-10-27,0.27523944
1998-10-28,
1998-10-29,0.25754824
1998-10-30,0.24584866
1998-10-31,0.21368988
1998-11-01,0.18275747
1998-11-02,
1998-11-03,0.21886747
1998-11-04,
1998-11-05,0.21965082
1998-11-06,
1998-11-07,0.20109694
1998-11-08,0.23441738
1998-11-09,0.20409735
1998-11-10,0.22207117
1998-11-11,0.20501184
1998-11-12,0.20047972
1998-11-13,
1998-11-14,0.16744408
1998-11-15,
1998-11-16,0.24062043
1998-11-21,
1998-11-22,
1998-11-23,0.19222121
1998-11-24,
1998-11-25,0.17451075
1998-11-26,
1998-11-27,0.15735662
1998-11-28,
1998-11-29,0.15076326
1998-11-30,0.16715828
1998-12-01,0.16913833
1998-12-02,0.1568182
1998-12-03,
1998-12-04,
1998-12-05,
1998-12-06,0.13707845
1998-12-07,
1998-12-08,0.13449302
1998-12-09,
1998-12-10,
1998-12-11,0.110651314
1998-12-12,0.17780705
1998-12-13,0.15665476
1998-12-14,
1998-12-15,0.16336761
1998-12-16,
1998-12-18,
1998-12-19,0.13498212
1998-12-20,0.15139943
1998-12-21,0.17906992
1998-12-22,0.17099312
1998-12-23,
1998-12-24,0.14595655
1998-12-25,
1998-12-26,0.16601229
1998-12-27,
1998-12-28,0.15644285
1998-12-29,
1998-12-30,0.1744256
1998-12-31,
1999-01-01,0.19046144
1999-01-02,0.22832839
1999-01-03,
1999-01-04,0.20675196
1999-01-05,
1999-01-06,0.23659503
1999-01-07,
1999-01-08,0.19095618
1999-01-09,0.1893911
1999-01-10,
1999-01-11,0.16001414
1999-01-12,0.11465481
1999-01-13,0.15206218
1999-01-14,
1999-01-15,0.14548667
1999-01-16,
1999-01-17,0.15328616
1999-01-18,
1999-01-19,0.14906603
1999-01-20,0.16240983
1999-01-21,0.18022487
1999-01-22,0.18664193
1999-01-23,
1999-01-24,0.19560938
1999-01-26,
1999-01-27,
1999-01-28,0.23045337
1999-01-29,
1999-01-30,
1999-01-31,0.19735779
1999-02-01,0.2542027
1999-02-02,0.22891006
1999-02-03,
1999-02-04,
1999-02-05,
1999-02-06,0.16653483
1999-02-07,
1999-02-08,0.17273997
1999-02-09,
1999-02-10,
1999-02-11,
1999-02-12,
1999-02-13,0.16349025
1999-02-14,
1999-02-15,0.1770261
1999-02-16,
1999-02-17,0.2093138
1999-02-18,
1999-02-19,0.23725015
1999-02-20,
1999-02-21,0.2161277
1999-02-22,
1999-02-23,
1999-02-24,0.20131941
1999-02-25,
1999-02-26,0.2246101
1999-02-27,
1999-02-28,0.18921718
1999-03-01,
1999-03-02,0.16655517
1999-03-03,
1999-03-04,0.20011352
1999-03-05,0.17268991
1999-03-06,
1999-03-07,
1999-03-08,
1999-03-09,0.19981244
1999-03-10,
1999-03-11,0.21635358
1999-03-12,0.1852965
1999-03-13,0.20540541
1999-03-14,
1999-03-15,
1999-03-16,0.1970313
1999-03-17,
1999-03-18,
1999-03-19,
1999-03-20,
1999-03-21,
1999-03-22,0.18979198
1999-03-23,0.1917486
1999-03-24,0.20050374
1999-03-25,
1999-03-26,
1999-03-27,0.20983684
1999-03-28,
1999-03-29,
1999-03-30,
1999-03-31,0.24650641
1999-04-01,
1999-04-02,0.20415181
1999-04-03,0.19926825
1999-04-04,
1999-04-05,
1999-04-06,
1999-04-07,0.23618612
1999-04-08,
1999-04-09,
1999-04-10,
1999-04-11,
1999-04-12,
1999-04-13,0.20892234
1999-04-14,0.16136605
1999-04-15,
1999-04-16,0.18237455
1999-04-17,
1999-04-18,0.1864582
1999-04-19,
1999-04-20,0.19659218
1999-04-21,0.24110313
1999-04-22,0.16930585
1999-04-23,0.21453732
1999-04-24,
1999-04-25,
1999-04-26,
1999-04-27,0.20327479
1999-04-28,
1999-04-29,0.20178185
1999-04-30,
1999-05-01,0.19662277
1999-05-02,0.19343664
1999-05-03,0.19962376
1999-05-04,0.18387467
1999-05-05,
1999-05-06,0.15852731
1999-05-07,
1999-05-08,0.16538195
1999-05-09,
1999-05-10,0.15382707
1999-05-11,0.15745257
1999-05-12,0.17172663
1999-05-13,0.13858928
1999-05-14,
1999-05-15,0.14591406
1999-05-16,
1999-05-17,
1999-05-18,
1999-05-19,0.15139303
1999-05-20,
1999-05-21,
1999-05-22,
1999-05-23,0.1798737
1999-05-24,0.16684954
1999-05-25,
1999-05-26,0.14134532
1999-05-27,
1999-05-28,0.19506538
1999-05-29,
1999-05-30,0.22617736
1999-05-31,0.24670394
1999-06-01,0.25529444
1999-06-02,
1999-06-03,
1999-06-04,0.23308764
1999-06-05,
1999-06-06,0.20475146
1999-06-07,
1999-06-08,
1999-06-09,
1999-06-10,0.1692422
1999-06-11,0.16964345
1999-06-12,0.16368924
1999-06-13,0.14766139
1999-06-14,
1999-06-15,0.15133685
1999-06-16,
1999-06-17,0.1676429
1999-06-18,
1999-06-19,0.14990783
1999-06-20,
1999-06-21,0.15391429
1999-06-22,0.16472597
1999-06-23,
1999-06-24,0.13543667
1999-06-25,
1999-06-26,0.14111666
1999-06-27,
1999-06-28,0.13978313
1999-06-29,
1999-06-30,0.14192623
1999-07-01,0.14535408
1999-07-02,0.13650623
1999-07-03,0.13081273
1999-07-04,
1999-07-05,0.13941462
1999-07-06,
1999-07-07,0.13834135
1999-07-08,
1999-07-09,0.14749305
1999-07-10,
1999-07-11,
1999-07-12,0.16732042
1999-07-13,
1999-07-14,0.16186275
1999-07-15,
1999-07-16,0.1525332
1999-07-17,
1999-07-18,0.15253495
1999-07-19,
1999-07-20,
1999-07-21,
1999-07-22,
1999-07-23,0.14840901
1999-07-24,
1999-07-25,0.16094023
1999-07-26,
1999-07-27,0.16104019
1999-07-28,
1999-07-29,0.15295859
1999-07-30,0.14025311
1999-07-31,0.14260429
1999-08-01,0.12797557
1999-08-02,
1999-08-03,0.116258904
1999-08-04,
1999-08-05,0.10816348
1999-08-06,
1999-08-07,0.117876135
1999-08-08,
1999-08-09,0.10249683
1999-08-10,
1999-08-11,
1999-08-12,0.08698661
1999-08-13,
1999-08-14,
1999-08-15,
1999-08-16,
1999-08-17,
1999-08-18,0.09832605
1999-08-19,0.10350754
1999-08-20,0.14706278
1999-08-21,0.10994369
1999-08-22,
1999-08-23,
1999-08-24,
1999-08-25,0.17728247
1999-08-26,
1999-08-27,0.19124493
1999-08-28,0.1680094
1999-08-29,0.22946402
1999-08-30,0.20948362
1999-08-31,
1999-09-01,0.20221247
1999-09-02,
1999-09-03,0.19725561
1999-09-04,
1999-09-05,0.15629682
1999-09-06,
1999-09-07,0.17695062
1999-09-08,
1999-09-09,0.17778945
1999-09-10,0.1831097
1999-09-11,
1999-09-12,
1999-09-13,
1999-09-14,0.19284306
1999-09-15,
1999-09-16,
1999-09-17,
1999-09-18,0.24432243
1999-09-19,0.23153138
1999-09-20,
1999-09-21,0.18931693
1999-09-22,
1999-09-23,
1999-09-24,
1999-09-25,0.18818572
1999-09-26,
1999-09-27,
1999-09-28,0.21777587
1999-09-29,0.2298104
1999-09-30,
1999-10-01,
1999-10-02,0.17393434
1999-10-03,
1999-10-04,
1999-10-05,
1999-10-06,0.21948388
1999-10-07,0.18733855
1999-10-08,
1999-10-09,0.22472915
1999-10-10,
1999-10-11,0.15503573
1999-10-12,
1999-10-13,0.1958897
1999-10-14,
1999-10-15,0.19192873
1999-10-16,
1999-10-17,0.19308297
1999-10-18,0.16779764
1999-10-19,
1999-10-20,0.22112131
1999-10-21,
1999-10-22,0.20269482
1999-10-23,
1999-10-24,0.16521384
1999-10-25,
1999-10-26,0.22016701
1999-10-27,0.21445413
1999-10-28,
1999-10-29,0.20810327
1999-10-30,
1999-10-31,0.18360311
1999-11-01,
1999-11-02,0.1917045
1999-11-03,
1999-11-04,0.20507127
1999-11-05,0.18805532
1999-11-06,0.17013438
1999-11-07,0.19757287
1999-11-08,
1999-11-09,0.1920487
1999-11-10,
1999-11-11,0.20820387
1999-11-12,
1999-11-13,0.1941786
1999-11-14,
1999-11-15,0.19361195
1999-11-16,0.1644933
1999-11-19,
1999-11-20,
1999-11-21,
1999-11-22,0.20515634
1999-11-23,
1999-11-24,0.17527321
1999-11-25,0.20675822
1999-11-26,0.2355033
1999-11-27,
1999-11-28,
1999-11-29,0.20428343
1999-11-30,
1999-12-01,0.2095773
1999-12-02,
1999-12-03,0.20942825
1999-12-04,0.1952842
1999-12-05,
1999-12-06,
1999-12-07,
1999-12-08,0.23494732
1999-12-09,
1999-12-10,0.19985591
1999-12-11,
1999-12-12,0.2321826
1999-12-13,0.21379776
1999-12-14,
1999-12-15,0.2873297
1999-12-16,
1999-12-17,0.21350548
1999-12-18,
1999-12-19,0.20126218
1999-12-20,
1999-12-21,0.23480578
1999-12-22,
1999-12-23,0.20414469
1999-12-24,0.19818203
1999-12-25,
1999-12-26,0.19636999
1999-12-27,
1999-12-28,0.2237032
1999-12-29,
1999-12-30,0.19422546
1999-12-31,
2000-01-01,0.1901204
2000-01-02,0.19553299
2000-01-03,0.18287948
2000-01-04,0.20812973
2000-01-05,
2000-01-06,0.21386193
2000-01-07,
2000-01-08,0.18517196
2000-01-09,
2000-01-10,0.20862618
2000-01-11,0.20084606
2000-01-12,0.22163257
2000-01-13,0.23090754
2000-01-14,
2000-01-15,0.20818934
2000-01-16,
2000-01-17,0.2086542
2000-01-18,
2000-01-19,0.19693555
2000-01-20,0.19523266
2000-01-21,0.18487966
2000-01-22,0.17637962
2000-01-23,
2000-01-24,0.13906981
2000-01-25,
2000-01-26,
2000-01-27,
2000-01-28,0.17508125
2000-01-29,
2000-01-30,
2000-01-31,0.19785269
2000-02-01,
2000-02-02,0.22187805
2000-02-03,
2000-02-04,0.222358
2000-02-05,
2000-02-06,
2000-02-07,0.21742985
2000-02-08,0.21803312
2000-02-09,0.22143595
2000-02-10,
2000-02-11,0.2317393
2000-02-12,
2000-02-13,0.20559265
2000-02-14,
2000-02-15,0.18632612
2000-02-16,0.19033496
2000-02-17,0.19507779
2000-02-18,0.20617072
2000-02-19,
2000-02-20,0.17790635
2000-02-21,
2000-02-22,
2000-02-23,
2000-02-24,0.18981674
2000-02-25,
2000-02-26,0.22246979
2000-02-27,0.20405678
2000-02-28,0.24750929
2000-02-29,0.22005962
2000-03-01,
2000-03-02,
2000-03-03,
2000-03-04,0.23194519
2000-03-05,
2000-03-06,
2000-03-07,0.1891484
2000-03-08,0.18444298
2000-03-09,
2000-03-10,
2000-03-11,
2000-03-12,
2000-03-13,
2000-03-14,
2000-03-15,0.20874219
2000-03-16,0.20459591
2000-03-17,0.20141485
2000-03-18,0.22733991
2000-03-19,
2000-03-20,
2000-03-21,
2000-03-22,0.21558352
2000-03-23,
2000-03-24,
2000-03-25,0.29558074
2000-03-26,0.1929951
2000-03-27,
2000-03-28,
2000-03-29,
2000-03-30,
2000-03-31,
2000-04-01,
2000-04-02,0.19650427
2000-04-03,0.20326474
2000-04-04,
2000-04-05,
2000-04-06,
2000-04-07,0.24869281
2000-04-08,
2000-04-09,0.1929242
2000-04-10,
2000-04-11,0.16091911
2000-04-12,0.16657402
2000-04-13,0.13951196
2000-04-14,0.17993286
2000-04-15,
2000-04-16,0.191876
2000-04-17,
2000-04-18,0.20878612
2000-04-19,
2000-04-20,0.22987747
2000-04-21,0.23789687
2000-04-22,
2000-04-23,0.22780488
2000-04-24,
2000-04-25,0.19953352
2000-04-26,
2000-04-27,0.18614356
2000-04-28,
2000-04-29,0.20582429
2000-04-30,0.1774471
2000-05-01,
2000-05-02,0.16785502
2000-05-03,
2000-05-04,0.18934381
2000-05-05,
2000-05-06,0.1802572
2000-05-07,
2000-05-08,0.19866017
2000-05-09,0.1994539
2000-05-10,
2000-05-11,0.20948225
2000-05-12,
2000-05-13,0.19311017
2000-05-14,
2000-05-15,0.21383461
2000-05-16,0.24069835
2000-05-17,0.28180045
2000-05-18,0.26200062
2000-05-19,
2000-05-20,0.24467039
2000-05-21,
2000-05-22,0.3195102
2000-05-23,
2000-05-24,0.28442946
2000-05-25,
2000-05-26,0.24700743
2000-05-27,
2000-05-28,
2000-05-29,0.1932042
2000-05-30,
2000-05-31,0.2015703
2000-06-01,
2000-06-02,0.18735503
2000-06-03,
2000-06-04,0.19957851
2000-06-05,0.21542414
2000-06-06,
2000-06-07,0.18792915
2000-06-08,
2000-06-09,0.18191583
2000-06-10,
2000-06-11,0.23840155
2000-06-12,
2000-06-13,
2000-06-14,0.20799056
2000-06-15,
2000-06-16,0.20637827
2000-06-17,
2000-06-18,0.16134958
2000-06-19,
2000-06-20,0.18359657
2000-06-21,0.19340108
2000-06-22,0.20325458
2000-06-23,
2000-06-24,
2000-06-25,
2000-06-26,
2000-06-27,0.22212796
2000-06-28,
2000-06-29,0.2065628
2000-06-30,
2000-07-01,
2000-07-02,0.15662916
2000-07-03,
2000-07-04,0.18165365
2000-07-05,
2000-07-06,0.1800821
2000-07-07,
2000-07-08,
2000-07-09,
2000-07-10,
2000-07-11,
2000-07-12,
2000-07-13,0.14790587
2000-07-14,
2000-07-15,0.15451352
2000-07-16,0.13312118
2000-07-17,
2000-07-18,0.12086766
2000-07-19,
2000-07-20,
2000-07-21,
2000-07-22,
2000-07-23,
2000-07-24,0.12962706
2000-07-25,0.12625058
2000-07-26,0.107448325
2000-07-27,0.113087684
2000-07-28,
2000-07-29,0.111364394
2000-07-30,
2000-07-31,0.11617131
2000-08-01,
2000-08-02,0.114898644
2000-08-03,0.12076647
2000-08-04,
2000-08-05,0.106205486
2000-08-06,
2000-08-07,
2000-08-08,
2000-08-09,0.1269845
2000-08-10,0.1284338
2000-08-11,
2000-08-12,0.16853316
2000-08-13,
2000-08-14,0.18326819
2000-08-15,
2000-08-16,0.20617647
2000-08-17,
2000-08-18,
2000-08-19,0.25589898
2000-08-20,
2000-08-21,
2000-08-22,
2000-08-23,0.2713601
2000-08-24,
2000-08-25,0.32496732
2000-08-26,
2000-08-27,
2000-08-28,0.2613456
2000-08-29,0.22834732
2000-08-30,0.18747187
2000-08-31,
2000-09-01,0.16829203
2000-09-02,
2000-09-03,0.20297408
2000-09-04,
2000-09-05,0.19685416
2000-09-06,
2000-09-07,
2000-09-08,
2000-09-09,
2000-09-10,
2000-09-11,
2000-09-12,
2000-09-13,0.13946126
2000-09-14,0.124662206
2000-09-15,
2000-09-16,
2000-09-17,0.1091097
2000-09-18,
2000-09-19,
2000-09-20,
2000-09-21,0.14629076
2000-09-22,
2000-09-23,
2000-09-24,0.178296
2000-09-25,
2000-09-26,
2000-09-27,
2000-09-28,
2000-09-29,
2000-09-30,
2000-10-01,0.18021342
2000-10-02,
2000-10-03,
2000-10-04,
2000-10-05,0.19577067
2000-10-06,
2000-10-07,0.18182349
2000-10-08,
2000-10-09,0.23262382
2000-10-10,0.2324221
2000-10-11,
2000-10-12,0.18209942
2000-10-13,
2000-10-14,0.21665075
2000-10-15,
2000-10-16,0.23473428
2000-10-17,
2000-10-18,0.27374893
2000-10-19,
2000-10-20,
2000-10-21,0.19902006
2000-10-22,
2000-10-23,0.184168
2000-10-24,
2000-10-25,
2000-10-26,
2000-10-27,0.20605278
2000-10-28,0.17991497
2000-10-29,
2000-10-30,0.24975175
2000-10-31,
2000-11-01,0.18684758
2000-11-02,0.19205862
2000-11-03,0.183745
2000-11-04,0.15826881
2000-11-05,
2000-11-06,
2000-11-07,
2000-11-08,0.19119576
2000-11-09,
2000-11-10,0.19985788
2000-11-11,0.1549314
2000-11-12,0.19168091
2000-11-13,0.18700688
2000-11-14,
2000-11-15,0.19733465
2000-11-16,
2000-11-18,
2000-11-19,0.17045887
2000-11-20,0.13890947
2000-11-21,
2000-11-22,0.1268426
2000-11-23,
2000-11-24,
2000-11-25,
2000-11-26,0.16594708
2000-11-27,
2000-11-28,0.21377395
2000-11-29,0.19462618
2000-11-30,
2000-12-01,0.18937327
2000-12-02,
2000-12-03,0.1858585
2000-12-04,
2000-12-05,0.21766469
2000-12-06,0.23037618
2000-12-07,
2000-12-08,0.1494104
2000-12-09,
2000-12-10,0.12909035
2000-12-11,
2000-12-12,0.18416572
2000-12-13,0.18708284
2000-12-14,0.18463327
2000-12-15,0.17787367
2000-12-16,
2000-12-17,0.21950814
2000-12-18,
2000-12-19,
2000-12-20,
2000-12-21,
2000-12-22,
2000-12-23,
2000-12-24,
2000-12-25,
2000-12-26,0.15983564
2000-12-27,
2000-12-28,0.18126257
2000-12-29,0.19734162
2000-12-30,
2000-12-31,
2001-01-01,
2001-01-02,0.22966623
2001-01-03,
2001-01-04,0.21918808
2001-01-05,
2001-01-06,0.21449219
2001-01-07,
2001-01-08,
2001-01-09,0.21976735
2001-01-10,
2001-01-11,0.2182115
2001-01-12,
2001-01-13,0.24002816
2001-01-14,0.2198935
2001-01-15,
2001-01-16,
2001-01-17,
2001-01-18,0.2246193
2001-01-19,
2001-01-20,0.23838553
2001-01-21,
2001-01-22,0.2256976
2001-01-23,0.20933117
2001-01-24,
2001-01-25,0.21488501
2001-01-26,
2001-01-27,0.20904313
2001-01-28,
2001-01-29,0.23090725
2001-01-30,0.19525327
2001-01-31,
2001-02-01,0.21760617
2001-02-02,
2001-02-03,0.20243415
2001-02-04,
2001-02-05,0.1847082
2001-02-06,
2001-02-07,
2001-02-08,
2001-02-09,
2001-02-10,
2001-02-11,
2001-02-12,0.15759617
2001-02-13,
2001-02-14,0.18918651
2001-02-15,0.20421267
2001-02-16,
2001-02-17,0.21985264
2001-02-18,
2001-02-19,
2001-02-20,
2001-02-21,
2001-02-22,
2001-02-23,
2001-02-24,
2001-02-25,
2001-02-26,
2001-02-27,
2001-02-28,0.17839472
2001-03-01,
2001-03-02,
2001-03-03,
2001-03-04,0.20313019
2001-03-05,0.18131463
2001-03-06,
2001-03-07,
2001-03-08,
2001-03-09,0.22290051
2001-03-10,
2001-03-11,
2001-03-12,0.18176708
2001-03-13,
2001-03-14,
2001-03-15,
2001-03-16,0.29710954
2001-03-17,
2001-03-18,0.32950827
2001-03-19,0.23180553
2001-03-20,
2001-03-21,0.28787005
2001-03-22,
2001-03-23,
2001-03-24,
2001-03-25,
2001-03-26,0.20717473
2001-03-27,0.18292618
2001-03-28,
2001-03-29,
2001-03-30,
2001-03-31,
2001-04-01,
2001-04-02,
2001-04-03,0.20209958
2001-04-04,0.20050742
2001-04-05,
2001-04-06,
2001-04-07,
2001-04-08,0.19165772
2001-04-09,
2001-04-10,
2001-04-11,
2001-04-12,
2001-04-13,0.21685913
2001-04-14,
2001-04-15,0.2057535
2001-04-16,
2001-04-17,0.19300957
2001-04-18,0.21845376
2001-04-19,0.24966408
2001-04-20,0.20983712
2001-04-21,
2001-04-22,
2001-04-23,
2001-04-24,0.20140445
2001-04-25,
2001-04-26,0.20539142
2001-04-27,0.2095845
2001-04-28,
2001-04-29,0.19635323
2001-04-30,
2001-05-01,
2001-05-02,
2001-05-03,
2001-05-04,0.26698896
2001-05-05,
2001-05-06,0.19809946
2001-05-07,
2001-05-08,0.19820923
2001-05-09,
2001-05-10,
2001-05-11,0.18250164
2001-05-12,
2001-05-13,0.15332513
2001-05-14,
2001-05-15,
2001-05-16,
2001-05-17,0.17515907
2001-05-18,0.20253828
2001-05-19,0.2206334
2001-05-20,0.18750162
2001-05-21,
2001-05-22,0.14161126
2001-05-23,
2001-05-24,0.13400912
2001-05-25,
2001-05-26,0.14236309
2001-05-27,0.1353391
2001-05-28,
2001-05-29,0.14031734
2001-05-30,
2001-05-31,0.13568027
2001-06-01,
2001-06-02,0.16255905
2001-06-03,0.14530544
2001-06-04,
2001-06-05,
2001-06-06,
2001-06-07,0.121053815
2001-06-08,
2001-06-09,0.15031621
2001-06-10,0.17436634
2001-06-11,0.186005
2001-06-12,0.14201848
2001-06-13,
2001-06-14,0.13514952
2001-06-15,
2001-06-16,0.14341332
2001-06-17,
2001-06-18,0.21831764
2001-06-19,0.19378015
2001-06-20,
2001-06-21,0.2139783
2001-06-22,
2001-06-23,
2001-06-24,
2001-06-25,0.18889181
2001-06-26,0.18011753
2001-06-27,
2001-06-28,0.14528137
2001-06-29,
2001-06-30,0.12548722
2001-07-01,
2001-07-02,
2001-07-03,0.105415866
2001-07-04,0.100133516
2001-07-05,
2001-07-06,
2001-07-07,0.090397105
2001-07-08,
2001-07-09,0.07327181
2001-07-10,
2001-07-11,0.087211855
2001-07-12,0.076770075
2001-07-13,
2001-07-14,0.081127375
2001-07-15,
2001-07-16,0.069196425
2001-07-17,0.07476069
2001-07-18,0.07044301
2001-07-19,
2001-07-20,
2001-07-21,
2001-07-22,
2001-07-23,0.066577956
2001-07-24,
2001-07-25,0.061177384
2001-07-26,0.055898488
2001-07-27,
2001-07-28,0.06239769
2001-07-29,
2001-07-30,0.06500537
2001-07-31,
2001-08-01,0.06964074
2001-08-02,0.065264165
2001-08-03,
2001-08-04,0.059919104
2001-08-05,
2001-08-06,0.071194746
2001-08-07,
2001-08-08,0.07296629
2001-08-09,
2001-08-10,0.09637717
2001-08-11,
2001-08-12,
2001-08-13,
2001-08-14,
2001-08-15,
2001-08-16,
2001-08-17,
2001-08-18,
2001-08-19,
2001-08-20,0.09316663
2001-08-21,
2001-08-22,0.09133713
2001-08-23,
2001-08-24,0.079743266
2001-08-25,0.08170856
2001-08-26,
2001-08-27,0.06688762
2001-08-28,
2001-08-29,0.06361205
2001-08-30,
2001-08-31,0.06297345
2001-09-01,0.065979354
2001-09-02,
2001-09-03,0.06435927
2001-09-04,
2001-09-05,0.07105815
2001-09-06,
2001-09-07,0.058315597
2001-09-08,
2001-09-09,
2001-09-10,0.061587166
2001-09-11,
2001-09-12,
2001-09-13,
2001-09-14,0.052696336
2001-09-15,
2001-09-16,
2001-09-17,
2001-09-18,
2001-09-19,0.056528464
2001-09-20,
2001-09-21,0.050183237
2001-09-22,
2001-09-23,0.05211265
2001-09-24,
2001-09-25,
2001-09-26,
2001-09-27,
2001-09-28,0.07263542
2001-09-29,
2001-09-30,
2001-10-01,
2001-10-02,
2001-10-03,0.080242194
2001-10-04,
2001-10-05,
2001-10-06,
2001-10-07,
2001-10-08,0.119835824
2001-10-09,
2001-10-10,0.101574115
2001-10-11,
2001-10-12,0.104422614
2001-10-13,
2001-10-14,0.12844698
2001-10-15,0.13602425
2001-10-16,
2001-10-17,0.10967725
2001-10-18,
2001-10-19,
2001-10-20,
2001-10-21,0.11862058
2001-10-22,0.121204816
2001-10-23,0.118852764
2001-10-24,0.10887049
2001-10-25,
2001-10-26,0.117584206
2001-10-27,
2001-10-28,0.116293855
2001-10-29,0.11746633
2001-10-30,0.12333742
2001-10-31,0.12293501
2001-11-01,
2001-11-02,
2001-11-03,
2001-11-04,0.1323527
2001-11-05,0.1435353
2001-11-06,0.120591395
2001-11-07,0.08999585
2001-11-08,
2001-11-09,0.0959484
2001-11-10,
2001-11-11,0.06605818
2001-11-12,
2001-11-13,0.06805864
2001-11-14,
2001-11-15,
2001-11-16,0.07040298
2001-11-17,
2001-11-19,
2001-11-20,
2001-11-21,
2001-11-22,
2001-11-23,0.10597552
2001-11-24,
2001-11-25,0.103388555
2001-11-26,
2001-11-27,0.097144514
2001-11-28,0.08960062
2001-11-29,
2001-11-30,
2001-12-01,
2001-12-02,0.05429746
2001-12-03,
2001-12-04,
2001-12-05,0.0645834
2001-12-06,
2001-12-07,0.06300448
2001-12-08,
2001-12-09,0.050781254
2001-12-10,
2001-12-11,
2001-12-12,
2001-12-13,
2001-12-14,
2001-12-15,
2001-12-16,
2001-12-17,
2001-12-18,
2001-12-19,
2001-12-20,
2001-12-21,
2001-12-22,
2001-12-23,0.12594554
2001-12-24,
2001-12-25,
2001-12-26,
2001-12-27,
2001-12-28,0.07819666
2001-12-29,
2001-12-30,
2001-12-31,
2002-01-01,
2002-01-02,
2002-01-03,
2002-01-04,
2002-01-05,
2002-01-06,
2002-01-07,
2002-01-08,
2002-01-09,
2002-01-10,
2002-01-11,
2002-01-12,
2002-01-13,
2002-01-14,0.08606849
2002-01-15,0.08122004
2002-01-16,0.07361009
2002-01-17,
2002-01-18,0.062138844
2002-01-19,
2002-01-20,
2002-01-21,0.07512598
2002-01-22,0.07650855
2002-01-23,
2002-01-24,
2002-01-25,
2002-01-26,
2002-01-27,
2002-01-28,
2002-01-29,
2002-01-30,
2002-01-31,
2002-02-01,
2002-02-02,
2002-02-03,
2002-02-04,
2002-02-05,0.08039337
2002-02-06,0.06588355
2002-02-07,
2002-02-08,
2002-02-09,
2002-02-10,0.06406645
2002-02-11,0.0654781
2002-02-12,
2002-02-13,
2002-02-14,
2002-02-15,
2002-02-16,
2002-02-17,
2002-02-18,
2002-02-19,
2002-02-20,
2002-02-21,
2002-02-22,
2002-02-23,
2002-02-24,0.067061275
2002-02-25,
2002-02-26,
2002-02-27,
2002-02-28,
2002-03-01,
2002-03-02,
2002-03-03,
2002-03-04,
2002-03-05,
2002-03-06,
2002-03-07,
2002-03-08,0.078967
2002-03-09,
2002-03-10,
2002-03-11,
2002-03-12,
2002-03-13,
2002-03-14,
2002-03-15,
2002-03-16,
2002-03-17,
2002-03-18,0.08996302
2002-03-19,
2002-03-20,
2002-03-21,
2002-03-22,
2002-03-23,
2002-03-24,
2002-03-25,
2002-03-26,
2002-03-27,
2002-03-28,
2002-03-29,
2002-03-30,
2002-03-31,
2002-04-01,
2002-04-02,
2002-04-03,
2002-04-04,
2002-04-05,0.05872991
2002-04-06,
2002-04-07,
2002-04-08,0.07564114
2002-04-09,
2002-04-10,
2002-04-11,0.07347038
2002-04-12,
2002-04-13,0.07096578
2002-04-14,
2002-04-15,0.10436853
2002-04-16,
2002-04-17,
2002-04-18,0.09063727
2002-04-19,
2002-04-20,0.063565604
2002-04-21,
2002-04-22,
2002-04-23,0.06232509
2002-04-24,0.05914616
2002-04-25,0.06057078
2002-04-26,
2002-04-27,0.055169206
2002-04-28,
2002-04-29,0.06460484
2002-04-30,0.054263864
2002-05-01,0.059456833
2002-05-02,0.06550753
2002-05-03,
2002-05-04,0.063086584
2002-05-05,
2002-05-06,
2002-05-07,0.071339555
2002-05-08,
2002-05-09,0.06615165
2002-05-10,
2002-05-11,
2002-05-12,
2002-05-13,
2002-05-14,0.07756852
2002-05-15,
2002-05-16,
2002-05-17,
2002-05-18,0.09430383
2002-05-19,
2002-05-20,0.0868399
2002-05-21,0.066152304
2002-05-22,
2002-05-23,
2002-05-24,
2002-05-25,0.0699132
2002-05-26,0.06675899
2002-05-27,
2002-05-28,0.056792166
2002-05-29,
2002-05-30,0.04985413
2002-05-31,
2002-06-01,0.05248821
2002-06-02,0.049049243
2002-06-03,
2002-06-04,0.04514761
2002-06-05,
2002-06-06,0.04862794
2002-06-07,
2002-06-08,0.058603507
2002-06-09,0.05473978
2002-06-10,
2002-06-11,0.0544423
2002-06-12,
2002-06-13,0.055314574
2002-06-14,0.056619897
2002-06-15,
2002-06-16,0.05010597
2002-06-17,
2002-06-18,
2002-06-19,
2002-06-20,
2002-06-21,
2002-06-22,
2002-06-23,
2002-06-24,
2002-06-25,
2002-06-26,
2002-06-27,
2002-06-28,
2002-06-29,
2002-06-30,
2002-07-01,
2002-07-02,
2002-07-03,
2002-07-04,
2002-07-05,
2002-07-06,
2002-07-07,
2002-07-08,
2002-07-09,0.12906393
2002-07-10,0.11148744
2002-07-11,
2002-07-12,0.08396202
2002-07-13,
2002-07-14,0.07679607
2002-07-15,0.07254751
2002-07-16,0.07014322
2002-07-17,0.07750764
2002-07-18,
2002-07-19,0.080892235
2002-07-20,
2002-07-21,0.07582636
2002-07-22,0.063013025
2002-07-23,
2002-07-24,0.07976902
2002-07-25,
2002-07-26,0.07477228
2002-07-27,
2002-07-28,
2002-07-29,0.07414292
2002-07-30,
2002-07-31,
2002-08-01,
2002-08-02,0.08610739
2002-08-03,0.07899712
2002-08-04,0.081964806
2002-08-05,0.07099243
2002-08-06,
2002-08-07,0.07006654
2002-08-08,
2002-08-09,0.070257574
2002-08-10,0.078368686
2002-08-11,
2002-08-12,
2002-08-13,
2002-08-14,0.07778969
2002-08-15,0.08296941
2002-08-16,
2002-08-17,0.08850732
2002-08-18,
2002-08-19,
2002-08-20,
2002-08-21,0.09515684
2002-08-22,0.0950489
2002-08-23,0.118198775
2002-08-24,0.07787644
2002-08-25,
2002-08-26,0.085122004
2002-08-27,
2002-08-28,0.08119002
2002-08-29,0.06984962
2002-08-30,
2002-08-31,0.070572644
2002-09-01,
2002-09-02,
2002-09-03,
2002-09-04,
2002-09-05,0.10189786
2002-09-06,
2002-09-07,0.08486033
2002-09-08,
2002-09-09,
2002-09-10,
2002-09-11,
2002-09-12,
2002-09-13,
2002-09-14,
2002-09-15,
2002-09-16,
2002-09-17,0.08584445
2002-09-18,
2002-09-19,
2002-09-20,
2002-09-21,0.07049041
2002-09-22,
2002-09-23,
2002-09-24,0.07503824
2002-09-25,
2002-09-26,
2002-09-27,
2002-09-28,
2002-09-29,
2002-09-30,
2002-10-01,
2002-10-02,
2002-10-03,
2002-10-04,
2002-10-05,
2002-10-06,0.13542217
2002-10-07,
2002-10-08,0.11697594
2002-10-09,
2002-10-10,0.13684775
2002-10-11,0.13348544
2002-10-12,
2002-10-13,
2002-10-14,
2002-10-15,0.13596627
2002-10-16,
2002-10-17,0.14823405
2002-10-18,0.150135
2002-10-19,
2002-10-20,0.13985285
2002-10-21,
2002-10-22,0.12404798
2002-10-23,0.1168703
2002-10-24,0.11342358
2002-10-25,0.10172729
2002-10-26,
2002-10-27,
2002-10-28,
2002-10-29,
2002-10-30,0.10524981
2002-10-31,
2002-11-01,0.09364564
2002-11-02,
2002-11-03,
2002-11-04,
2002-11-05,
2002-11-06,0.08233807
2002-11-07,
2002-11-08,0.07608331
2002-11-09,
2002-11-10,0.07233832
2002-11-11,0.07812966
2002-11-12,
2002-11-13,0.07562826
2002-11-14,
2002-11-15,0.0699745
2002-11-16,
2002-11-17,0.08405722
2002-11-18,
2002-11-19,
2002-11-20,
2002-11-21,
2002-11-22,0.084160805
2002-11-23,
2002-11-24,
2002-11-25,0.067064784
2002-11-26,
2002-11-27,
2002-11-28,
2002-11-29,
2002-11-30,
2002-12-01,
2002-12-02,0.13008924
2002-12-03,
2002-12-04,0.18655325
2002-12-05,0.17519712
2002-12-06,0.1704492
2002-12-07,0.14014263
2002-12-08,
2002-12-09,0.10789082
2002-12-10,
2002-12-11,
2002-12-12,
2002-12-13,
2002-12-14,0.08441529
2002-12-15,
2002-12-16,0.12264763
2002-12-17,
2002-12-18,0.123838514
2002-12-19,0.10065843
2002-12-20,
2002-12-21,0.06432969
2002-12-22,
2002-12-23,0.07362886
2002-12-24,0.07543259
2002-12-25,
2002-12-26,0.06990269
2002-12-27,
2002-12-28,0.0664277
2002-12-29,
2002-12-30,
2002-12-31,0.08613306
2003-01-01,
2003-01-02,
2003-01-03,
2003-01-04,
2003-01-05,
2003-01-06,
2003-01-07,
2003-01-08,
2003-01-09,
2003-01-10,
2003-01-11,
2003-01-12,
2003-01-13,
2003-01-14,
2003-01-15,
2003-01-16,
2003-01-17,
2003-01-18,
2003-01-19,
2003-01-20,
2003-01-21,0.08087846
2003-01-22,
2003-01-23,
2003-01-24,0.06285426
2003-01-25,
2003-01-26,
2003-01-27,
2003-01-28,
2003-01-29,
2003-01-30,
2003-01-31,0.069506675
2003-02-01,
2003-02-02,
2003-02-03,
2003-02-04,0.07857107
2003-02-05,0.058089156
2003-02-06,
2003-02-07,0.091087826
2003-02-08,
2003-02-09,0.06920682
2003-02-10,0.08091937
2003-02-11,
2003-02-12,0.059413955
2003-02-13,
2003-02-14,0.061190844
2003-02-15,
2003-02-16,0.055866677
2003-02-17,0.05686266
2003-02-18,
2003-02-19,0.051285088
2003-02-20,
2003-02-21,
2003-02-22,0.055618662
2003-02-23,
2003-02-24,
2003-02-25,
2003-02-26,
2003-02-27,0.071948
2003-02-28,0.093744874
2003-03-01,0.07064317
2003-03-02,
2003-03-03,
2003-03-04,
2003-03-05,
2003-03-06,0.07121614
2003-03-07,
2003-03-08,
2003-03-09,
2003-03-10,
2003-03-11,
2003-03-12,
2003-03-13,
2003-03-14,
2003-03-15,
2003-03-16,
2003-03-17,0.070376
2003-03-18,
2003-03-19,
2003-03-20,
2003-03-21,
2003-03-22,0.11333212
2003-03-23,
2003-03-24,
2003-03-25,
2003-03-26,
2003-03-27,
2003-03-28,
2003-03-29,0.13416934
2003-03-30,
2003-03-31,
2003-04-01,
2003-04-02,
2003-04-03,
2003-04-04,
2003-04-05,
2003-04-06,
2003-04-07,
2003-04-08,
2003-04-09,
2003-04-10,
2003-04-11,0.09101929
2003-04-12,
2003-04-13,0.08737883
2003-04-14,
2003-04-15,
2003-04-16,
2003-04-17,
2003-04-18,0.106292136
2003-04-19,
2003-04-20,0.11998197
2003-04-21,
2003-04-22,0.108494535
2003-04-23,0.10707459
2003-04-24,
2003-04-25,0.11923495
2003-04-26,
2003-04-27,
2003-04-28,
2003-04-29,
2003-04-30,0.12953879
2003-05-01,
2003-05-02,0.12794009
2003-05-03,
2003-05-04,0.143992
2003-05-05,0.13177
2003-05-06,
2003-05-07,0.14862576
2003-05-08,
2003-05-09,0.16457035
2003-05-10,0.20104428
2003-05-11,
2003-05-12,0.1771533
2003-05-13,
2003-05-14,0.17496596
2003-05-15,
2003-05-16,
2003-05-17,0.22631
2003-05-18,
2003-05-19,0.19595607
2003-05-20,
2003-05-21,0.18271255
2003-05-22,0.18058777
2003-05-23,
2003-05-24,0.19182828
2003-05-25,
2003-05-26,0.18859446
2003-05-27,
2003-05-28,0.18250445
2003-05-29,0.15367344
2003-05-30,
2003-05-31,0.16604792
2003-06-01,
2003-06-02,0.15548056
2003-06-03,0.16528401
2003-06-04,
2003-06-05,0.14954378
2003-06-06,
2003-06-07,
2003-06-08,
2003-06-09,
2003-06-10,0.07769809
2003-06-11,
2003-06-12,0.08129254
2003-06-13,
2003-06-14,0.093428284
2003-06-15,0.08252484
2003-06-16,
2003-06-17,0.07330527
2003-06-18,
2003-06-19,0.0787298
2003-06-20,0.07665101
2003-06-21,0.08727212
2003-06-22,0.078698136
2003-06-23,
2003-06-24,0.082364425
2003-06-25,
2003-06-26,0.077917874
2003-06-27,0.07521835
2003-06-28,
2003-06-29,0.06703232
2003-06-30,
2003-07-01,0.07832196
2003-07-02,0.071882024
2003-07-03,
2003-07-04,0.06690234
2003-07-05,
2003-07-06,0.066689126
2003-07-07,
2003-07-08,0.063102566
2003-07-09,0.07931803
2003-07-10,
2003-07-11,
2003-07-12,
2003-07-13,
2003-07-14,
2003-07-15,
2003-07-16,0.06803581
2003-07-17,
2003-07-18,0.0694205
2003-07-19,
2003-07-20,
2003-07-21,0.0778914
2003-07-22,
2003-07-23,0.07553356
2003-07-24,
2003-07-25,0.080417916
2003-07-26,0.07870092
2003-07-27,
2003-07-28,0.061088756
2003-07-29,
2003-07-30,0.07778761
2003-07-31,0.07337402
2003-08-01,0.068434276
2003-08-02,
2003-08-03,
2003-08-04,0.09019257
2003-08-05,
2003-08-06,0.07164124
2003-08-07,
2003-08-08,
2003-08-09,
2003-08-10,
2003-08-11,0.06932387
2003-08-12,0.06568045
2003-08-13,0.06279894
2003-08-14,0.054784328
2003-08-15,
2003-08-16,0.057121105
2003-08-17,
2003-08-18,0.05565684
2003-08-19,
2003-08-20,
2003-08-21,
2003-08-22,
2003-08-23,0.0490135
2003-08-24,0.05513099
2003-08-25,
2003-08-26,0.05130111
2003-08-27,
2003-08-28,0.047040775
2003-08-29,
2003-08-30,0.05384742
2003-08-31,0.0516341
2003-09-01,
2003-09-02,
2003-09-03,
2003-09-04,0.05929563
2003-09-05,
2003-09-06,
2003-09-07,0.06844814
2003-09-08,
2003-09-09,
2003-09-10,
2003-09-11,0.052630458
2003-09-12,0.059176307
2003-09-13,
2003-09-14,
2003-09-15,
2003-09-16,0.070237085
2003-09-17,
2003-09-18,
2003-09-19,0.09831649
2003-09-20,
2003-09-21,0.13905598
2003-09-22,
2003-09-23,0.12191725
2003-09-24,
2003-09-25,
2003-09-26,
2003-09-27,
2003-09-28,
2003-09-29,
2003-09-30,
2003-10-01,
2003-10-02,
2003-10-03,0.06141844
2003-10-04,0.04812124
2003-10-05,
2003-10-06,0.09225158
2003-10-07,
2003-10-08,0.09613182
2003-10-09,
2003-10-10,0.10590248
2003-10-11,0.10471201
2003-10-12,
2003-10-13,0.11805538
2003-10-14,
2003-10-15,0.09708044
2003-10-16,0.1022153
2003-10-17,0.07359564
2003-10-18,0.07052866
2003-10-19,
2003-10-20,0.06983394
2003-10-21,
2003-10-22,0.10068283
2003-10-23,0.08489574
2003-10-24,
2003-10-25,0.10483437
2003-10-26,
2003-10-27,0.08259182
2003-10-28,0.07997961
2003-10-29,
2003-10-30,
2003-10-31,
2003-11-01,0.07523452
2003-11-02,
2003-11-03,0.06454218
2003-11-04,0.06243546
2003-11-05,
2003-11-06,0.061801914
2003-11-07,
2003-11-08,0.060086887
2003-11-09,0.06023712
2003-11-10,
2003-11-11,0.056116186
2003-11-12,
2003-11-13,0.055270895
2003-11-14,0.058273837
2003-11-15,
2003-11-16,
2003-11-17,
2003-11-18,0.060431667
2003-11-19,
2003-11-20,
2003-11-21,
2003-11-22,
2003-11-23,0.06005779
2003-11-24,
2003-11-25,
2003-11-26,0.06791551
2003-11-27,
2003-11-28,0.06327095
2003-11-29,
2003-11-30,0.065163255
2003-12-01,
2003-12-02,0.072267234
2003-12-03,
2003-12-04,
2003-12-05,
2003-12-06,
2003-12-07,0.0636216
2003-12-08,0.05861888
2003-12-09,
2003-12-10,0.060224175
2003-12-11,
2003-12-12,0.054545764
2003-12-13,
2003-12-14,
2003-12-15,
2003-12-16,
2003-12-17,
2003-12-18,
2003-12-19,
2003-12-23,
2003-12-24,
2003-12-25,
2003-12-26,
2003-12-27,0.062185206
2003-12-28,
2003-12-29,
2003-12-30,
2003-12-31,
2004-01-01,
2004-01-02,
2004-01-03,
2004-01-04,
2004-01-05,
2004-01-06,
2004-01-07,
2004-01-08,
2004-01-09,
2004-01-10,0.06434809
2004-01-11,
2004-01-12,0.060044628
2004-01-13,
2004-01-14,
2004-01-15,
2004-01-16,
2004-01-17,
2004-01-18,
2004-01-19,
2004-01-20,0.06616652
2004-01-21,
2004-01-22,
2004-01-23,
2004-01-24,
2004-01-25,
2004-01-26,
2004-01-27,0.060125016
2004-01-28,
2004-01-29,0.071266085
2004-01-30,
2004-01-31,
2004-02-01,0.056832477
2004-02-02,
2004-02-03,0.059241775
2004-02-04,0.07206339
2004-02-05,
2004-02-06,
2004-02-07,
2004-02-08,
2004-02-09,
2004-02-10,
2004-02-11,
2004-02-12,
2004-02-13,0.06033235
2004-02-14,
2004-02-15,
2004-02-16,
2004-02-17,
2004-02-18,0.07820868
2004-02-19,
2004-02-20,0.08693624
2004-02-21,
2004-02-22,
2004-02-23,0.105134465
2004-02-24,
2004-02-25,
2004-02-26,
2004-02-27,
2004-02-28,
2004-02-29,
2004-03-01,
2004-03-02,
2004-03-03,
2004-03-04,0.12110976
2004-03-05,
2004-03-06,
2004-03-07,
2004-03-08,
2004-03-09,
2004-03-10,
2004-03-11,
2004-03-12,
2004-03-13,
2004-03-14,
2004-03-15,
2004-03-16,
2004-03-17,
2004-03-18,
2004-03-19,
2004-03-20,0.22721033
2004-03-21,
2004-03-22,
2004-03-23,0.20020017
2004-03-24,
2004-03-25,
2004-03-26,
2004-03-27,
2004-03-28,
2004-03-29,
2004-03-30,
2004-03-31,
2004-04-01,
2004-04-02,0.18645845
2004-04-03,
2004-04-04,
2004-04-05,
2004-04-06,
2004-04-07,
2004-04-08,
2004-04-09,0.11019662
2004-04-10,
2004-04-11,0.1166664
2004-04-12,
2004-04-13,0.09949202
2004-04-14,0.08440982
2004-04-15,
2004-04-16,0.076243214
2004-04-17,
2004-04-18,0.07744156
2004-04-19,0.085548624
2004-04-20,
2004-04-21,0.08830707
2004-04-22,
2004-04-23,0.07914747
2004-04-24,
2004-04-25,
2004-04-26,
2004-04-27,
2004-04-28,0.08364728
2004-04-29,
2004-04-30,0.08832543
2004-05-01,0.07214167
2004-05-02,
2004-05-03,0.073567934
2004-05-04,
2004-05-05,
2004-05-06,
2004-05-07,
2004-05-08,
2004-05-09,
2004-05-10,0.09106865
2004-05-11,
2004-05-12,
2004-05-13,0.08443869
2004-05-14,
2004-05-15,0.07538094
2004-05-16,
2004-05-17,0.092374414
2004-05-18,0.102925554
2004-05-19,
2004-05-20,0.09466457
2004-05-21,
2004-05-22,0.10511395
2004-05-23,0.106476076
2004-05-24,
2004-05-25,
2004-05-26,
2004-05-27,0.09445428
2004-05-28,
2004-05-29,0.10043135
2004-05-30,
2004-05-31,
2004-06-01,0.063900076
2004-06-02,
2004-06-03,
2004-06-04,
2004-06-05,
2004-06-06,0.06780798
2004-06-07,
2004-06-08,
2004-06-09,0.098323636
2004-06-10,
2004-06-11,0.07505073
2004-06-12,
2004-06-13,
2004-06-14,
2004-06-15,0.0733081
2004-06-16,0.064125784
2004-06-17,
2004-06-18,
2004-06-19,
2004-06-20,
2004-06-21,
2004-06-22,
2004-06-23,0.13259488
2004-06-24,
2004-06-25,
2004-06-26,
2004-06-27,
2004-06-28,0.10817053
2004-06-29,
2004-06-30,
2004-07-01,
2004-07-02,0.10412278
2004-07-03,0.07777608
2004-07-04,
2004-07-05,0.076905645
2004-07-06,
2004-07-07,0.08258931
2004-07-08,0.0908595
2004-07-09,
2004-07-10,0.0659158
2004-07-11,
2004-07-12,0.06744537
2004-07-13,0.06518015
2004-07-14,0.08013299
2004-07-15,0.062865265
2004-07-16,
2004-07-17,0.065535255
2004-07-18,
2004-07-19,0.06453235
2004-07-20,0.060293138
2004-07-21,
2004-07-22,0.06073447
2004-07-23,
2004-07-24,
2004-07-25,0.06381158
2004-07-26,
2004-07-27,0.045437753
2004-07-28,
2004-07-29,
2004-07-30,0.06998715
2004-07-31,0.06416052
2004-08-01,
2004-08-02,
2004-08-03,0.0842051
2004-08-04,
2004-08-05,0.079267934
2004-08-06,0.0755488
2004-08-07,
2004-08-08,
2004-08-09,
2004-08-10,0.077961154
2004-08-11,
2004-08-12,
2004-08-13,0.079129875
2004-08-14,
2004-08-15,
2004-08-16,
2004-08-17,
2004-08-18,
2004-08-19,
2004-08-20,0.08962256
2004-08-21,
2004-08-22,0.0890327
2004-08-23,
2004-08-24,
2004-08-25,0.07461652
2004-08-26,
2004-08-27,0.06705709
2004-08-28,0.0697616
2004-08-29,
2004-08-30,0.0679681
2004-08-31,
2004-09-01,0.07136186
2004-09-02,0.07263419
2004-09-03,0.067562394
2004-09-04,0.06863778
2004-09-05,
2004-09-06,
2004-09-07,
2004-09-08,
2004-09-09,
2004-09-10,
2004-09-11,
2004-09-12,
2004-09-13,0.058858093
2004-09-14,
2004-09-15,
2004-09-16,
2004-09-17,
2004-09-18,0.07370359
2004-09-19,
2004-09-20,0.06784147
2004-09-21,0.05664806
2004-09-22,
2004-09-23,
2004-09-24,
2004-09-25,0.07101227
2004-09-26,
2004-09-27,
2004-09-28,0.061952163
2004-09-29,
2004-09-30,
2004-10-01,0.05647847
2004-10-02,
2004-10-03,
2004-10-04,
2004-10-05,
2004-10-06,
2004-10-07,
2004-10-08,
2004-10-09,
2004-10-10,0.066319294
2004-10-11,
2004-10-12,
2004-10-13,
2004-10-14,
2004-10-15,0.05585004
2004-10-16,
2004-10-17,0.062910944
2004-10-18,0.05895237
2004-10-19,0.05852569
2004-10-20,0.052688714
2004-10-21,
2004-10-22,0.0492845
2004-10-23,
2004-10-24,0.05184767
2004-10-25,0.048088055
2004-10-26,
2004-10-27,
2004-10-28,
2004-10-29,
2004-10-30,
2004-10-31,
2004-11-01,0.040440146
2004-11-02,
2004-11-03,
2004-11-04,0.07247625
2004-11-05,0.045709178
2004-11-06,
2004-11-07,
2004-11-08,0.056238018
2004-11-09,
2004-11-10,
2004-11-11,
2004-11-12,
2004-11-13,
2004-11-14,
2004-11-15,
2004-11-16,0.05678439
2004-11-17,
2004-11-18,0.05636387
2004-11-19,
2004-11-20,0.053368695
2004-11-21,
2004-11-22,0.058445048
2004-11-23,0.04785694
2004-11-24,
2004-11-25,
2004-11-26,
2004-11-27,
2004-11-28,
2004-11-29,
2004-11-30,
2004-12-01,
2004-12-02,
2004-12-03,0.060976263
2004-12-04,
2004-12-05,0.050648138
2004-12-06,
2004-12-07,0.06467223
2004-12-08,
2004-12-09,
2004-12-10,
2004-12-11,
2004-12-12,
2004-12-13,
2004-12-14,0.09241058
2004-12-15,
2004-12-16,
2004-12-17,
2004-12-18,
2004-12-19,
2004-12-20,0.06488195
2004-12-21,0.06950804
2004-12-22,0.05767129
2004-12-23,
2004-12-24,0.05652512
2004-12-25,
2004-12-26,0.06015236
2004-12-27,0.058086254
2004-12-28,
2004-12-29,0.05075592
2004-12-30,
2004-12-31,
2005-01-01,
2005-01-02,
2005-01-03,
2005-01-04,
2005-01-05,
2005-01-06,
2005-01-07,
2005-01-08,
2005-01-09,
2005-01-10,
2005-01-11,
2005-01-12,0.064404756
2005-01-13,0.054115277
2005-01-14,
2005-01-15,
2005-01-16,
2005-01-17,
2005-01-18,
2005-01-19,
2005-01-20,0.0513202
2005-01-21,
2005-01-22,0.05279461
2005-01-23,0.05920958
2005-01-24,
2005-01-25,0.043713115
2005-01-26,
2005-01-27,
2005-01-28,
2005-01-29,
2005-01-30,
2005-01-31,
2005-02-01,
2005-02-02,
2005-02-03,
2005-02-04,
2005-02-05,
2005-02-06,
2005-02-07,
2005-02-08,
2005-02-09,
2005-02-10,
2005-02-11,
2005-02-12,
2005-02-13,0.07234061
2005-02-14,0.06816789
2005-02-15,
2005-02-16,
2005-02-17,
2005-02-18,
2005-02-19,
2005-02-20,
2005-02-21,
2005-02-22,
2005-02-23,
2005-02-24,
2005-02-25,
2005-02-26,0.072305635
2005-02-27,
2005-02-28,0.0687877
2005-03-01,
2005-03-02,0.0643153
2005-03-03,
2005-03-04,
2005-03-05,
2005-03-06,
2005-03-07,
2005-03-08,
2005-03-09,
2005-03-10,
2005-03-11,
2005-03-12,
2005-03-13,
2005-03-14,
2005-03-15,
2005-03-16,
2005-03-17,0.072809234
2005-03-18,
2005-03-19,
2005-03-20,
2005-03-21,
2005-03-22,0.055884738
2005-03-23,
2005-03-24,
2005-03-25,
2005-03-26,0.071550064
2005-03-27,0.0759102
2005-03-28,
2005-03-29,
2005-03-30,
2005-03-31,
2005-04-01,
2005-04-02,
2005-04-03,0.067614175
2005-04-04,
2005-04-05,
2005-04-06,0.11230662
2005-04-07,0.14041334
2005-04-08,
2005-04-09,
2005-04-10,
2005-04-11,
2005-04-12,
2005-04-13,
2005-04-14,
2005-04-15,
2005-04-16,
2005-04-17,
2005-04-18,0.22360547
2005-04-19,
2005-04-20,
2005-04-21,
2005-04-22,0.28451473
2005-04-23,
2005-04-24,
2005-04-25,
2005-04-26,
2005-04-27,0.17789306
2005-04-28,
2005-04-29,0.17492457
2005-04-30,0.17784424
2005-05-01,
2005-05-02,0.13814192
2005-05-03,
2005-05-04,0.15639952
2005-05-05,
2005-05-06,
2005-05-07,0.19688173
2005-05-08,
2005-05-09,0.15499751
2005-05-10,0.13349584
2005-05-11,0.14054154
2005-05-12,0.15917663
2005-05-13,
2005-05-14,0.15864387
2005-05-15,
2005-05-16,0.17711405
2005-05-17,0.1589263
2005-05-18,
2005-05-19,0.15586686
2005-05-20,
2005-05-21,
2005-05-22,0.17692213
2005-05-23,
2005-05-24,0.16186358
2005-05-25,
2005-05-26,
2005-05-27,
2005-05-28,
2005-05-29,
2005-05-30,
2005-05-31,0.08868551
2005-06-01,0.09117098
2005-06-02,0.08578156
2005-06-03,0.07840217
2005-06-04,
2005-06-05,0.082173444
2005-06-06,
2005-06-07,
2005-06-08,
2005-06-09,
2005-06-10,0.08810109
2005-06-11,
2005-06-12,
2005-06-13,
2005-06-14,
2005-06-15,
2005-06-16,
2005-06-17,0.081059895
2005-06-18,0.07902838
2005-06-19,0.0740128
2005-06-20,0.06939232
2005-06-21,
2005-06-22,0.08486662
2005-06-23,
2005-06-24,0.08237616
2005-06-25,0.075559154
2005-06-26,
2005-06-27,
2005-06-28,
2005-06-29,0.08429469
2005-06-30,0.055645783
2005-07-01,
2005-07-02,0.0684936
2005-07-03,
2005-07-04,0.0713447
2005-07-05,0.07677927
2005-07-06,0.07153627
2005-07-07,0.07329329
2005-07-08,
2005-07-09,0.06980703
2005-07-10,
2005-07-11,
2005-07-12,
2005-07-13,
2005-07-14,
2005-07-15,
2005-07-16,0.12264437
2005-07-17,
2005-07-18,
2005-07-19,
2005-07-20,
2005-07-21,0.106755264
2005-07-22,0.10383369
2005-07-23,0.083497845
2005-07-24,0.08228555
2005-07-25,
2005-07-26,0.07304307
2005-07-27,
2005-07-28,0.08313897
2005-07-29,0.084788755
2005-07-30,
2005-07-31,0.08519845
2005-08-01,
2005-08-02,
2005-08-03,0.094103836
2005-08-04,
2005-08-05,0.10613261
2005-08-06,
2005-08-07,
2005-08-08,
2005-08-09,
2005-08-10,0.07569972
2005-08-11,
2005-08-12,0.058601044
2005-08-13,
2005-08-14,0.06855983
2005-08-15,0.05152738
2005-08-16,
2005-08-17,0.05971857
2005-08-18,
2005-08-19,0.055138543
2005-08-20,0.055046294
2005-08-21,
2005-08-22,0.05600677
2005-08-23,
2005-08-24,0.048922602
2005-08-25,0.053192437
2005-08-26,
2005-08-27,
2005-08-28,
2005-08-29,0.06850946
2005-08-30,0.052274574
2005-08-31,0.054015953
2005-09-01,0.056859203
2005-09-02,
2005-09-03,
2005-09-04,
2005-09-05,0.06918235
2005-09-06,
2005-09-07,
2005-09-08,
2005-09-09,
2005-09-10,
2005-09-11,
2005-09-12,
2005-09-13,0.10481599
2005-09-14,
2005-09-15,
2005-09-16,0.12869856
2005-09-17,0.19990258
2005-09-18,0.13994096
2005-09-19,
2005-09-20,
2005-09-21,
2005-09-22,0.12348637
2005-09-23,0.08751501
2005-09-24,
2005-09-25,
2005-09-26,
2005-09-27,0.103679515
2005-09-28,
2005-09-29,
2005-09-30,0.08853704
2005-10-01,
2005-10-02,
2005-10-03,
2005-10-04,
2005-10-05,0.07607357
2005-10-06,
2005-10-07,0.0867623
2005-10-08,
2005-10-09,0.076423705
2005-10-10,
2005-10-11,
2005-10-12,0.08779005
2005-10-13,
2005-10-14,0.097041
2005-10-15,
2005-10-16,
2005-10-17,0.09143802
2005-10-18,
2005-10-19,0.09438371
2005-10-20,
2005-10-21,
2005-10-22,0.100009605
2005-10-23,
2005-10-24,
2005-10-25,
2005-10-26,0.108523294
2005-10-27,
2005-10-28,
2005-10-29,0.098151244
2005-10-30,
2005-10-31,0.11365056
2005-11-01,
2005-11-02,
2005-11-03,0.16706264
2005-11-04,
2005-11-05,0.16712439
2005-11-06,
2005-11-07,
2005-11-08,0.16463856
2005-11-09,
2005-11-10,0.15755372
2005-11-11,
2005-11-12,
2005-11-13,
2005-11-14,
2005-11-15,0.103209
2005-11-16,
2005-11-17,0.10279161
2005-11-18,0.11376523
2005-11-19,
2005-11-20,0.13452223
2005-11-21,
2005-11-22,
2005-11-23,
2005-11-24,
2005-11-25,
2005-11-26,
2005-11-27,
2005-11-28,0.12351437
2005-11-29,
2005-11-30,0.1343551
2005-12-01,
2005-12-02,
2005-12-03,
2005-12-04,
2005-12-05,0.16284263
2005-12-06,
2005-12-07,
2005-12-08,
2005-12-09,0.11875797
2005-12-10,0.106109105
2005-12-11,
2005-12-12,0.13290599
2005-12-13,
2005-12-14,0.16040339
2005-12-15,
2005-12-16,0.1767074
2005-12-17,0.14973396
2005-12-18,
2005-12-19,
2005-12-20,
2005-12-21,
2005-12-22,
2005-12-23,
2005-12-24,0.19267131
2005-12-25,
2005-12-26,0.21263771
2005-12-27,0.20125604
2005-12-28,
2005-12-29,0.20634584
2005-12-30,
2005-12-31,
2006-01-01,0.16980089
2006-01-02,
2006-01-03,0.14987631
2006-01-04,
2006-01-05,0.18989985
2006-01-06,0.1767316
2006-01-07,
2006-01-08,0.1544308
2006-01-09,
2006-01-10,0.15249114
2006-01-11,
2006-01-12,0.20387937
2006-01-13,0.19682837
2006-01-14,
2006-01-15,
2006-01-16,
2006-01-17,
2006-01-18,
2006-01-19,
2006-01-20,
2006-01-21,
2006-01-22,0.21274164
2006-01-23,
2006-01-24,
2006-01-25,0.21835296
2006-01-26,
2006-01-27,
2006-01-28,
2006-01-29,0.24260479
2006-01-30,
2006-01-31,
2006-02-01,
2006-02-02,
2006-02-03,
2006-02-04,
2006-02-05,
2006-02-06,
2006-02-07,
2006-02-08,
2006-02-09,
2006-02-10,
2006-02-11,0.18994287
2006-02-12,
2006-02-13,0.19726734
2006-02-14,0.2086474
2006-02-15,0.22769864
2006-02-16,0.17971848
2006-02-17,
2006-02-18,
2006-02-19,
2006-02-20,0.2793196
2006-02-21,
2006-02-22,
2006-02-23,
2006-02-24,
2006-02-25,0.22971141
2006-02-26,0.22033253
2006-02-27,
2006-02-28,0.21635945
2006-03-01,
2006-03-02,0.23566175
2006-03-03,
2006-03-04,
2006-03-05,0.18534417
2006-03-06,
2006-03-07,
2006-03-08,
2006-03-09,0.19037527
2006-03-10,
2006-03-11,
2006-03-12,
2006-03-13,
2006-03-14,
2006-03-15,
2006-03-16,
2006-03-17,
2006-03-18,
2006-03-19,
2006-03-20,0.22493304
2006-03-21,
2006-03-22,0.25168535
2006-03-23,
2006-03-24,
2006-03-25,0.27401632
2006-03-26,0.27727503
2006-03-27,0.22014989
2006-03-28,
2006-03-29,
2006-03-30,
2006-03-31,
2006-04-01,
2006-04-02,
2006-04-03,
2006-04-04,
2006-04-05,
2006-04-06,
2006-04-07,
2006-04-08,0.21529351
2006-04-09,
2006-04-10,0.19839337
2006-04-11,0.16881798
2006-04-12,
2006-04-13,0.16934931
2006-04-14,
2006-04-15,0.18647458
2006-04-16,0.21774502
2006-04-17,0.185556
2006-04-18,0.17859928
2006-04-19,
2006-04-20,0.17849149
2006-04-21,
2006-04-22,0.17804314
2006-04-23,0.16789764
2006-04-24,
2006-04-25,0.21492025
2006-04-26,
2006-04-27,0.1591963
2006-04-28,0.17508781
2006-04-29,
2006-04-30,0.15282133
2006-05-01,
2006-05-02,
2006-05-03,
2006-05-04,0.20114766
2006-05-05,0.18391462
2006-05-06,
2006-05-07,0.20385942
2006-05-08,
2006-05-09,0.15476257
2006-05-10,0.14038557
2006-05-11,
2006-05-12,0.16633523
2006-05-13,
2006-05-14,0.22868054
2006-05-15,0.22498237
2006-05-16,
2006-05-17,0.19112906
2006-05-18,
2006-05-19,0.14754044
2006-05-20,0.15114686
2006-05-21,
2006-05-22,0.16290368
2006-05-23,
2006-05-24,0.18493494
2006-05-25,
2006-05-26,0.1677963
2006-05-27,0.16901036
2006-05-28,
2006-05-29,0.1799275
2006-05-30,
2006-05-31,0.18590814
2006-06-01,0.16530487
2006-06-02,
2006-06-03,0.1449245
2006-06-04,
2006-06-05,0.12686883
2006-06-06,
2006-06-07,
2006-06-08,0.13881496
2006-06-09,
2006-06-10,0.14366719
2006-06-11,0.13370767
2006-06-12,0.15300764
2006-06-13,0.13160384
2006-06-14,
2006-06-15,
2006-06-16,
2006-06-17,0.123241596
2006-06-18,0.10430133
2006-06-19,
2006-06-20,0.10795048
2006-06-21,
2006-06-22,0.09617902
2006-06-23,0.10438464
2006-06-24,
2006-06-25,
2006-06-26,
2006-06-27,
2006-06-28,
2006-06-29,
2006-06-30,
2006-07-01,
2006-07-02,
2006-07-03,
2006-07-04,
2006-07-05,0.124142475
2006-07-06,
2006-07-07,
2006-07-08,
2006-07-09,0.14189993
2006-07-10,0.08948869
2006-07-11,
2006-07-12,0.072051995
2006-07-13,
2006-07-14,0.08357071
2006-07-15,0.061934367
2006-07-16,
2006-07-17,0.06720497
2006-07-18,
2006-07-19,0.07008639
2006-07-20,0.079619914
2006-07-21,
2006-07-22,0.0720631
2006-07-23,
2006-07-24,0.07064295
2006-07-25,
2006-07-26,0.06427195
2006-07-27,0.06245005
2006-07-28,
2006-07-29,0.06203309
2006-07-30,
2006-07-31,
2006-08-01,0.059274934
2006-08-02,
2006-08-03,0.05775744
2006-08-04,
2006-08-05,
2006-08-06,0.06706137
2006-08-07,
2006-08-08,0.056327652
2006-08-09,
2006-08-10,0.079065554
2006-08-11,
2006-08-12,
2006-08-13,0.07234366
2006-08-14,
2006-08-15,0.0846877
2006-08-16,
2006-08-17,0.080229156
2006-08-18,0.07985719
2006-08-19,
2006-08-20,
2006-08-21,
2006-08-22,
2006-08-23,0.097509325
2006-08-24,
2006-08-25,
2006-08-26,
2006-08-27,0.07925052
2006-08-28,0.085475944
2006-08-29,
2006-08-30,0.06790298
2006-08-31,
2006-09-01,0.077445336
2006-09-02,0.071584195
2006-09-03,0.06629124
2006-09-04,
2006-09-05,
2006-09-06,0.06455508
2006-09-07,
2006-09-08,
2006-09-09,
2006-09-10,
2006-09-11,0.09347226
2006-09-12,
2006-09-13,
2006-09-14,0.065351106
2006-09-15,
2006-09-16,0.06892571
2006-09-17,
2006-09-18,0.07309531
2006-09-19,0.07306343
2006-09-20,0.064359754
2006-09-21,0.06732987
2006-09-22,
2006-09-23,
2006-09-24,
2006-09-25,
2006-09-26,
2006-09-27,
2006-09-28,
2006-09-29,
2006-09-30,
2006-10-01,
2006-10-02,
2006-10-03,
2006-10-04,
2006-10-05,
2006-10-06,
2006-10-07,
2006-10-08,0.09109037
2006-10-09,
2006-10-10,
2006-10-11,
2006-10-12,0.09211972
2006-10-13,0.06823433
2006-10-14,
2006-10-15,0.09499694
2006-10-16,
2006-10-17,
2006-10-18,
2006-10-19,
2006-10-20,
2006-10-21,
2006-10-22,
2006-10-23,
2006-10-24,
2006-10-25,0.08048991
2006-10-26,
2006-10-27,
2006-10-28,
2006-10-29,
2006-10-30,
2006-10-31,
2006-11-01,
2006-11-02,0.088695824
2006-11-03,
2006-11-04,
2006-11-05,
2006-11-06,0.074247114
2006-11-07,
2006-11-08,0.07109803
2006-11-09,0.065886825
2006-11-10,
2006-11-11,
2006-11-12,
2006-11-13,0.06034129
2006-11-14,0.095764264
2006-11-15,
2006-11-16,0.05971454
2006-11-17,
2006-11-18,
2006-11-19,0.05439374
2006-11-20,0.0594311
2006-11-21,0.055139553
2006-11-22,
2006-11-23,
2006-11-24,
2006-11-25,
2006-11-26,0.056051888
2006-11-27,
2006-11-28,
2006-11-29,
2006-11-30,0.064220905
2006-12-01,0.056913543
2006-12-02,
2006-12-03,
2006-12-04,
2006-12-05,0.049209975
2006-12-06,
2006-12-07,
2006-12-08,0.051353347
2006-12-09,
2006-12-10,0.05458422
2006-12-11,0.04984677
2006-12-12,0.058424715
2006-12-13,
2006-12-14,
2006-12-15,0.0484847
2006-12-16,
2006-12-17,0.054129753
2006-12-18,
2006-12-19,
2006-12-20,
2006-12-21,
2006-12-22,0.059605103
2006-12-23,0.058376182
2006-12-24,
2006-12-25,0.047680385
2006-12-26,
2006-12-27,0.059470158
2006-12-28,0.047937717
2006-12-29,
2006-12-30,
2006-12-31,
2007-01-01,
2007-01-02,
2007-01-03,
2007-01-04,0.05954909
2007-01-05,
2007-01-06,0.060733054
2007-01-07,
2007-01-08,
2007-01-09,
2007-01-10,
2007-01-11,0.06586286
2007-01-12,
2007-01-13,0.06677828
2007-01-14,
2007-01-15,
2007-01-16,
2007-01-17,
2007-01-18,0.050871227
2007-01-19,0.054102533
2007-01-20,
2007-01-21,
2007-01-22,
2007-01-23,0.040889237
2007-01-24,
2007-01-25,
2007-01-26,0.047424003
2007-01-27,
2007-01-28,
2007-01-29,
2007-01-30,
2007-01-31,
2007-02-01,
2007-02-02,
2007-02-03,
2007-02-04,
2007-02-05,
2007-02-06,
2007-02-07,
2007-02-08,
2007-02-09,0.056933045
2007-02-10,
2007-02-11,
2007-02-12,0.057896875
2007-02-13,
2007-02-14,0.061549496
2007-02-15,
2007-02-16,
2007-02-17,0.053587623
2007-02-18,
2007-02-19,0.066580005
2007-02-20,
2007-02-21,
2007-02-22,
2007-02-23,
2007-02-24,0.095361136
2007-02-25,
2007-02-26,0.069805615
2007-02-27,0.06510789
2007-02-28,
2007-03-01,0.07191051
2007-03-02,
2007-03-03,0.07208938
2007-03-04,
2007-03-05,
2007-03-06,0.087181486
2007-03-07,
2007-03-08,
2007-03-09,0.10718739
2007-03-10,
2007-03-11,
2007-03-12,
2007-03-13,
2007-03-14,
2007-03-15,
2007-03-16,0.17166486
2007-03-17,
2007-03-18,
2007-03-19,
2007-03-20,
2007-03-21,0.1850166
2007-03-22,
2007-03-23,
2007-03-24,
2007-03-25,
2007-03-26,0.20509486
2007-03-27,
2007-03-28,0.18824477
2007-03-29,
2007-03-30,
2007-03-31,
2007-04-01,
2007-04-02,
2007-04-03,
2007-04-04,
2007-04-05,
2007-04-06,
2007-04-07,0.14191982
2007-04-08,
2007-04-09,
2007-04-10,
2007-04-11,0.13362233
2007-04-12,
2007-04-13,
2007-04-14,0.16143468
2007-04-15,
2007-04-16,
2007-04-17,0.15078925
2007-04-18,
2007-04-19,0.22016412
2007-04-20,
2007-04-21,
2007-04-22,0.16158256
2007-04-23,0.16656344
2007-04-24,0.1711479
2007-04-25,
2007-04-26,0.14301887
2007-04-27,
2007-04-28,0.19191049
2007-04-29,0.2289304
2007-04-30,
2007-05-01,0.21056645
2007-05-02,
2007-05-03,
2007-05-04,
2007-05-05,
2007-05-06,0.19827314
2007-05-07,
2007-05-08,0.17736311
2007-05-09,
2007-05-10,
2007-05-11,
2007-05-12,
2007-05-13,0.120069526
2007-05-14,
2007-05-15,0.15682976
2007-05-16,
2007-05-17,
2007-05-18,
2007-05-19,
2007-05-20,
2007-05-21,0.1293463
2007-05-22,
2007-05-23,0.10828596
2007-05-24,
2007-05-25,0.11893397
2007-05-26,0.10633861
2007-05-27,
2007-05-28,0.081621654
2007-05-29,
2007-05-30,0.07644331
2007-05-31,0.060922895
2007-06-01,
2007-06-02,0.07387939
2007-06-03,
2007-06-04,0.07345015
2007-06-05,0.08172352
2007-06-06,0.06722798
2007-06-07,
2007-06-08,
2007-06-09,0.07212218
2007-06-10,
2007-06-11,0.091513954
2007-06-12,0.108020104
2007-06-13,
2007-06-14,0.1152322
2007-06-15,
2007-06-16,0.13226697
2007-06-17,0.12958665
2007-06-18,
2007-06-19,
2007-06-20,
2007-06-21,0.22951631
2007-06-22,0.22048183
2007-06-23,
2007-06-24,0.2159486
2007-06-25,
2007-06-26,
2007-06-27,0.18999445
2007-06-28,0.23971719
2007-06-29,0.21961832
2007-06-30,
2007-07-01,0.22636773
2007-07-02,
2007-07-03,
2007-07-04,
2007-07-05,
2007-07-06,0.20186637
2007-07-07,
2007-07-08,0.17912164
2007-07-09,0.14290918
2007-07-10,
2007-07-11,0.14908983
2007-07-12,
2007-07-13,0.17671588
2007-07-14,0.15485689
2007-07-15,
2007-07-16,0.16290148
2007-07-17,
2007-07-18,0.15955609
2007-07-19,0.1613563
2007-07-20,0.13587569
2007-07-21,0.12230653
2007-07-22,
2007-07-23,0.13348636
2007-07-24,
2007-07-25,0.14626409
2007-07-26,0.14860739
2007-07-27,
2007-07-28,0.14650291
2007-07-29,
2007-07-30,
2007-07-31,0.1491909
2007-08-01,
2007-08-02,0.14714707
2007-08-03,
2007-08-04,
2007-08-05,
2007-08-06,
2007-08-07,0.14691257
2007-08-08,
2007-08-09,0.16564731
2007-08-10,
2007-08-11,0.12988569
2007-08-12,0.13891518
2007-08-13,
2007-08-14,0.13850561
2007-08-15,
2007-08-16,0.14489998
2007-08-17,0.12665771
2007-08-18,
2007-08-19,0.15581454
2007-08-20,
2007-08-21,
2007-08-22,0.14128964
2007-08-23,
2007-08-24,0.1263224
2007-08-25,
2007-08-26,0.11139209
2007-08-27,0.10709335
2007-08-28,
2007-08-29,
2007-08-30,
2007-08-31,0.14100002
2007-09-01,
2007-09-02,0.15436138
2007-09-03,0.124037035
2007-09-04,
2007-09-05,
2007-09-06,
2007-09-07,0.17082827
2007-09-08,
2007-09-09,
2007-09-10,0.17860855
2007-09-11,
2007-09-12,
2007-09-13,
2007-09-14,
2007-09-15,0.26433003
2007-09-16,
2007-09-17,
2007-09-18,
2007-09-19,
2007-09-20,0.2455557
2007-09-21,
2007-09-22,
2007-09-23,
2007-09-24,0.1757799
2007-09-25,0.1924368
2007-09-26,
2007-09-27,
2007-09-28,
2007-09-29,
2007-09-30,0.2921002
2007-10-01,
2007-10-02,0.24400744
2007-10-03,
2007-10-04,0.23745322
2007-10-06,
2007-10-07,0.19298257
2007-10-08,
2007-10-09,0.19343069
2007-10-10,0.16932261
2007-10-11,0.16076164
2007-10-12,0.17824204
2007-10-13,
2007-10-14,0.22048487
2007-10-15,
2007-10-16,0.20507316
2007-10-17,0.17264669
2007-10-18,
2007-10-19,0.16782372
2007-10-20,
2007-10-21,0.18798843
2007-10-22,0.17669147
2007-10-23,
2007-10-24,0.18440937
2007-10-25,
2007-10-26,0.21816476
2007-10-27,0.21054727
2007-10-28,
2007-10-29,0.19188368
2007-10-30,
2007-10-31,0.28705597
2007-11-01,0.23123387
2007-11-02,0.2565998
2007-11-03,0.24301921
2007-11-04,
2007-11-05,
2007-11-06,
2007-11-07,
2007-11-08,0.2619247
2007-11-09,
2007-11-10,
2007-11-11,
2007-11-12,0.1981221
2007-11-13,
2007-11-14,
2007-11-15,0.16760466
2007-11-16,
2007-11-17,
2007-11-18,0.21119526
2007-11-19,
2007-11-20,
2007-11-21,
2007-11-22,0.30941278
2007-11-23,0.20731688
2007-11-24,
2007-11-25,
2007-11-26,
2007-11-27,0.24525526
2007-11-28,
2007-11-29,0.18599957
2007-11-30,
2007-12-01,
2007-12-02,
2007-12-03,
2007-12-04,0.16544895
2007-12-05,0.17321108
2007-12-06,
2007-12-07,0.20372516
2007-12-08,
2007-12-09,0.19058122
2007-12-10,
2007-12-11,
2007-12-12,0.18753801
2007-12-13,
2007-12-14,0.22722962
2007-12-15,0.24323608
2007-12-16,0.21122229
2007-12-17,
2007-12-18,
2007-12-19,0.1926816
2007-12-20,
2007-12-21,0.18525332
2007-12-22,0.17236954
2007-12-23,
2007-12-24,0.20312488
2007-12-25,
2007-12-26,0.23403306
2007-12-27,0.22552082
2007-12-28,
2007-12-29,0.2247087
2007-12-30,
2007-12-31,
2008-01-01,
2008-04-04,
2008-04-05,
2008-04-06,
2008-04-07,
2008-04-08,
2008-04-09,0.23840566
2008-04-10,0.22271279
2008-04-11,
2008-04-12,
2008-04-13,
2008-04-14,0.21741267
2008-04-15,0.19678585
2008-04-16,
2008-04-17,0.21954359
2008-04-18,
2008-04-19,0.20729093
2008-04-20,0.16464213
2008-04-21,
2008-04-22,0.17117748
2008-04-23,
2008-04-24,0.2113737
2008-04-25,
2008-04-26,
2008-04-27,0.18330663
2008-04-28,
2008-04-30,
2008-05-01,
2008-05-02,0.21807337
2008-05-03,
2008-05-04,0.26291177
2008-05-05,
2008-05-06,0.21865942
2008-05-07,0.18719652
2008-05-09,
2008-05-10,
2008-05-11,
2008-05-12,0.19427957
2008-05-13,
2008-05-14,0.21522218
2008-05-15,
2008-05-16,0.2080162
2008-05-17,0.20653702
2008-05-18,
2008-05-19,0.1804632
2008-05-20,
2008-05-21,0.16922449
2008-05-23,
2008-05-24,0.2222751
2008-05-25,
2008-05-26,0.22347726
2008-05-27,0.18888253
2008-05-28,0.15416184
2008-05-29,0.1635355
2008-05-30,
2008-05-31,0.19702432
2008-06-01,
2008-06-02,0.17873144
2008-06-03,0.19536065
2008-06-04,
2008-06-05,0.16395319
2008-06-06,
2008-06-07,0.19866768
2008-06-08,0.20012552
2008-06-09,
2008-06-10,0.18556315
2008-06-11,
2008-06-12,0.15771192
2008-06-13,0.15236177
2008-06-14,
2008-06-15,
2008-06-16,
2008-06-17,0.17996779
2008-06-18,0.19351676
2008-06-19,0.20190105
2008-06-20,
2008-06-21,
2008-06-23,
2008-06-24,0.20445155
2008-06-25,0.20455821
2008-06-26,
2008-06-27,0.18182403
2008-06-30,
2008-07-01,
2008-08-19,
2008-08-20,0.17852263
2008-08-21,
2008-08-22,0.2144608
2008-08-23,0.18473163
2008-08-24,
2008-08-25,0.1897385
2008-08-26,
2008-08-27,0.19702582
2008-08-28,0.19919367
2008-08-29,0.2003876
2008-08-30,0.1923492
2008-08-31,
2008-09-01,
2008-09-02,
2008-09-03,0.17207107
2008-09-04,
2008-09-05,
2008-09-06,0.21737397
2008-09-07,
2008-09-08,
2008-09-09,
2008-09-10,
2008-09-11,
2008-09-12,
2008-09-13,
2008-09-14,0.18910377
2008-09-15,
2008-09-16,0.18080452
2008-09-17,
2008-09-18,
2008-09-19,0.16950962
2008-09-20,0.25694534
2008-09-21,
2008-09-22,
2008-09-23,0.15552816
2008-09-24,
2008-09-25,
2008-09-26,
2008-09-27,
2008-09-28,0.17075878
2008-09-29,
2008-09-30,0.18281011
2008-10-03,
2008-10-04,
2008-10-05,0.25100765
2008-10-06,
2008-10-07,
2008-10-08,0.20881587
2008-10-09,
2008-10-10,
2008-10-11,0.2262553
2008-10-12,0.25707945
2008-10-13,0.22497281
2008-10-14,
2008-10-15,0.21120758
2008-10-16,0.19389533
2008-10-17,0.24262695
2008-10-18,0.22225304
2008-10-19,
2008-10-20,0.24778503
2008-10-21,
2008-10-22,0.24015945
2008-10-23,0.26585865
2008-10-24,
2008-10-25,0.21621789
2008-10-26,
2008-10-27,0.2282482
2008-10-28,0.20953691
2008-10-29,
2008-10-30,0.19942887
2008-10-31,
2008-11-01,0.20549893
2008-11-02,
2008-11-03,
2008-11-04,0.1999052
2008-11-05,
2008-11-06,0.17267264
2008-11-07,
2008-11-08,
2008-11-09,0.17548674
2008-11-10,
2008-11-11,0.20426895
2008-11-12,
2008-11-13,0.22076258
2008-11-14,0.20894507
2008-11-15,
2008-11-16,0.20969555
2008-11-17,
2008-11-18,
2008-11-19,
2008-11-20,
2008-11-21,0.1977966
2008-11-22,
2008-11-23,0.2578564
2008-11-24,0.23542093
2008-11-25,
2008-11-26,0.2019791
2008-11-27,
2008-11-28,0.26087847
2008-11-29,0.23886208
2008-11-30,
2008-12-01,
2008-12-02,
2008-12-03,0.23171096
2008-12-04,
2008-12-05,0.18169348
2008-12-06,0.18720756
2008-12-07,
2008-12-08,0.1788915
2008-12-09,
2008-12-10,
2008-12-11,0.84281147
2008-12-12,
2008-12-13,0.23217021
2008-12-14,
2008-12-15,
2008-12-16,0.262432
2008-12-17,
2008-12-18,0.19930136
2008-12-19,
2008-12-20,0.16843444
2008-12-21,0.20428352
2008-12-22,
2008-12-23,0.20019989
2008-12-24,
2008-12-25,0.21768415
2008-12-26,
2008-12-27,
2008-12-28,0.20397778
2008-12-29,
2008-12-30,0.21195436
2008-12-31,
2009-01-01,0.24217111
2009-01-02,0.21256016
2009-01-03,
2009-01-04,0.20635436
2009-01-05,
2009-01-06,
2009-01-08,
2009-01-09,
2009-01-10,
2009-01-11,
2009-01-12,0.22556846
2009-01-13,
2009-01-14,0.16931161
2009-01-15,
2009-01-16,0.23021261
2009-01-17,0.28795463
2009-01-18,
2009-01-19,0.29532334
2009-01-20,
2009-01-21,0.25253958
2009-01-22,
2009-01-23,0.31289104
2009-01-24,0.29557225
2009-01-25,
2009-01-26,
2009-01-27,
2009-01-28,
2009-01-29,0.2613615
2009-01-30,
2009-01-31,0.23847285
2009-02-01,
2009-02-02,0.24245013
2009-02-03,
2009-02-04,
2009-02-05,0.19911835
2009-02-06,
2009-02-07,0.23824461
2009-02-08,0.20793697
2009-02-09,
2009-02-10,
2009-02-11,
2009-02-12,
2009-02-13,0.25294682
2009-02-14,0.29121068
2009-02-15,0.24401872
2009-02-16,
2009-02-17,0.20706023
2009-02-18,
2009-02-19,
2009-02-20,0.20993733
2009-02-21,
2009-02-22,0.14161934
2009-02-23,
2009-02-24,0.17546588
2009-02-25,0.17049181
2009-02-26,
2009-02-27,0.18692136
2009-02-28,
2009-03-01,0.19512714
2009-03-02,0.21837983
2009-03-03,
2009-03-04,0.22651063
2009-03-05,
2009-03-06,
2009-03-07,0.30855316
2009-03-08,0.30429435
2009-03-09,
2009-03-10,
2009-03-11,
2009-03-12,
2009-03-13,0.24923874
2009-03-14,
2009-03-15,
2009-03-16,0.2694205
2009-03-17,
2009-03-18,
2009-03-19,
2009-03-20,
2009-03-21,0.24811302
2009-03-22,
2009-03-23,
2009-03-24,0.20865273
2009-03-25,
2009-03-26,0.14599451
2009-03-27,
2009-03-28,0.16428943
2009-03-29,0.18182783
2009-03-30,
2009-03-31,0.17766608
2009-04-01,
2009-04-02,
2009-04-03,0.21962836
2009-04-04,0.26274872
2009-04-05,
2009-04-06,
2009-04-07,
2009-04-08,
2009-04-09,
2009-04-10,
2009-04-11,
2009-04-12,0.2773794
2009-04-13,
2009-04-14,0.2526755
2009-04-15,0.20970698
2009-04-16,
2009-04-17,
2009-04-18,
2009-04-19,
2009-04-20,0.26272452
2009-04-21,
2009-04-22,0.2424346
2009-04-23,
2009-06-16,
2009-06-17,0.12941022
2009-06-18,0.11780281
2009-06-19,0.13171805
2009-06-20,
2009-06-21,
2009-06-22,0.06923321
2009-06-23,
2009-06-24,0.0747098
2009-06-25,
2009-06-26,
2009-06-27,
2009-06-28,
2009-06-29,0.07995557
2009-06-30,0.06331061
2009-07-01,
2009-07-18,
2009-07-19,
2009-07-20,
2009-07-21,0.07877226
2009-07-22,
2009-07-23,
2009-07-24,0.07543616
2009-07-25,
2009-07-26,0.064976096
2009-07-27,
2009-07-28,
2009-07-29,0.05686693
2009-07-30,
2009-07-31,
2009-08-01,
2009-08-02,
2009-08-03,0.080588475
2009-08-04,
2009-08-05,0.074651554
2009-08-06,0.07014822
2009-08-07,
2009-08-08,0.0652477
2009-08-09,
2009-08-10,0.07985756
2009-08-11,0.08882595
2009-08-12,0.08618582
2009-08-13,
2009-08-14,
2009-08-15,0.09458106
2009-08-16,
2009-08-17,0.09641443
2009-08-18,0.0760876
2009-08-19,
2009-08-20,0.07204774
2009-08-21,
2009-08-22,0.06528155
2009-08-23,0.064292
2009-08-24,
2009-08-25,
2009-08-26,
2009-08-27,
2009-08-28,
2009-08-29,
2009-08-30,0.06516201
2009-09-03,
2009-09-04,
2009-10-08,
2009-10-09,
2009-11-06,
2009-11-07,0.064597875
2009-11-08,
2009-11-09,0.063633665
2009-11-10,
2009-11-11,0.064192094
2009-11-13,
2009-11-14,0.05415896
2009-11-15,
2009-11-16,0.06304112
2009-11-17,
2009-11-18,
2009-11-19,0.06075043
2009-11-20,
2009-11-21,
2009-11-22,
2009-11-23,
2009-12-02,
2009-12-03,
2009-12-04,
2009-12-05,
2009-12-06,
2009-12-07,
2009-12-08,
2009-12-09,
2009-12-10,
2009-12-11,
2009-12-12,
2009-12-13,
2009-12-14,
2009-12-15,
2009-12-16,
2009-12-17,
2009-12-18,
2009-12-19,
2009-12-20,
2009-12-21,
2009-12-22,
2009-12-23,0.10940292
2009-12-24,
2009-12-25,0.08925756
2009-12-26,0.07221125
2009-12-27,
2009-12-28,
2009-12-29,
2009-12-30,
2009-12-31,
2010-01-01,
2010-01-02,
2010-01-03,
2010-01-04,0.06935793
2010-01-05,
2010-01-09,
2010-01-10,
2010-01-11,
2010-01-12,
2010-01-13,
2010-01-14,
2010-01-15,
2010-01-16,
2010-01-17,
2010-01-18,
2010-01-19,
2010-01-20,
2010-01-21,
2010-01-22,
2010-01-23,
2010-01-24,0.055170253
2010-01-25,
2010-01-26,
2010-01-27,
2010-01-28,
2010-01-29,0.05154668
2010-01-30,
2010-02-01,
2010-02-02,
2010-02-03,
2010-02-04,
2010-02-05,
2010-02-06,
2010-02-07,
2010-02-08,0.07412385
2010-02-09,
2010-02-10,0.08155237
2010-02-11,
2010-02-12,0.076072045
2010-02-13,
2010-02-14,
2010-02-15,
2010-02-16,
2010-02-17,
2010-02-18,0.07351635
2010-02-19,
2010-02-20,0.06776758
2010-02-21,
2010-02-22,
2010-02-23,0.08497105
2010-02-24,
2010-02-25,0.08600798
2010-02-26,
2010-02-27,0.06997753
2010-02-28,0.06789325
2010-03-01,
2010-03-02,
2010-03-03,
2010-03-04,0.06476861
2010-03-05,
2010-03-06,
2010-03-07,0.06340567
2010-03-08,
2010-03-09,0.08373862
2010-03-10,
2010-03-11,
2010-03-12,0.080873765
2010-03-13,
2010-03-14,0.09371226
2010-03-15,
2010-03-16,
2010-03-17,
2010-03-18,
2010-03-19,
2010-03-20,
2010-03-21,
2010-03-23,
2010-03-24,
2010-03-25,
2010-03-26,
2010-03-27,
2010-03-28,
2010-03-29,0.11652691
2010-03-30,
2010-03-31,
2010-04-01,
2010-04-02,
2010-04-03,0.10609917
2010-04-04,
2010-04-05,
2010-04-06,
2010-04-07,0.1232008
2010-04-08,0.1278282
2010-04-09,
2010-04-10,
2010-04-11,
2010-04-12,
2010-04-13,
2010-04-14,
2010-04-15,
2010-04-16,
2010-04-17,
2010-04-18,
2010-04-19,
2010-04-20,0.15401995
2010-04-21,
2010-04-22,0.1967768
2010-04-23,0.16384414
2010-04-24,
2010-04-25,0.13730092
2010-04-26,
2010-04-27,0.16818772
2010-04-28,0.14538309
2010-04-29,
2010-04-30,0.12328173
2010-05-01,
2010-05-02,0.14987782
2010-05-03,0.18621202
2010-05-04,
2010-05-05,0.15616632
2010-05-06,
2010-05-07,0.17819384
2010-05-08,
2010-05-09,0.18837422
2010-05-10,0.16624635
2010-05-11,
2010-05-12,0.1493746
2010-05-13,
2010-05-14,0.14168446
2010-05-15,0.16197008
2010-05-16,
2010-05-17,0.20150138
2010-05-18,
2010-05-19,0.22541806
2010-05-20,
2010-05-21,
2010-05-22,0.16246036
2010-05-23,
2010-05-24,0.17879425
2010-05-25,0.19718678
2010-05-26,
2010-05-27,0.2338637
2010-05-28,
2010-05-29,0.24593359
2010-05-30,0.30559877
2010-05-31,0.28968334
2010-06-01,0.31166255
2010-06-02,
2010-06-03,0.38200313
2010-06-04,
2010-06-05,0.35842675
2010-06-06,0.28295043
2010-06-07,
2010-06-08,0.31657368
2010-06-09,
2010-06-10,0.3214364
2010-06-11,0.3398339
2010-06-12,
2010-06-13,0.3889946
2010-06-14,
2010-06-15,0.32496557
2010-06-16,0.30268103
2010-06-17,
2010-06-18,0.20878105
2010-06-19,
2010-06-20,0.24079014
2010-06-21,
2010-06-22,
2010-06-23,0.20938419
2010-06-24,
2010-06-25,0.23436514
2010-06-26,0.28820732
2010-06-27,0.29846764
2010-07-12,
2010-07-13,
2010-07-14,0.25004518
2010-07-15,0.2631985
2010-07-16,
2010-07-17,0.27518103
2010-07-18,0.31182906
2010-07-19,
2010-07-20,
2010-07-21,0.28708857
2010-07-22,0.3158327
2010-07-23,
2010-07-24,
2010-07-25,
2010-07-26,
2010-07-27,0.2750621
2010-07-28,0.32352978
2010-07-29,
2010-07-30,
2010-07-31,0.29507634
2010-08-01,
2010-08-02,
2010-08-03,0.33210167
2010-08-04,
2010-08-05,0.39792693
2010-08-06,0.3422724
2010-08-07,0.38440928
2010-08-08,
2010-08-09,0.34813598
2010-08-13,
2010-08-14,
2010-08-15,0.19866294
2010-08-16,0.2543146
2010-08-17,
2010-08-18,0.26057193
2010-08-19,0.28667942
2010-08-20,
2010-08-21,
2010-08-22,0.2989053
2010-08-23,0.3018112
2010-08-24,
2010-08-25,0.3050899
2010-08-26,0.32412738
2010-08-27,
2010-08-28,
2010-08-29,
2010-08-30,
2010-09-03,
2010-09-04,
2010-09-05,
2010-09-06,0.29892612
2010-09-07,0.36074185
2010-09-08,
2010-09-09,
2010-09-10,0.23237202
2010-09-12,
2010-09-13,0.26437902
2010-09-14,
2010-09-15,
2010-09-16,0.29639143
2010-09-17,
2010-09-18,
2010-09-19,
2010-09-20,0.30737817
2010-09-21,
2010-09-22,
2010-09-23,
2010-09-24,0.30920595
2010-09-25,
2010-09-26,0.2768881
2010-09-27,0.39106452
2010-09-28,
2010-09-29,0.25184754
2010-09-30,0.31341955
2010-10-01,
2010-10-02,0.2384689
2010-10-03,0.31309077
2010-10-04,
2010-10-05,0.25181466
2010-10-06,0.26317245
2010-10-07,
2010-10-08,0.25444627
2010-10-09,0.21865621
2010-10-10,
2010-10-11,
2010-10-12,0.2522725
2010-10-13,0.24193136
2010-10-14,
2010-10-15,0.23162283
2010-10-16,0.2222772
2010-10-17,
2010-10-18,0.18826425
2010-10-19,0.19994812
2010-10-20,
2010-10-21,0.21432139
2010-10-22,0.2327403
2010-10-23,
2010-10-24,
2010-10-25,0.23545234
2010-10-26,0.24711093
2010-10-27,
2010-10-28,0.21564692
2010-10-29,0.2238432
2010-10-30,
2010-10-31,0.23506862
2010-11-01,0.22225061
2010-11-02,
2010-11-03,
2010-11-04,
2010-11-05,
2010-11-06,0.21976797
2010-11-07,0.22042057
2010-11-08,
2010-11-09,
2010-11-10,
2010-11-11,0.21896476
2010-11-12,
2010-11-13,
2010-11-14,0.17245054
2010-11-15,
2010-11-16,0.14326856
2010-11-17,0.18604852
2010-11-18,
2010-11-19,0.17458674
2010-11-20,0.19161777
2010-11-21,
2010-11-22,0.23666431
2010-11-23,0.2781206
2010-11-24,
2010-11-25,
2010-11-26,0.25508517
2010-11-27,0.26993808
2010-11-28,
2010-11-29,0.28990278
2010-11-30,0.30144158
2010-12-01,
2010-12-02,0.31602702
2010-12-03,0.257018
2010-12-04,
2010-12-05,0.24752194
2010-12-06,0.2800329
2010-12-07,
2010-12-08,
2010-12-09,0.4106895
2010-12-10,
2010-12-11,0.2761106
