2012-01-02,
2012-01-03,
2012-01-04,
2012-01-05,0.23049577
2012-01-06,
2012-01-07,
2012-01-08,0.22650515
2012-01-09,0.2548082
2012-01-10,0.32282883
2012-01-11,0.26748964
2012-01-12,0.28352255
2012-01-13,0.25287342
2012-01-14,0.2432877
2012-01-15,
2012-01-16,0.20264153
2012-01-17,
2012-01-18,0.20229965
2012-01-19,0.22279412
2012-01-20,
2012-01-21,0.24236676
2012-01-22,
2012-01-23,0.20600912
2012-01-24,0.20703307
2012-01-25,
2012-01-26,
2012-01-27,0.20554657
2012-01-28,0.18479146
2012-01-29,
2012-01-30,0.21920122
2012-01-31,
2012-02-01,
2012-02-02,
2012-02-03,
2012-02-04,
2012-02-05,
2012-02-06,0.23104002
2012-02-07,
2012-02-08,0.22343878
2012-02-09,0.24805963
2012-02-10,
2012-02-11,
2012-02-12,
2012-02-13,
2012-02-14,0.23299061
2012-02-15,0.19354111
2012-02-16,
2012-02-17,0.2158268
2012-02-18,
2012-02-19,0.16929808
2012-02-20,0.17834538
2012-02-21,
2012-02-22,0.21180467
2012-02-23,
2012-02-24,0.20080538
2012-02-25,
2012-02-26,
2012-02-27,
2012-02-28,
2012-02-29,
2012-03-01,0.18328187
2012-03-02,0.13139471
2012-03-03,
2012-03-04,0.23024023
2012-03-05,
2012-03-06,0.2012003
2012-03-07,0.20197165
2012-03-08,
2012-03-09,0.16865535
2012-03-10,
2012-03-11,0.168679
2012-03-12,0.17363216
2012-03-13,
2012-03-14,
2012-03-15,
2012-03-16,
2012-03-17,0.2102553
2012-03-18,0.18737796
2012-03-19,
2012-03-20,
2012-03-21,
2012-03-22,0.18404806
2012-03-23,
2012-03-24,
2012-03-26,
2012-03-27,
2012-03-28,
2012-03-29,
2012-03-30,
2012-03-31,
2012-04-01,
2012-04-02,
2012-04-03,
2012-04-04,
2012-04-05,
2012-04-06,
2012-04-07,0.22782128
2012-04-08,0.2148355
2012-04-09,
2012-04-10,
2012-04-11,
2012-04-12,0.15760292
2012-04-13,0.1542738
2012-04-14,
2012-04-15,
2012-04-16,0.15523365
2012-04-17,
2012-04-18,0.16316468
2012-04-19,0.16086033
2012-04-20,
2012-04-21,
2012-04-22,
2012-04-23,0.16669719
2012-04-24,0.19568312
2012-04-25,
2012-04-26,0.19918795
2012-04-27,
2012-04-28,0.15985982
2012-04-29,0.14144309
2012-04-30,0.15847579
2012-05-01,0.15797785
2012-05-02,0.183854
2012-05-03,
2012-05-04,0.19663239
2012-05-05,0.17205635
2012-05-06,0.19816203
2012-05-07,0.18158354
2012-05-08,
2012-05-09,0.19644804
2012-05-10,0.21086985
2012-05-11,
2012-05-12,
2012-05-13,
2012-05-14,
2012-05-15,0.2338336
2012-05-16,0.26205468
2012-05-17,0.26017267
2012-05-18,0.20620717
2012-05-19,
2012-05-20,0.16482954
2012-05-21,0.16387686
2012-05-22,0.18542181
2012-05-23,0.19634973
2012-05-24,
2012-05-25,0.16598865
2012-05-26,0.17235024
2012-05-27,0.16568351
2012-05-28,0.17834808
2012-05-29,
2012-05-30,0.1607663
2012-05-31,0.15993613
2012-06-01,0.17843144
2012-06-02,0.2146337
2012-06-03,
2012-06-04,
2012-06-05,0.1740196
2012-06-06,0.21227609
2012-06-07,
2012-06-08,
2012-06-09,
2012-06-10,
2012-06-11,0.17745908
2012-06-12,0.16337606
2012-06-13,0.15108064
2012-06-14,
2012-06-15,
2012-06-16,
2012-06-17,0.20968968
2012-06-18,0.20542294
2012-06-19,
2012-06-20,
2012-06-21,0.17626567
2012-06-22,
2012-06-23,0.19212317
2012-06-24,0.1612614
2012-06-25,
2012-06-26,0.19145013
2012-06-27,0.18500026
2012-06-28,0.17182079
2012-06-29,0.17404099
2012-06-30,
2012-07-01,
2012-07-02,0.12603351
2012-07-03,0.15826164
2012-07-04,
2012-07-05,
2012-07-06,
2012-07-07,0.093210876
2012-07-08,0.08440626
2012-07-09,0.081219636
2012-07-10,
2012-07-11,
2012-07-12,
2012-07-13,0.075808875
2012-07-14,
2012-07-15,
2012-07-16,
2012-07-17,
2012-07-18,0.08102849
2012-07-19,
2012-07-20,0.086625114
2012-07-21,
2012-07-22,
2012-07-23,0.078402705
2012-07-24,
2012-07-25,0.08299629
2012-07-26,
2012-07-27,
2012-07-28,0.06511233
2012-07-29,0.05763209
2012-07-30,
2012-07-31,0.06265209
2012-08-01,
2012-08-02,0.06387963
2012-08-03,0.056876414
2012-08-04,0.062155023
2012-08-05,0.05395018
2012-08-06,
2012-08-07,
2012-08-08,0.065614
2012-08-09,0.06197836
2012-08-10,
2012-08-11,0.0672699
2012-08-12,
2012-08-13,0.06272913
2012-08-14,0.05686234
2012-08-15,
2012-08-16,0.06536274
2012-08-17,
2012-08-18,0.058781005
2012-08-19,0.057864618
2012-08-20,
2012-08-21,0.06233762
2012-08-22,0.059941925
2012-08-23,
2012-08-24,
2012-08-25,0.062478177
2012-08-26,
2012-08-27,
2012-08-28,
2012-08-29,0.06996741
2012-08-30,0.06872463
2012-08-31,
2012-09-01,0.06425517
2012-09-02,
2012-09-03,
2012-09-04,
2012-09-05,
2012-09-06,
2012-09-07,0.058773383
2012-09-08,
2012-09-09,
2012-09-10,
2012-09-11,
2012-09-12,0.06682141
2012-09-13,
2012-09-14,0.061180323
2012-09-15,0.045575514
2012-09-16,
2012-09-17,
2012-09-18,
2012-09-19,
2012-09-20,0.054401707
2012-09-21,
2012-09-22,0.05104029
2012-09-23,0.043432113
2012-09-24,
2012-09-25,
2012-09-26,0.04201783
2012-09-27,
2012-09-28,0.05434101
2012-09-29,
2012-09-30,0.04678364
2012-10-01,0.045735683
2012-10-02,
2012-10-03,
2012-10-04,
2012-10-05,0.054362763
2012-10-06,
2012-10-07,
2012-10-08,
2012-10-09,0.048072543
2012-10-10,
2012-10-11,0.0517084
2012-10-12,0.045855373
2012-10-13,
2012-10-14,
2012-10-15,
2012-10-16,
2012-10-17,0.061042804
2012-10-18,
2012-10-19,0.059814237
2012-10-20,
2012-10-21,0.047299765
2012-10-22,0.05069015
2012-10-23,
2012-10-24,
2012-10-25,
2012-10-26,
2012-10-27,0.050546996
2012-10-28,0.0524061
2012-10-29,
2012-10-30,0.05657585
2012-10-31,
2012-11-01,0.05048459
2012-11-02,0.052642304
2012-11-03,
2012-11-04,0.04943141
2012-11-05,
2012-11-06,0.04830601
2012-11-07,0.050716758
2012-11-08,0.05319038
2012-11-09,
2012-11-10,
2012-11-11,
2012-11-12,0.05527459
2012-11-13,0.060415536
2012-11-14,
2012-11-15,0.06852261
2012-11-16,
2012-11-17,0.0494188
2012-11-18,0.041791
2012-11-19,
2012-11-20,
2012-11-21,
2012-11-22,
2012-11-23,
2012-11-24,
2012-11-25,
2012-11-26,0.05018304
2012-11-27,
2012-11-28,0.052728526
2012-11-29,0.053676326
2012-11-30,
2012-12-01,0.062310625
2012-12-02,
2012-12-03,0.057988275
2012-12-04,0.05518604
2012-12-05,
2012-12-06,0.062927336
2012-12-07,
2012-12-08,0.057535093
2012-12-09,0.062415738
2012-12-10,0.064437784
2012-12-11,0.065500654
2012-12-12,0.07304104
2012-12-13,
2012-12-14,
2012-12-15,0.07662912
2012-12-16,
2012-12-17,
2012-12-18,
2012-12-19,
2012-12-20,0.0682658
2012-12-21,
2012-12-22,0.08185003
2012-12-23,
2012-12-24,0.048587132
2012-12-25,0.055213653
2012-12-26,
2012-12-27,
2012-12-28,
2012-12-29,
2012-12-30,
2012-12-31,
2013-01-01,
2013-01-02,
2013-01-03,
2013-01-04,
2013-01-05,0.06129221
2013-01-06,
2013-01-07,0.08356038
2013-01-08,
2013-01-09,0.10657982
2013-01-10,0.085902065
2013-01-11,0.11623873
2013-01-12,
2013-01-13,
2013-01-14,
2013-01-15,
2013-01-16,
2013-01-17,
2013-01-18,0.13451852
2013-01-19,
2013-01-20,
2013-01-21,0.08368521
2013-01-22,
2013-01-23,
2013-01-24,
2013-01-25,
2013-01-26,
2013-01-27,
2013-01-28,
2013-01-29,
2013-01-30,
2013-01-31,
2013-02-01,
2013-02-02,
2013-02-03,
2013-02-04,
2013-02-05,
2013-02-06,
2013-02-07,
2013-02-08,
2013-02-09,
2013-02-10,
2013-02-11,0.06500291
2013-02-12,
2013-02-13,
2013-02-14,0.09860304
2013-02-15,
2013-02-16,0.096358836
2013-02-17,0.091699965
2013-02-18,
2013-02-19,
2013-02-20,
2013-02-21,0.15677886
2013-02-22,0.24512479
2013-02-23,
2013-02-24,
2013-02-25,
2013-02-26,
2013-02-27,0.17947586
2013-02-28,
2013-03-01,
2013-03-02,0.14789712
2013-03-03,
2013-03-04,0.15745224
2013-03-05,
2013-03-06,
2013-03-07,
2013-03-08,
2013-03-09,0.14448816
2013-03-10,0.15273906
2013-03-11,
2013-03-12,
2013-03-13,
2013-03-14,0.15881732
2013-03-15,
2013-03-16,
2013-03-17,
2013-03-18,0.18847245
2013-03-19,
2013-03-20,0.15356463
2013-03-21,0.14840986
2013-03-22,
2013-03-23,0.14627336
2013-03-24,
2013-03-25,0.17370686
2013-03-26,0.17369197
2013-03-27,
2013-03-28,
2013-03-29,
2013-03-30,
2013-03-31,0.25684053
2013-04-01,
2013-04-02,
2013-04-03,0.21466294
2013-04-04,
2013-04-05,0.18066141
2013-04-06,0.19093263
2013-04-07,
2013-04-08,
2013-04-09,
2013-04-10,0.1805791
2013-04-11,0.17335452
2013-04-12,
2013-04-13,
2013-04-14,
2013-04-15,
2013-04-16,0.19613893
2013-04-17,0.19194229
2013-04-18,0.21892738
2013-04-19,0.17007947
2013-04-20,
2013-04-21,
2013-04-22,0.13873817
2013-04-23,
2013-04-24,
2013-04-25,
2013-04-26,0.18375985
2013-04-27,0.19164905
2013-04-28,
2013-04-29,0.20866245
2013-04-30,
2013-05-01,0.16394673
2013-05-02,0.14292942
2013-05-03,
2013-05-04,0.17877732
2013-05-05,0.20957744
2013-05-06,
2013-05-07,0.18362136
2013-05-08,0.17318779
2013-05-09,
2013-05-10,0.21067543
2013-05-11,
2013-05-12,0.19698605
2013-05-13,0.1780383
2013-05-14,
2013-05-15,0.281975
2013-05-16,
2013-05-17,0.200304
2013-05-18,0.21559137
2013-05-19,0.26988414
2013-05-20,0.2176395
2013-05-21,0.17731954
2013-05-22,
2013-05-23,0.16540971
2013-05-24,0.15517737
2013-05-25,0.19831486
2013-05-26,0.18755703
2013-05-27,
2013-05-28,0.1923805
2013-05-29,0.15505418
2013-05-30,0.18750864
2013-05-31,0.19991866
2013-06-01,
2013-06-02,0.20118794
2013-06-03,0.19709618
2013-06-04,0.19807775
2013-06-05,
2013-06-06,
2013-06-07,
2013-06-08,0.19034646
2013-06-09,0.17659955
2013-06-10,0.213694
2013-06-11,0.18649462
2013-06-12,
2013-06-13,0.20910987
2013-06-14,0.19633648
2013-06-15,
2013-06-16,
2013-06-17,
2013-06-18,
2013-06-19,0.20355323
2013-06-20,
2013-06-21,
2013-06-22,0.24602039
2013-06-23,
2013-06-24,0.18796043
2013-06-25,0.17791128
2013-06-26,0.18891452
2013-06-27,0.16298927
2013-06-28,
2013-06-29,0.15160416
2013-06-30,0.13767119
2013-07-01,0.16076627
2013-07-02,0.16123173
2013-07-03,
2013-07-04,0.18256094
2013-07-05,0.18306679
2013-07-06,0.23170465
2013-07-07,0.1717232
2013-07-08,
2013-07-09,
2013-07-10,0.16506582
2013-07-11,0.18609987
2013-07-12,
2013-07-13,0.21430261
2013-07-14,
2013-07-15,0.19952191
2013-07-16,0.15072744
2013-07-17,
2013-07-18,0.1691091
2013-07-19,
2013-07-20,
2013-07-21,
2013-07-22,
2013-07-23,
2013-07-24,0.19272041
2013-07-25,
2013-07-26,0.22011612
2013-07-27,0.22804798
2013-07-28,
2013-07-29,0.26420635
2013-07-30,
2013-07-31,0.2636608
2013-08-01,0.28311163
2013-08-02,
2013-08-03,0.24455385
2013-08-04,
2013-08-05,
2013-08-06,
2013-08-07,
2013-08-08,0.22286858
2013-08-09,0.19880857
2013-08-10,
2013-08-11,0.17186415
2013-08-12,0.16303442
2013-08-13,
2013-08-14,0.18084657
2013-08-15,
2013-08-16,0.1613214
2013-08-17,0.15033637
2013-08-18,0.16935818
2013-08-19,0.1700243
2013-08-20,
2013-08-21,0.14660971
2013-08-22,0.1455996
2013-08-23,
2013-08-24,0.15871824
2013-08-25,0.14725408
2013-08-26,
2013-08-27,0.14094308
2013-08-28,0.13381591
2013-08-29,
2013-08-30,0.13170928
2013-08-31,
2013-09-01,0.12675002
2013-09-02,0.1476478
2013-09-03,
2013-09-04,0.17235957
2013-09-05,
2013-09-06,0.15456156
2013-09-07,0.13726693
2013-09-08,
2013-09-09,
2013-09-10,0.18213807
2013-09-11,
2013-09-12,0.17081891
2013-09-13,0.17265442
2013-09-14,
2013-09-15,0.18144198
2013-09-16,
2013-09-17,0.17780077
2013-09-18,0.16676463
2013-09-19,
2013-09-20,0.15842643
2013-09-21,
2013-09-22,0.18012562
2013-09-23,0.18056391
2013-09-24,0.18740885
2013-09-25,
2013-09-26,
2013-09-27,
2013-09-28,0.12717822
2013-09-29,0.12131223
2013-09-30,
2013-10-01,0.10745496
2013-10-02,
2013-10-03,0.10924111
2013-10-04,0.103879735
2013-10-05,
2013-10-06,0.101227306
2013-10-07,
2013-10-08,0.12305619
2013-10-09,0.12786843
2013-10-10,0.1312752
2013-10-11,
2013-10-12,0.15496026
2013-10-13,
2013-10-14,0.14989945
2013-10-15,0.1553764
2013-10-16,
2013-10-17,0.16649318
2013-10-18,
2013-10-19,0.15743858
2013-10-20,0.16494498
2013-10-21,
2013-10-22,0.15911466
2013-10-23,
2013-10-24,
2013-10-25,0.15248427
2013-10-26,
2013-10-27,
2013-10-28,
2013-10-29,
2013-10-30,0.096102715
2013-10-31,0.09331421
2013-11-01,
2013-11-02,
2013-11-03,
2013-11-04,0.07031624
2013-11-05,0.059545815
2013-11-06,
2013-11-07,0.07070819
2013-11-08,
2013-11-09,0.06037077
2013-11-10,0.06739976
2013-11-11,0.076276615
2013-11-12,
2013-11-13,0.08661462
2013-11-14,0.07268196
2013-11-15,0.07439766
2013-11-16,0.078376025
2013-11-17,
2013-11-18,0.10028785
2013-11-19,
2013-11-20,0.099792734
2013-11-21,0.065380305
2013-11-22,0.10347941
2013-11-23,0.08839514
2013-11-24,
2013-11-25,
2013-11-26,0.10770732
2013-11-27,0.1217301
2013-11-28,
2013-11-29,0.10951206
2013-11-30,
2013-12-01,0.09643563
2013-12-02,0.08534132
2013-12-03,
2013-12-04,0.102963656
2013-12-05,
2013-12-06,0.07678735
2013-12-07,
2013-12-08,
2013-12-09,0.1022592
2013-12-10,
2013-12-11,
2013-12-12,0.11732057
2013-12-13,0.14691071
2013-12-14,0.1664338
2013-12-15,
2013-12-16,
2013-12-17,0.16695195
2013-12-18,0.16155697
2013-12-19,
2013-12-20,0.17022587
2013-12-21,
2013-12-22,0.15574652
2013-12-23,0.1494518
2013-12-24,
2013-12-25,
2013-12-26,
2013-12-27,
2013-12-28,
2013-12-29,
2013-12-30,
2013-12-31,
2014-01-01,
2014-01-02,0.1781002
2014-01-03,
2014-01-04,
2014-01-05,0.19430181
2014-01-06,
2014-01-07,
2014-01-08,0.18478741
2014-01-09,
2014-01-10,
2014-01-11,
2014-01-12,
2014-01-13,
2014-01-14,
2014-01-15,
2014-01-16,
2014-01-17,
2014-01-18,
2014-01-19,0.1912656
2014-01-20,
2014-01-21,
2014-01-22,
2014-01-23,0.20260425
2014-01-24,
2014-01-25,
2014-01-26,
2014-01-27,
2014-01-28,
2014-01-29,0.10002752
2014-01-30,
2014-01-31,
2014-02-01,
2014-02-02,
2014-02-03,0.103328526
2014-02-04,0.088868536
2014-02-05,
2014-02-06,0.090471625
2014-02-07,
2014-02-08,0.07919174
2014-02-09,0.07297898
2014-02-10,
2014-02-11,0.077396676
2014-02-12,
2014-02-13,
2014-02-14,0.07053883
2014-02-15,
2014-02-16,
2014-02-17,
2014-02-18,
2014-02-19,
2014-02-20,
2014-02-21,
2014-02-22,
2014-02-23,
2014-02-24,
2014-02-25,
2014-02-26,
2014-02-27,
2014-02-28,
2014-03-01,
2014-03-02,
2014-03-03,
2014-03-04,
2014-03-05,0.087759435
2014-03-06,
2014-03-07,0.106714085
2014-03-08,0.0891114
2014-03-09,
2014-03-10,
2014-03-11,
2014-03-12,
2014-03-13,
2014-03-14,
2014-03-15,
2014-03-16,
2014-03-17,
2014-03-18,0.09589507
2014-03-19,
2014-03-20,0.10297561
2014-03-21,0.091763705
2014-03-22,
2014-03-23,0.08822755
2014-03-24,0.07777853
2014-03-25,
2014-03-26,0.07197626
2014-03-27,
2014-03-28,
2014-03-29,0.05693226
2014-03-30,
2014-03-31,0.0809685
2014-04-01,
2014-04-02,
2014-04-03,0.08242953
2014-04-04,
2014-04-05,
2014-04-06,
2014-04-07,
2014-04-08,0.065708876
2014-04-09,
2014-04-10,
2014-04-11,0.07022375
2014-04-12,
2014-04-13,
2014-04-14,
2014-04-15,
2014-04-16,
2014-04-17,
2014-04-18,
2014-04-19,0.11758963
2014-04-20,
2014-04-21,
2014-04-22,0.115786865
2014-04-23,
2014-04-24,0.09488544
2014-04-25,0.07484971
2014-04-26,
2014-04-27,
2014-04-28,
2014-04-29,0.0805604
2014-04-30,0.079699695
2014-05-01,
2014-05-02,
2014-05-03,
2014-05-04,
2014-05-05,0.07223439
2014-05-06,0.064843215
2014-05-07,0.074444
2014-05-08,0.06310321
2014-05-09,
2014-05-10,0.062287726
2014-05-11,0.06764659
2014-05-12,
2014-05-13,0.05708164
2014-05-14,
2014-05-15,
2014-05-16,0.06867273
2014-05-17,
2014-05-18,0.06344692
2014-05-19,
2014-05-20,
2014-05-21,0.061476804
2014-05-22,0.05722631
2014-05-23,0.055309054
2014-05-24,0.05498892
2014-05-25,
2014-05-26,0.056442853
2014-05-27,0.06238755
2014-05-28,
2014-05-29,
2014-05-30,
2014-05-31,
2014-06-01,0.09625856
2014-06-02,0.076857105
2014-06-03,
2014-06-04,
2014-06-05,0.066345625
2014-06-06,0.0621501
2014-06-07,
2014-06-08,0.05642605
2014-06-09,0.062689364
2014-06-10,
2014-06-11,
2014-06-12,0.05280418
2014-06-13,
2014-06-14,
2014-06-15,
2014-06-16,
2014-06-17,0.09523838
2014-06-18,
2014-06-19,0.08128503
2014-06-20,
2014-06-21,
2014-06-22,0.0891353
2014-06-23,0.08668461
2014-06-24,0.07889608
2014-06-25,0.07670538
2014-06-26,
2014-06-27,
2014-06-28,
2014-06-29,0.10390323
2014-06-30,0.08687037
2014-07-01,
2014-07-02,0.070450015
2014-07-03,0.09978433
2014-07-04,
2014-07-05,0.06998246
2014-07-06,
2014-07-07,
2014-07-08,0.052808393
2014-07-09,0.060776755
2014-07-10,0.062216725
2014-07-11,0.052374613
2014-07-12,
2014-07-13,
2014-07-14,0.06151293
2014-07-15,0.058834963
2014-07-16,0.055855367
2014-07-17,
2014-07-18,
2014-07-19,
2014-07-20,
2014-07-21,0.06088117
2014-07-22,
2014-07-23,0.06570696
2014-07-24,
2014-07-25,
2014-07-26,0.084805615
2014-07-27,0.07421576
2014-07-28,
2014-07-29,0.05708069
2014-07-30,0.051448353
2014-07-31,0.058550693
2014-08-01,0.053750988
2014-08-02,
2014-08-03,0.05085278
2014-08-04,0.05214739
2014-08-05,
2014-08-06,0.05371871
2014-08-07,
2014-08-08,0.05390724
2014-08-09,0.054678343
2014-08-10,0.05474498
2014-08-11,
2014-08-12,
2014-08-13,
2014-08-14,0.05094711
2014-08-15,0.04366088
2014-08-16,0.042088587
2014-08-17,
2014-08-18,
2014-08-19,0.049287826
2014-08-20,0.04334315
2014-08-21,
2014-08-22,0.05569602
2014-08-23,
2014-08-24,
2014-08-25,0.045319773
2014-08-26,
2014-08-27,
2014-08-28,0.05245593
2014-08-29,
2014-08-30,0.053060878
2014-08-31,0.04776524
2014-09-01,
2014-09-02,0.042798225
2014-09-03,
2014-09-04,0.055599965
2014-09-05,0.054568686
2014-09-06,
2014-09-07,0.06125124
2014-09-08,
2014-09-09,0.061553
2014-09-10,0.06032587
2014-09-11,0.066133
2014-09-12,0.05995571
2014-09-13,0.07436825
2014-09-14,
2014-09-15,0.07038041
2014-09-16,0.062831946
2014-09-17,
2014-09-18,0.0495183
2014-09-19,
2014-09-20,0.04898653
2014-09-21,0.05205354
2014-09-22,
2014-09-23,0.058592997
2014-09-24,
2014-09-25,0.052353203
2014-09-26,
2014-09-27,
2014-09-28,
2014-09-29,0.06601327
2014-09-30,
2014-10-01,
2014-10-02,0.06542048
2014-10-03,
2014-10-04,
2014-10-05,
2014-10-06,0.066214405
2014-10-07,0.056153577
2014-10-08,
2014-10-09,0.047439888
2014-10-10,
2014-10-11,0.037951164
2014-10-12,0.040685397
2014-10-13,0.052592207
2014-10-14,
2014-10-15,0.05360282
2014-10-16,
2014-10-17,0.047209788
2014-10-18,
2014-10-19,
2014-10-20,0.052066177
2014-10-21,
2014-10-22,0.057239056
2014-10-23,0.050691698
2014-10-24,
2014-10-25,0.061376013
2014-10-26,
2014-10-27,
2014-10-28,
2014-10-29,0.058046233
2014-10-30,
2014-10-31,0.05779802
2014-11-01,0.050592896
2014-11-02,0.054872334
2014-11-03,0.041793697
2014-11-04,
2014-11-05,0.053165425
2014-11-06,
2014-11-07,0.051754687
2014-11-08,0.049405772
2014-11-09,
2014-11-10,0.05693522
2014-11-11,
2014-11-12,
2014-11-13,0.04667797
2014-11-14,0.053053387
2014-11-15,
2014-11-16,0.039931446
2014-11-17,
2014-11-18,0.047971092
2014-11-19,0.051941525
2014-11-20,
2014-11-21,0.051640023
2014-11-22,
2014-11-23,0.037287384
2014-11-24,0.04993073
2014-11-25,
2014-11-26,
2014-11-27,
2014-11-28,
2014-11-29,
2014-11-30,0.058429822
2014-12-01,0.055622064
2014-12-02,0.051133104
2014-12-03,
2014-12-04,0.04020122
2014-12-05,0.04168091
2014-12-06,
2014-12-07,0.06775541
2014-12-08,
2014-12-09,0.043599725
2014-12-10,0.040758424
2014-12-11,
2014-12-12,0.04986939
2014-12-13,
2014-12-14,
2014-12-15,
2014-12-16,0.057955943
2014-12-17,0.059489783
2014-12-18,0.041225385
2014-12-19,
2014-12-20,0.045825146
2014-12-21,0.038981177
2014-12-22,
2014-12-23,
2014-12-24,
2014-12-25,
2014-12-26,
2014-12-27,
2014-12-28,
2014-12-29,
2014-12-30,
2014-12-31,
2015-01-01,
2015-01-02,
2015-01-03,
2015-01-04,
2015-01-05,0.063239396
2015-01-06,
2015-01-07,
2015-01-08,
2015-01-09,
2015-01-10,
2015-01-11,0.051103354
2015-01-12,
2015-01-13,0.060422555
2015-01-14,
2015-01-15,0.05038479
2015-01-16,0.049759876
2015-01-17,0.05184467
2015-01-18,0.050388116
2015-01-19,0.050275695
2015-01-20,0.04732724
2015-01-21,0.04694009
2015-01-22,0.057939615
2015-01-23,0.059137225
2015-01-24,
2015-01-25,
2015-01-26,
2015-01-27,0.053958535
2015-01-28,
2015-01-29,0.050153833
2015-01-30,
2015-01-31,
2015-02-01,
2015-02-02,
2015-02-03,
2015-02-04,
2015-02-05,
2015-02-06,
2015-02-07,0.09666447
2015-02-08,
2015-02-09,
2015-02-10,
2015-02-11,0.07142236
2015-02-12,0.062111564
2015-02-13,
2015-02-14,0.11414399
2015-02-15,
2015-02-16,
2015-02-17,
2015-02-18,
2015-02-19,
2015-02-20,0.05703549
2015-02-21,
2015-02-22,0.057190686
2015-02-23,0.05828198
2015-02-24,
2015-02-25,0.05586349
2015-02-26,
2015-02-27,
2015-02-28,0.052366853
2015-03-01,
2015-03-02,0.0534537
2015-03-03,
2015-03-04,
2015-03-05,
2015-03-06,
2015-03-07,
2015-03-08,
2015-03-09,
2015-03-10,
2015-03-11,
2015-03-12,
2015-03-13,
2015-03-14,
2015-03-15,0.08862125
2015-03-16,0.07530908
2015-03-17,
2015-03-18,
2015-03-19,
2015-03-20,0.06984706
2015-03-21,0.06753917
2015-03-22,
2015-03-23,
2015-03-24,
2015-03-25,
2015-03-26,
2015-03-27,0.11437623
2015-03-28,
2015-03-29,0.06849083
2015-03-30,
2015-03-31,
2015-04-01,
2015-04-02,
2015-04-03,
2015-04-04,
2015-04-05,0.0785337
2015-04-06,
2015-04-07,
2015-04-08,
2015-04-09,
2015-04-10,
2015-04-11,0.069300525
2015-04-12,0.067964084
2015-04-13,
2015-04-14,0.058377367
2015-04-15,
2015-04-16,0.07626987
2015-04-17,
2015-04-18,
2015-04-19,0.07837284
2015-04-20,
2015-04-21,0.06578576
2015-04-22,0.06709075
2015-04-23,0.066559486
2015-04-24,0.07298357
2015-04-25,0.05167374
2015-04-26,
2015-04-27,0.07131219
2015-04-28,0.051923823
2015-04-29,
2015-04-30,
2015-05-01,
2015-05-02,
2015-05-03,0.06780419
2015-05-04,
2015-05-05,
2015-05-06,
2015-05-07,
2015-05-08,
2015-05-09,
2015-05-10,
2015-05-11,
2015-05-12,
2015-05-13,0.1493424
2015-05-14,0.13599826
2015-05-15,0.122074
2015-05-16,0.09926862
2015-05-17,
2015-05-18,0.09998811
2015-05-19,0.09987764
2015-05-20,
2015-05-21,
2015-05-22,
2015-05-23,
2015-05-24,
2015-05-25,0.07653854
2015-05-26,
2015-05-27,0.07919972
2015-05-28,
2015-05-29,
2015-05-30,0.06464204
2015-05-31,0.07507578
2015-06-01,0.077308625
2015-06-02,
2015-06-03,0.0655642
2015-06-04,0.056173753
2015-06-05,0.07027259
2015-06-06,0.065137476
2015-06-07,
2015-06-08,0.071115516
2015-06-09,0.06460394
2015-06-10,0.06273297
2015-06-11,0.055039603
2015-06-12,
2015-06-13,
2015-06-14,
2015-06-15,0.058030665
2015-06-16,
2015-06-17,
2015-06-18,
2015-06-19,0.0687033
2015-06-20,
2015-06-21,0.07114661
2015-06-22,0.07830055
2015-06-23,
2015-06-24,
2015-06-25,0.055745028
2015-06-26,
2015-06-27,
2015-06-28,
2015-06-29,
2015-06-30,
2015-07-01,
2015-07-02,0.13156895
2015-07-03,0.14745583
2015-07-04,
2015-07-05,
2015-07-06,0.111450545
2015-07-07,0.10813308
2015-07-08,0.104115546
2015-07-09,
2015-07-10,0.084996276
2015-07-11,0.084785186
2015-07-12,0.08625221
2015-07-13,0.1019533
2015-07-14,0.09588862
2015-07-15,
2015-07-16,0.08130503
2015-07-17,0.07665315
2015-07-18,0.080691986
2015-07-19,0.079907686
2015-07-20,
2015-07-21,0.07170704
2015-07-22,0.083475076
2015-07-23,0.07270264
2015-07-24,0.07163788
2015-07-25,
2015-07-26,
2015-07-27,0.08082639
2015-07-28,
2015-07-29,
2015-07-30,
2015-07-31,
2015-08-01,
2015-08-02,0.15065214
2015-08-03,
2015-08-04,0.10707006
2015-08-05,
2015-08-06,
2015-08-07,
2015-08-08,
2015-08-09,
2015-08-10,
2015-08-11,
2015-08-12,0.13633975
2015-08-13,
2015-08-14,
2015-08-15,0.104278326
2015-08-16,
2015-08-17,0.09768542
2015-08-18,0.09434076
2015-08-19,
2015-08-20,0.088104896
2015-08-21,
2015-08-22,0.076776326
2015-08-23,0.0618923
2015-08-24,
2015-08-25,0.082345895
2015-08-26,
2015-08-27,0.06634462
2015-08-28,
2015-08-29,0.06645562
2015-08-30,
2015-08-31,
2015-09-01,
2015-09-02,0.07684686
2015-09-03,0.07028574
2015-09-04,
2015-09-05,
2015-09-06,
2015-09-07,0.0748417
2015-09-08,
2015-09-09,
2015-09-10,
2015-09-11,
2015-09-12,
2015-09-13,0.081402525
2015-09-14,0.06982974
2015-09-15,0.06885597
2015-09-16,0.06228657
2015-09-17,
2015-09-18,0.07906894
2015-09-19,
2015-09-20,
2015-09-21,
2015-09-22,
2015-09-23,
2015-09-24,0.06474217
2015-09-25,
2015-09-26,
2015-09-27,
2015-09-28,
2015-09-29,
2015-09-30,0.07230737
2015-10-01,0.07895866
2015-10-02,
2015-10-03,
2015-10-04,0.06847276
2015-10-05,0.0693386
2015-10-06,
2015-10-07,0.06553203
2015-10-08,
2015-10-09,
2015-10-10,0.056913644
2015-10-11,
2015-10-12,
2015-10-13,
2015-10-14,
2015-10-15,
2015-10-16,0.08919007
2015-10-17,
2015-10-18,0.06930465
2015-10-19,0.07740916
2015-10-20,0.07077171
2015-10-21,0.06375546
2015-10-22,
2015-10-23,0.067102
2015-10-24,
2015-10-25,0.069932796
2015-10-26,0.05534909
2015-10-27,
2015-10-28,0.07402543
2015-10-29,
2015-10-30,0.059886437
2015-10-31,0.05812126
2015-11-01,
2015-11-02,
2015-11-03,0.05840011
2015-11-04,
2015-11-05,0.05972728
2015-11-06,0.05072397
2015-11-07,0.058097884
2015-11-08,
2015-11-09,
2015-11-10,0.063382946
2015-11-11,0.059687827
2015-11-12,
2015-11-13,
2015-11-14,
2015-11-15,
2015-11-16,
2015-11-17,
2015-11-18,
2015-11-19,0.06985609
2015-11-20,
2015-11-21,0.057001993
2015-11-22,0.056730427
2015-11-23,
2015-11-24,0.0622277
2015-11-25,
2015-11-26,
2015-11-27,
2015-11-28,0.06578887
2015-11-29,
2015-11-30,
2015-12-01,0.07522391
2015-12-02,0.064067125
2015-12-03,
2015-12-04,
2015-12-05,
2015-12-06,
2015-12-07,0.083907
2015-12-08,0.07297922
2015-12-09,
2015-12-10,
2015-12-11,
2015-12-12,0.064119
2015-12-13,0.05826009
2015-12-14,
2015-12-15,0.093132794
2015-12-16,
2015-12-17,0.06346561
2015-12-18,0.06644473
2015-12-19,
2015-12-20,0.06882683
2015-12-21,
2015-12-22,
2015-12-23,
2015-12-24,
2015-12-25,
2015-12-26,
2015-12-27,
2015-12-28,
2015-12-29,
2015-12-30,
2015-12-31,
2016-01-01,
2016-01-02,
2016-01-03,0.08299729
2016-01-04,0.07609162
2016-01-05,
2016-01-06,
2016-01-07,
2016-01-08,
2016-01-09,0.07514996
2016-01-10,
2016-01-11,
2016-01-12,
2016-01-13,
2016-01-14,0.0768613
2016-01-15,
2016-01-16,0.06004148
2016-01-17,
2016-01-18,
2016-01-19,0.057270262
2016-01-20,0.054109916
2016-01-21,0.062429957
2016-01-22,
2016-01-23,0.058644105
2016-01-24,
2016-01-25,0.06661333
2016-01-26,
2016-01-27,
2016-01-28,
2016-01-29,
2016-01-30,0.063299164
2016-01-31,
2016-02-01,0.056208294
2016-02-02,
2016-02-03,
2016-02-04,
2016-02-05,
2016-02-06,
2016-02-07,
2016-02-08,
2016-02-09,
2016-02-10,
2016-02-11,
2016-02-12,0.09184358
2016-02-13,
2016-02-14,
2016-02-15,0.06895773
2016-02-16,
2016-02-17,
2016-02-18,
2016-02-19,
2016-02-20,0.056277707
2016-02-21,
2016-02-22,
2016-02-23,
2016-02-24,
2016-02-25,
2016-02-26,0.047099154
2016-02-27,
2016-02-28,0.05262633
2016-02-29,
2016-03-01,0.04434548
2016-03-02,0.05075758
2016-03-03,
2016-03-04,0.060665864
2016-03-05,
2016-03-06,0.046090424
2016-03-07,0.0617532
2016-03-08,
2016-03-09,
2016-03-10,0.0717015
2016-03-11,
2016-03-12,0.064968996
2016-03-13,0.08589878
2016-03-14,
2016-03-15,
2016-03-16,
2016-03-17,0.11338997
2016-03-18,
2016-03-19,
2016-03-20,
2016-03-21,
2016-03-22,
2016-03-23,
2016-03-24,
2016-03-25,
2016-03-26,
2016-03-27,
2016-03-28,
2016-03-29,
2016-03-30,
2016-03-31,
2016-04-01,
2016-04-02,0.09144795
2016-04-03,0.08291261
2016-04-04,
2016-04-05,0.17239109
2016-04-06,
2016-04-07,0.11451265
2016-04-08,0.17058298
2016-04-09,
2016-04-10,
2016-04-11,
2016-04-12,
2016-04-13,0.13316014
2016-04-14,
2016-04-15,
2016-04-16,0.24940033
2016-04-17,
2016-04-18,0.3018746
2016-04-19,0.29457211
2016-04-20,
2016-04-21,0.2534353
2016-04-22,
2016-04-23,0.2535917
2016-04-24,0.23214912
2016-04-25,
2016-04-26,0.16665184
2016-04-27,
2016-04-28,
2016-04-29,0.10924198
2016-04-30,0.12484736
2016-05-01,
2016-05-02,
2016-05-03,
2016-05-04,0.14221038
2016-05-05,0.13399285
2016-05-06,
2016-05-07,0.12807594
2016-05-08,
2016-05-09,
2016-05-10,0.2853635
2016-05-11,
2016-05-12,0.33388254
2016-05-13,
2016-05-14,
2016-05-15,0.28740603
2016-05-16,0.28193298
2016-05-17,0.26869828
2016-05-18,0.31201607
2016-05-19,
2016-05-20,0.3140671
2016-05-21,0.31483138
2016-05-22,
2016-05-23,0.2879972
2016-05-24,
2016-05-25,0.24043731
2016-05-26,0.21832584
2016-05-27,0.22201383
2016-05-28,0.1990105
2016-05-29,0.22791095
2016-05-30,
2016-05-31,0.15616037
2016-06-01,0.14792837
2016-06-02,0.16318485
2016-06-03,
2016-06-04,
2016-06-05,0.14927745
2016-06-06,0.15109208
2016-06-07,0.15333018
2016-06-08,0.11554824
2016-06-09,
2016-06-10,0.10342901
2016-06-11,
2016-06-12,0.13505322
2016-06-13,0.14876997
2016-06-14,0.13761607
2016-06-15,
2016-06-16,0.13165951
2016-06-17,0.1224583
2016-06-18,0.12055032
2016-06-19,0.11337302
2016-06-20,
2016-06-21,0.12462373
2016-06-22,0.13766731
2016-06-23,
2016-06-24,0.17230876
2016-06-25,
2016-06-26,
2016-06-27,0.2043291
2016-06-28,0.20151491
2016-06-29,0.201105
2016-06-30,0.20474924
2016-07-01,
2016-07-02,
2016-07-03,0.117819734
2016-07-04,0.14342761
2016-07-05,0.12526137
2016-07-06,
2016-07-07,0.08680417
2016-07-08,0.09398177
2016-07-09,0.085901186
2016-07-10,0.098211244
2016-07-11,
2016-07-12,0.085115045
2016-07-13,0.08796513
2016-07-14,0.089133255
2016-07-15,
2016-07-16,
2016-07-17,
2016-07-18,0.08912759
2016-07-19,0.08396623
2016-07-20,0.09580979
2016-07-21,0.094589375
2016-07-22,
2016-07-23,0.07980072
2016-07-24,0.08439007
2016-07-25,
2016-07-26,
2016-07-27,
2016-07-28,0.09609912
2016-07-29,0.09444011
2016-07-30,0.08686302
2016-07-31,0.11364454
2016-08-01,0.1071345
2016-08-02,
2016-08-03,0.09594153
2016-08-04,0.10416881
2016-08-05,
2016-08-06,0.09639014
2016-08-07,
2016-08-08,0.07984405
2016-08-09,0.10929652
2016-08-10,
2016-08-11,0.14328188
2016-08-12,
2016-08-13,
2016-08-14,0.12121687
2016-08-15,0.11750331
2016-08-16,0.13813868
2016-08-17,0.10033575
2016-08-18,
2016-08-19,0.08873028
2016-08-20,0.09424814
2016-08-21,
2016-08-22,0.0844146
2016-08-23,
2016-08-24,0.09879808
2016-08-25,0.08497347
2016-08-26,
2016-08-27,0.10952946
2016-08-28,
2016-08-29,0.115730785
2016-08-30,0.123962164
2016-08-31,
2016-09-01,0.13221833
2016-09-02,0.12398205
2016-09-03,
2016-09-04,0.11340173
2016-09-05,0.12912406
2016-09-06,
2016-09-07,
2016-09-08,
2016-09-09,0.10672769
2016-09-10,0.097357295
2016-09-11,
2016-09-12,0.1273729
2016-09-13,
2016-09-14,
2016-09-15,
2016-09-16,
2016-09-17,
2016-09-18,
2016-09-19,0.17088377
2016-09-20,0.19167739
2016-09-21,0.16300687
2016-09-22,
2016-09-23,0.15903352
2016-09-24,
2016-09-25,0.15212382
2016-09-26,0.17272481
2016-09-27,
2016-09-28,0.16332471
2016-09-29,
2016-09-30,
2016-10-01,0.14247312
2016-10-02,
2016-10-03,0.13155502
2016-10-04,0.12543142
2016-10-05,
2016-10-06,0.1479217
2016-10-07,0.1613159
2016-10-08,
2016-10-09,0.17609465
2016-10-10,
2016-10-11,0.14413421
2016-10-12,0.14618139
2016-10-13,
2016-10-14,0.14194328
2016-10-15,
2016-10-16,0.16794474
2016-10-17,0.17615561
2016-10-18,
2016-10-19,
2016-10-20,0.13523737
2016-10-21,
2016-10-22,0.1264208
2016-10-23,0.13896713
2016-10-24,
2016-10-25,0.15746357
2016-10-26,
2016-10-27,
2016-10-28,0.1367721
2016-10-29,
2016-10-30,0.15073946
2016-10-31,
2016-11-01,0.11530963
2016-11-02,0.14410253
2016-11-03,0.1647357
2016-11-04,
2016-11-05,0.17520481
2016-11-06,
2016-11-07,0.18317966
2016-11-08,0.16042987
2016-11-09,
2016-11-10,0.17181703
2016-11-11,
2016-11-12,0.21525972
2016-11-13,0.21091466
2016-11-14,
2016-11-15,0.25273654
2016-11-16,
2016-11-17,0.18724565
2016-11-18,0.19909206
2016-11-19,0.20067807
2016-11-20,0.1806385
2016-11-21,0.16836016
2016-11-22,
2016-11-23,0.1492704
2016-11-24,0.16220474
2016-11-25,
2016-11-26,0.14464338
2016-11-27,
2016-11-28,0.12547404
2016-11-29,0.12601262
2016-11-30,
2016-12-01,0.13737535
2016-12-02,
2016-12-03,0.121718794
2016-12-04,0.123389326
2016-12-05,0.13371542
2016-12-06,0.12683436
2016-12-07,0.11142714
2016-12-08,
2016-12-09,0.082506396
2016-12-10,0.08037673
2016-12-11,
2016-12-12,0.08661572
2016-12-13,
2016-12-14,0.07906695
2016-12-15,0.08153114
2016-12-16,0.08269887
2016-12-17,0.073426664
2016-12-18,
2016-12-19,
2016-12-20,0.07589874
2016-12-21,0.07468518
2016-12-22,0.07396569
2016-12-23,0.07895421
2016-12-24,
2016-12-25,
2016-12-26,0.088769086
2016-12-27,
2016-12-28,0.07797508
2016-12-29,
2016-12-30,0.077552184
2016-12-31,0.07471032
2017-01-01,
2017-01-02,
2017-01-03,
2017-01-04,
2017-01-05,
2017-01-06,0.0582107
2017-01-07,0.054583274
2017-01-08,
2017-01-09,
2017-01-10,
2017-01-11,0.0531007
2017-01-12,
2017-01-13,0.045405913
2017-01-14,
2017-01-15,0.048458785
2017-01-16,0.052446
2017-01-17,
2017-01-18,0.056967232
2017-01-19,
2017-01-20,
2017-01-21,0.04610661
2017-01-22,
2017-01-23,
2017-01-24,
2017-01-25,
2017-01-26,0.044435665
2017-01-27,
2017-01-28,
2017-01-29,
2017-01-30,
2017-01-31,
2017-02-01,0.057024434
2017-02-02,
2017-02-03,
2017-02-04,
2017-02-05,0.06439347
2017-02-06,
2017-02-07,
2017-02-08,0.07535391
2017-02-09,0.08750754
2017-02-10,
2017-02-11,0.07344993
2017-02-12,0.06748585
2017-02-13,
2017-02-14,0.08954595
2017-02-15,
2017-02-16,0.07565363
2017-02-17,0.07590014
2017-02-18,
2017-02-19,0.08733077
2017-02-20,
2017-02-21,
2017-02-22,
2017-02-23,
2017-02-24,
2017-02-25,
2017-02-26,
2017-02-27,
2017-02-28,0.14669286
2017-03-01,
2017-03-02,0.11948186
2017-03-03,
2017-03-04,0.15185235
2017-03-05,0.13918921
2017-03-06,
2017-03-07,0.18425147
2017-03-08,
2017-03-09,0.1754522
2017-03-10,0.15645337
2017-03-11,
2017-03-12,
2017-03-13,0.16816576
2017-03-14,
2017-03-15,0.16774109
2017-03-16,0.17889644
2017-03-17,
2017-03-18,
2017-03-19,
2017-03-20,0.17870446
2017-03-21,0.17676768
2017-03-22,
2017-03-23,0.22696483
2017-03-24,
2017-03-25,
2017-03-26,
2017-03-27,
2017-03-28,
2017-03-29,0.16618617
2017-03-30,
2017-03-31,0.16187225
2017-04-01,0.14947166
2017-04-02,
2017-04-03,0.149923
2017-04-04,
2017-04-05,0.1300016
2017-04-06,0.13752826
2017-04-07,
2017-04-08,0.19214302
2017-04-09,
2017-04-10,0.15420498
2017-04-11,
2017-04-12,0.15898077
2017-04-13,0.15818487
2017-04-14,0.116193645
2017-04-15,
2017-04-16,0.16932274
2017-04-17,0.17111513
2017-04-18,
2017-04-19,
2017-04-20,
2017-04-21,0.15645485
2017-04-22,0.1536215
2017-04-23,
2017-04-24,0.12906332
2017-04-25,
2017-04-26,0.14330214
2017-04-27,0.12649754
2017-04-28,
2017-04-29,
2017-04-30,0.12827936
2017-05-01,
2017-05-02,
2017-05-03,0.1849717
2017-05-04,
2017-05-05,0.22079347
2017-05-06,
2017-05-07,0.23156184
2017-05-08,0.16111556
2017-05-09,
2017-05-10,0.14806242
2017-05-11,
2017-05-12,0.14160971
2017-05-13,0.14447545
2017-05-14,
2017-05-15,0.17315055
2017-05-16,
2017-05-17,
2017-05-18,0.17310809
2017-05-19,0.19161817
2017-05-20,0.17271489
2017-05-21,0.18258074
2017-05-22,
2017-05-23,0.17457874
2017-05-24,0.1704442
2017-05-25,
2017-05-26,0.19451918
2017-05-27,
2017-05-28,0.16908416
2017-05-29,0.16682893
2017-05-30,0.18347763
2017-05-31,0.20628642
2017-06-01,0.1886942
2017-06-02,
2017-06-03,0.17235501
2017-06-04,0.1938728
2017-06-05,0.2168479
2017-06-06,0.19264969
2017-06-07,
2017-06-08,0.14402768
2017-06-09,0.11745094
2017-06-10,0.12093435
2017-06-11,0.11088278
2017-06-12,
2017-06-13,0.093950495
2017-06-14,0.0951309
2017-06-15,0.10535945
2017-06-16,0.12897292
2017-06-17,0.12973656
2017-06-18,0.12475641
2017-06-19,0.122282945
2017-06-20,0.13348447
2017-06-21,
2017-06-22,0.1762799
2017-06-23,
2017-06-24,0.14716259
2017-06-25,0.13363276
2017-06-26,
2017-06-27,0.1327683
2017-06-28,
2017-06-29,0.11135685
2017-06-30,0.11996844
2017-07-01,0.12647322
2017-07-02,0.15011387
2017-07-03,0.13552178
2017-07-04,
2017-07-05,
2017-07-06,0.12900865
2017-07-07,
2017-07-08,0.13586049
2017-07-09,
2017-07-10,0.13066289
2017-07-11,0.118458666
2017-07-12,0.13493465
2017-07-13,
2017-07-14,
2017-07-15,
2017-07-16,0.07242617
2017-07-17,
2017-07-18,0.13180809
2017-07-19,0.07649237
2017-07-20,
2017-07-21,0.11876282
2017-07-22,
2017-07-23,0.1366078
2017-07-24,
2017-07-25,
2017-07-26,0.14254628
2017-07-27,0.13829553
2017-07-28,
2017-07-29,0.16276877
2017-07-30,
2017-07-31,0.11327007
2017-08-01,0.10244005
2017-08-02,
2017-08-03,0.10559964
2017-08-04,0.06483863
2017-08-05,
2017-08-06,0.08601162
2017-08-07,0.074494034
2017-08-08,0.084768616
2017-08-09,0.07717344
2017-08-10,
2017-08-11,0.07074532
2017-08-12,0.08204812
2017-08-13,
2017-08-14,0.08139018
2017-08-15,
2017-08-16,0.10524565
2017-08-17,0.131028
2017-08-18,
2017-08-19,0.15276602
2017-08-20,
2017-08-21,
2017-08-22,
2017-08-23,0.11989801
2017-08-24,
2017-08-25,0.1537243
2017-08-26,
2017-08-27,
2017-08-28,0.14743797
2017-08-29,
2017-08-30,0.187277
2017-08-31,
2017-09-01,0.14677107
2017-09-02,0.14664826
2017-09-03,0.14676578
2017-09-04,
2017-09-05,0.14586948
2017-09-06,
2017-09-07,0.12504329
2017-09-08,0.105983995
2017-09-09,
2017-09-10,0.16420703
2017-09-11,
2017-09-12,0.13843241
2017-09-13,0.15053207
2017-09-14,
2017-09-15,
2017-09-16,
2017-09-17,
2017-09-18,
2017-09-19,
2017-09-20,0.21591158
2017-09-21,
2017-09-22,
2017-09-23,0.12879641
2017-09-24,0.14261049
2017-09-25,
2017-09-26,0.18093264
2017-09-27,
2017-09-28,0.20074713
2017-09-29,0.23053344
2017-09-30,
2017-10-01,0.21894337
2017-10-02,
2017-10-03,0.15468031
2017-10-04,0.17479193
2017-10-05,0.16132775
2017-10-06,
2017-10-07,
2017-10-08,
2017-10-09,0.16717754
2017-10-10,0.1968511
2017-10-11,
2017-10-12,0.19109397
2017-10-13,
2017-10-14,0.17177618
2017-10-15,0.16979529
2017-10-16,
2017-10-17,
2017-10-18,
2017-10-19,0.18096705
2017-10-20,0.16318485
2017-10-21,0.15475959
2017-10-22,
2017-10-23,0.14582227
2017-10-24,
2017-10-25,0.17840707
2017-10-26,0.16539785
2017-10-27,
2017-10-28,
2017-10-29,
2017-10-30,0.1416057
2017-10-31,0.14762728
2017-11-01,
2017-11-02,0.20650995
2017-11-03,
2017-11-04,0.1692608
2017-11-05,0.13526495
2017-11-06,0.14820242
2017-11-07,
2017-11-08,0.14971454
2017-11-09,
2017-11-10,0.17113739
2017-11-11,
2017-11-12,
2017-11-13,0.26793915
2017-11-14,
2017-11-15,
2017-11-16,0.20003186
2017-11-17,
2017-11-18,0.2214475
2017-11-19,
2017-11-20,
2017-11-21,0.16999353
2017-11-22,0.14604898
2017-11-23,0.1357966
2017-11-24,0.13137001
2017-11-25,
2017-11-26,0.12553614
2017-11-27,0.11947834
2017-11-28,0.14177139
2017-11-29,
2017-11-30,
2017-12-01,
2017-12-02,
2017-12-03,
2017-12-04,
2017-12-05,
2017-12-06,0.13813582
2017-12-07,0.15592313
2017-12-08,0.18053296
2017-12-09,
2017-12-10,
2017-12-11,
2017-12-12,
2017-12-13,0.15874594
2017-12-14,
2017-12-15,0.15155594
2017-12-16,
2017-12-17,
2017-12-18,0.056653816
2017-12-19,
2017-12-20,
2017-12-21,
2017-12-22,
2017-12-23,
2017-12-24,0.069520496
2017-12-25,
2017-12-26,
2017-12-27,
2017-12-28,0.06845805
2017-12-29,0.07330715
2017-12-30,
2017-12-31,
2018-01-01,
2018-01-02,0.06989779
2018-01-03,0.071461245
2018-01-04,
2018-01-05,0.0806592
2018-01-06,
2018-01-07,0.06519678
2018-01-08,0.06437949
2018-01-09,0.07441363
2018-01-10,0.0732963
2018-01-11,0.0764849
2018-01-12,
2018-01-13,0.071477704
2018-01-14,0.081868306
2018-01-15,
2018-01-16,0.07806945
2018-01-17,
2018-01-18,0.119529136
2018-01-19,0.113538496
2018-01-20,
2018-01-21,0.17408845
2018-01-22,
2018-01-23,
2018-01-24,
2018-01-25,
2018-01-26,
2018-01-27,
2018-01-28,
2018-01-29,0.22168812
2018-01-30,
2018-01-31,
2018-02-01,
2018-02-02,
2018-02-03,
2018-02-04,0.14644791
2018-02-05,
2018-02-06,0.25338504
2018-02-07,
2018-02-08,0.13390628
2018-02-09,0.14828607
2018-02-10,
2018-02-11,0.18085246
2018-02-12,0.16851813
2018-02-13,0.12708113
2018-02-14,0.12736332
2018-02-15,
2018-02-16,
2018-02-17,
2018-02-18,
2018-02-19,
2018-02-20,0.086685896
2018-02-21,
2018-02-22,0.07488073
2018-02-23,
2018-02-24,0.07805247
2018-02-25,0.065557346
2018-02-26,
2018-02-27,
2018-02-28,
2018-03-01,
2018-03-02,0.060313728
2018-03-03,0.07137126
2018-03-04,
2018-03-05,0.07413754
2018-03-06,
2018-03-07,
2018-03-08,0.09130045
2018-03-09,
2018-03-10,
2018-03-11,
2018-03-12,
2018-03-13,
2018-03-14,
2018-03-15,
2018-03-16,
2018-03-17,
2018-03-18,
2018-03-19,
2018-03-20,
2018-03-21,0.06900781
2018-03-22,
2018-03-23,
2018-03-24,
2018-03-25,
2018-03-26,
2018-03-27,
2018-03-28,
2018-03-29,
2018-03-30,
2018-03-31,
2018-04-01,
2018-04-02,
2018-04-03,0.05709598
2018-04-04,0.057563234
2018-04-05,
2018-04-06,0.07251777
2018-04-07,
2018-04-08,0.06977129
2018-04-09,0.06511443
2018-04-10,
2018-04-11,0.083304405
2018-04-12,
2018-04-13,0.078818664
2018-04-14,0.061439183
2018-04-15,
2018-04-16,0.07862291
2018-04-17,0.06842293
2018-04-18,
2018-04-19,0.064320475
2018-04-20,
2018-04-21,
2018-04-22,
2018-04-23,
2018-04-24,
2018-04-25,
2018-04-26,
2018-04-27,0.062244166
2018-04-28,
2018-04-29,
2018-04-30,0.059247766
2018-05-01,0.0588302
2018-05-02,0.056555923
2018-05-03,0.05729736
2018-05-04,
2018-05-05,
2018-05-06,0.059369348
2018-05-07,0.069672115
2018-05-08,0.059539933
2018-05-09,
2018-05-10,0.057669017
2018-05-11,0.051670622
2018-05-12,
2018-05-13,0.06118148
2018-05-14,
2018-05-15,
2018-05-16,0.059492026
2018-05-17,0.05963513
2018-05-18,0.076132394
2018-05-19,0.057763543
2018-05-20,
2018-05-21,0.07146996
2018-05-22,0.056070812
2018-05-23,0.07385043
2018-05-24,0.072034225
2018-05-25,
2018-05-26,0.07451445
2018-05-27,0.075170554
2018-05-28,
2018-05-29,0.07903187
2018-05-30,
2018-05-31,
2018-06-01,0.07496039
2018-06-02,0.08681907
2018-06-03,0.087415256
2018-06-04,0.10216343
2018-06-05,
2018-06-06,0.103570774
2018-06-07,0.10134931
2018-06-08,0.12522139
2018-06-09,0.08991674
2018-06-10,
2018-06-11,0.09749679
2018-06-12,
2018-06-13,0.10895608
2018-06-14,0.11087627
2018-06-15,
2018-06-16,0.087197706
2018-06-17,0.12306069
2018-06-18,0.11938731
2018-06-19,0.11806962
2018-06-20,0.09009965
2018-06-21,0.1295052
2018-06-22,0.11328189
2018-06-23,0.10343504
2018-06-24,0.11638123
2018-06-25,0.0902676
2018-06-26,
2018-06-27,0.07855793
2018-06-28,0.073270015
2018-06-29,
2018-06-30,0.068471886
2018-07-01,
2018-07-02,0.06913932
2018-07-03,
2018-07-04,0.087204136
2018-07-05,0.087376885
2018-07-06,0.08113149
2018-07-07,0.06591813
2018-07-08,
2018-07-09,0.08349181
2018-07-10,
2018-07-11,
2018-07-12,
2018-07-13,0.09531765
2018-07-14,0.09219888
2018-07-15,
2018-07-16,0.09185139
2018-07-17,
2018-07-18,
2018-07-19,0.08951317
2018-07-20,
2018-07-21,0.0905422
2018-07-22,0.0880168
2018-07-23,
2018-07-24,0.083872005
2018-07-25,0.060084566
2018-07-26,0.09738612
2018-07-27,0.08589079
2018-07-28,
2018-07-29,0.07084638
2018-07-30,0.07102857
2018-07-31,0.06907723
2018-08-01,0.06564923
2018-08-02,
2018-08-03,0.050342765
2018-08-04,0.04918003
2018-08-05,0.05813792
2018-08-06,0.059487935
2018-08-07,0.048623715
2018-08-08,
2018-08-09,0.054838374
2018-08-10,0.052238107
2018-08-11,
2018-08-12,0.04507146
2018-08-13,
2018-08-14,0.043674454
2018-08-15,0.03831583
2018-08-16,
2018-08-17,0.05171931
2018-08-18,
2018-08-19,0.046945143
2018-08-20,
2018-08-21,0.0528089
2018-08-22,0.04604203
2018-08-23,0.04636658
2018-08-24,
2018-08-25,0.03887962
2018-08-26,0.035047952
2018-08-27,
2018-08-28,
2018-08-29,
2018-08-30,
2018-08-31,0.022856684
2018-09-01,
2018-09-02,0.040158227
2018-09-03,
2018-09-04,0.041683715
2018-09-05,0.04516099
2018-09-06,
2018-09-07,
2018-09-08,0.04997874
2018-09-09,
2018-09-10,0.045141496
2018-09-11,0.041142
2018-09-12,
2018-09-13,0.047308307
2018-09-14,
2018-09-15,
2018-09-16,
2018-09-17,
2018-09-18,0.049508985
2018-09-19,
2018-09-20,0.050514005
2018-09-21,0.045348715
2018-09-22,
2018-09-23,
2018-09-24,
2018-09-25,
2018-09-26,
2018-09-27,0.04852541
2018-09-28,
2018-09-29,0.052055947
2018-09-30,
2018-10-01,0.043837257
2018-10-02,0.043489065
2018-10-03,
2018-10-04,
2018-10-05,
2018-10-06,0.04351627
2018-10-07,0.038396392
2018-10-08,0.044722024
2018-10-09,
2018-10-10,0.042098757
2018-10-11,
2018-10-12,0.03979636
2018-10-13,
2018-10-14,
2018-10-15,0.041486714
2018-10-16,
2018-10-17,
2018-10-18,0.043085195
2018-10-19,
2018-10-20,0.055092026
2018-10-21,
2018-10-22,0.03454347
2018-10-23,0.0398224
2018-10-24,0.044045523
2018-10-25,
2018-10-26,
2018-10-27,
2018-10-28,
2018-10-29,0.04165266
2018-10-30,
2018-10-31,
2018-11-01,
2018-11-02,
2018-11-03,0.042503983
2018-11-04,
2018-11-05,0.03976605
2018-11-06,
2018-11-07,
2018-11-08,0.036135644
2018-11-09,
2018-11-10,
2018-11-11,
2018-11-12,
2018-11-13,0.03715543
2018-11-14,
2018-11-15,
2018-11-16,
2018-11-17,
2018-11-18,
2018-11-19,0.04896034
2018-11-20,
2018-11-21,
2018-11-22,
2018-11-23,0.03637745
2018-11-24,0.036547568
2018-11-25,0.044238795
2018-11-26,
2018-11-27,
2018-11-28,
2018-11-29,0.05881849
2018-11-30,
2018-12-01,
2018-12-02,0.056063745
2018-12-03,
2018-12-04,0.037556805
2018-12-05,
2018-12-06,0.052630547
2018-12-07,0.04924425
2018-12-08,
2018-12-09,0.043205258
2018-12-10,0.04376406
2018-12-11,
2018-12-12,
2018-12-13,0.038566995
2018-12-14,
2018-12-15,
2018-12-16,
2018-12-17,
2018-12-18,0.039246634
2018-12-19,
2018-12-20,
2018-12-21,
2018-12-22,0.050606575
2018-12-23,0.04218746
2018-12-24,
2018-12-25,
2018-12-26,0.042892184
2018-12-27,
2018-12-28,
2018-12-29,
2018-12-30,
2018-12-31,
2019-01-01,
2019-01-02,
2019-01-03,
2019-01-04,
2019-01-05,
2019-01-06,0.04653855
2019-01-07,
2019-01-08,
2019-01-09,
2019-01-10,0.045138754
2019-01-11,
2019-01-12,
2019-01-13,
2019-01-14,
2019-01-15,
2019-01-16,
2019-01-17,0.054810993
2019-01-18,
2019-01-19,
2019-01-20,
2019-01-21,
2019-01-22,
2019-01-23,
2019-01-24,0.051416446
2019-01-25,
2019-01-26,0.044625282
2019-01-27,
2019-01-28,
2019-01-29,
2019-01-30,
2019-01-31,
2019-02-01,
2019-02-02,
2019-02-03,
2019-02-04,0.04608953
2019-02-05,
2019-02-06,
2019-02-07,
2019-02-08,
2019-02-09,
2019-02-10,
2019-02-11,
2019-02-12,
2019-02-13,
2019-02-14,
2019-02-15,
2019-02-16,
2019-02-17,
2019-02-18,0.082377546
2019-02-19,
2019-02-20,0.06589974
2019-02-21,
2019-02-22,0.07308407
2019-02-23,
2019-02-24,
2019-02-25,0.08893621
2019-02-26,
2019-02-27,0.080398984
2019-02-28,0.06405274
2019-03-01,
2019-03-02,
2019-03-03,0.060745865
2019-03-04,
2019-03-05,
2019-03-06,0.0732391
2019-03-07,
2019-03-08,
2019-03-09,
2019-03-10,0.05888963
2019-03-11,0.059000414
2019-03-12,
2019-03-13,0.06078438
2019-03-14,
2019-03-15,
2019-03-16,
2019-03-17,
2019-03-18,
2019-03-19,0.06631907
2019-03-20,
2019-03-21,
2019-03-22,
2019-03-23,
2019-03-24,
2019-03-25,
2019-03-26,0.04557789
2019-03-27,
2019-03-28,
2019-03-29,
2019-03-30,
2019-03-31,0.060564607
2019-04-01,0.06960561
2019-04-02,
2019-04-03,
2019-04-04,
2019-04-05,
2019-04-06,
2019-04-07,
2019-04-08,
2019-04-09,0.058611985
2019-04-10,
2019-04-11,0.063070975
2019-04-12,
2019-04-13,
2019-04-14,0.058889836
2019-04-15,
2019-04-16,0.058243815
2019-04-17,
2019-04-18,
2019-04-19,
2019-04-20,
2019-04-21,
2019-04-22,0.059188064
2019-04-23,
2019-04-24,
2019-04-25,0.06245746
2019-04-26,
2019-04-27,0.05204359
2019-04-28,0.056049697
2019-04-29,
2019-04-30,
2019-05-01,
2019-05-02,0.05995449
2019-05-03,0.059909154
2019-05-04,
2019-05-05,
2019-05-06,
2019-05-07,
2019-05-08,0.082901224
2019-05-09,0.0791338
2019-05-10,0.080041304
2019-05-11,0.07057291
2019-05-12,
