2012-01-02,0.20456183
2012-01-03,0.20387806
2012-01-04,
2012-01-05,0.21697287
2012-01-06,
2012-01-07,0.16087526
2012-01-08,0.15004493
2012-01-09,
2012-01-10,0.21824503
2012-01-11,0.2379111
2012-01-12,0.21825466
2012-01-13,0.22688138
2012-01-14,0.21398354
2012-01-15,
2012-01-16,0.25325915
2012-01-17,
2012-01-18,0.23366418
2012-01-19,0.18851182
2012-01-20,
2012-01-21,0.19571327
2012-01-22,
2012-01-23,0.20717753
2012-01-24,0.2181285
2012-01-25,
2012-01-26,0.2551568
2012-01-27,0.16614659
2012-01-28,0.2109528
2012-01-29,0.18117572
2012-01-30,0.17566423
2012-01-31,
2012-02-01,0.19515577
2012-02-02,
2012-02-03,0.20808667
2012-02-04,0.32353517
2012-02-05,
2012-02-06,0.37658796
2012-02-07,
2012-02-08,0.31916457
2012-02-09,0.31735298
2012-02-10,
2012-02-11,0.3193011
2012-02-12,0.30671647
2012-02-13,0.2579444
2012-02-14,0.28526184
2012-02-15,0.29938188
2012-02-16,
2012-02-17,0.20255157
2012-02-18,
2012-02-19,0.15921718
2012-02-20,0.1321869
2012-02-21,
2012-02-22,0.1269522
2012-02-23,
2012-02-24,0.18456282
2012-02-25,0.20434879
2012-02-26,
2012-02-27,0.17552154
2012-02-28,0.20003669
2012-02-29,0.21302815
2012-03-01,0.22642817
2012-03-02,0.25765288
2012-03-03,
2012-03-04,0.16117685
2012-03-05,
2012-03-06,0.189572
2012-03-07,0.23784421
2012-03-08,
2012-03-09,0.2867497
2012-03-10,
2012-03-11,0.22830014
2012-03-12,0.17312582
2012-03-13,
2012-03-14,0.19046925
2012-03-15,0.1968079
2012-03-16,0.17646207
2012-03-17,0.21130286
2012-03-18,0.19131145
2012-03-19,
2012-03-20,0.28906718
2012-03-21,
2012-03-22,0.29037473
2012-03-23,0.31164578
2012-03-24,
2012-03-26,
2012-03-27,0.36308312
2012-03-28,0.4291673
2012-03-29,
2012-03-30,0.17824775
2012-03-31,0.32239717
2012-04-01,0.27991956
2012-04-02,
2012-04-03,0.27391165
2012-04-04,
2012-04-05,0.22857656
2012-04-06,
2012-04-07,0.19991188
2012-04-08,0.15794481
2012-04-09,
2012-04-10,0.1951963
2012-04-11,
2012-04-12,0.18175675
2012-04-13,0.15297858
2012-04-14,
2012-04-15,0.24397336
2012-04-16,0.23507072
2012-04-17,0.19243044
2012-04-18,0.21077497
2012-04-19,0.20790507
2012-04-20,
2012-04-21,0.23372999
2012-04-22,
2012-04-23,0.23228419
2012-04-24,0.18700457
2012-04-25,
2012-04-26,0.1788817
2012-04-27,
2012-04-28,0.19475041
2012-04-29,0.18604916
2012-04-30,
2012-05-01,0.17036618
2012-05-02,0.18262343
2012-05-03,
2012-05-04,0.1615336
2012-05-05,0.19668256
2012-05-06,
2012-05-07,0.2021196
2012-05-08,
2012-05-09,0.16682215
2012-05-10,0.23966977
2012-05-11,
2012-05-12,0.23388125
2012-05-13,
2012-05-14,0.24131203
2012-05-15,0.23079075
2012-05-16,
2012-05-17,0.21314648
2012-05-18,0.1891209
2012-05-19,
2012-05-20,0.1710211
2012-05-21,0.17323129
2012-05-22,0.22331277
2012-05-23,0.20984924
2012-05-24,
2012-05-25,0.16882728
2012-05-26,0.17081156
2012-05-27,
2012-05-28,0.16636813
2012-05-29,
2012-05-30,0.16250144
2012-05-31,0.15992422
2012-06-01,
2012-06-02,0.16329639
2012-06-03,0.14012967
2012-06-04,0.15864858
2012-06-05,0.17618176
2012-06-06,0.19635203
2012-06-07,0.20811298
2012-06-08,0.14615287
2012-06-09,
2012-06-10,0.15369807
2012-06-11,0.15814899
2012-06-12,
2012-06-13,0.1600803
2012-06-14,
2012-06-15,
2012-06-16,0.17166321
2012-06-17,0.17285459
2012-06-18,0.20237729
2012-06-19,0.20269975
2012-06-20,0.16460836
2012-06-21,
2012-06-22,0.15369742
2012-06-23,0.1577961
2012-06-24,0.16475004
2012-06-25,
2012-06-26,0.17478102
2012-06-27,0.18227166
2012-06-28,
2012-06-29,0.16445549
2012-06-30,
2012-07-01,0.21713391
2012-07-02,0.21918349
2012-07-03,
2012-07-04,0.18760978
2012-07-05,0.2228372
2012-07-06,0.2597352
2012-07-07,0.25355217
2012-07-08,0.25082967
2012-07-09,0.19647537
2012-07-10,
2012-07-11,
2012-07-12,0.23648806
2012-07-13,0.22747542
2012-07-14,
2012-07-15,0.26782885
2012-07-16,
2012-07-17,0.1696647
2012-07-18,0.18375184
2012-07-19,
2012-07-20,0.21413597
2012-07-21,
2012-07-22,
2012-07-23,0.22059864
2012-07-24,0.21706632
2012-07-25,0.19820127
2012-07-26,0.16882063
2012-07-27,
2012-07-28,0.20418014
2012-07-29,0.19881366
2012-07-30,
2012-07-31,0.25182274
2012-08-01,
2012-08-02,
2012-08-03,0.19164716
2012-08-04,
2012-08-05,0.22398312
2012-08-06,0.19955945
2012-08-07,0.20202354
2012-08-08,0.20174702
2012-08-09,0.19898367
2012-08-10,0.19829331
2012-08-11,0.1690999
2012-08-12,
2012-08-13,0.16375194
2012-08-14,0.16884953
2012-08-15,
2012-08-16,
2012-08-17,
2012-08-18,
2012-08-19,0.18676047
2012-08-20,
2012-08-21,0.23606001
2012-08-22,0.23279347
2012-08-23,0.21178262
2012-08-24,0.1999575
2012-08-25,0.18852922
2012-08-26,
2012-08-27,0.19728261
2012-08-28,
2012-08-29,0.1792483
2012-08-30,0.2155598
2012-08-31,
2012-09-01,0.23358473
2012-09-02,
2012-09-03,0.13341153
2012-09-04,0.19919942
2012-09-05,
2012-09-06,
2012-09-07,
2012-09-08,
2012-09-09,0.16253844
2012-09-10,0.16458729
2012-09-11,
2012-09-12,0.18678766
2012-09-13,
2012-09-14,0.19408812
2012-09-15,0.15981314
2012-09-16,
2012-09-17,0.22883303
2012-09-18,
2012-09-19,0.1747647
2012-09-20,0.16495323
2012-09-21,
2012-09-22,
2012-09-23,
2012-09-24,0.18473518
2012-09-25,0.25018847
2012-09-26,0.19017158
2012-09-27,
2012-09-28,0.22660929
2012-09-29,
2012-09-30,0.22645985
2012-10-01,0.23049495
2012-10-02,
2012-10-03,0.25689825
2012-10-04,
2012-10-05,0.21146758
2012-10-06,0.19454151
2012-10-07,
2012-10-08,
2012-10-09,
2012-10-10,0.19991508
2012-10-11,0.22118446
2012-10-12,0.24391893
2012-10-13,
2012-10-14,0.28213963
2012-10-15,
2012-10-16,0.25298136
2012-10-17,0.23185778
2012-10-18,
2012-10-19,
2012-10-20,
2012-10-21,0.23482724
2012-10-22,0.23761578
2012-10-23,
2012-10-24,
2012-10-25,0.23376036
2012-10-26,
2012-10-27,0.19045101
2012-10-28,0.19323163
2012-10-29,
2012-10-30,0.23503199
2012-10-31,
2012-11-01,0.19160068
2012-11-02,0.20591708
2012-11-03,
2012-11-04,0.2813329
2012-11-05,
2012-11-06,0.19552374
2012-11-07,0.18241182
2012-11-08,
2012-11-09,
2012-11-10,0.24869609
2012-11-11,0.22953156
2012-11-12,0.24629204
2012-11-13,0.21670516
2012-11-14,
2012-11-15,0.14478919
2012-11-16,
2012-11-17,0.17189409
2012-11-18,0.17470077
2012-11-19,
2012-11-20,
2012-11-21,
2012-11-22,0.17089641
2012-11-23,0.1828423
2012-11-24,
2012-11-25,
2012-11-26,
2012-11-27,
2012-11-28,0.2279918
2012-11-29,0.21890357
2012-11-30,
2012-12-01,0.27936256
2012-12-02,
2012-12-03,0.21705806
2012-12-04,0.20979144
2012-12-05,
2012-12-06,0.18404174
2012-12-07,
2012-12-08,0.17912713
2012-12-09,0.15996993
2012-12-10,
2012-12-11,
2012-12-12,0.17689474
2012-12-13,0.19103666
2012-12-14,0.19404389
2012-12-15,0.21650115
2012-12-16,
2012-12-17,0.21659006
2012-12-18,
2012-12-19,0.18268469
2012-12-20,0.1834795
2012-12-21,
2012-12-22,0.19106968
2012-12-23,
2012-12-24,0.13160835
2012-12-25,0.14435463
2012-12-26,
2012-12-27,0.16348407
2012-12-28,0.19163331
2012-12-29,0.18815161
2012-12-30,0.23100248
2012-12-31,0.2327975
2013-01-01,
2013-01-02,0.2029757
2013-01-03,
2013-01-04,0.17613089
2013-01-05,0.17533156
2013-01-06,
2013-01-07,0.15973046
2013-01-08,
2013-01-09,
2013-01-10,0.18691507
2013-01-11,
2013-01-12,0.23293056
2013-01-13,0.22484533
2013-01-14,0.19049849
2013-01-15,0.21190818
2013-01-16,0.24478503
2013-01-17,
2013-01-18,0.26168463
2013-01-19,
2013-01-20,0.24249952
2013-01-21,0.17035352
2013-01-22,
2013-01-23,0.18732788
2013-01-24,
2013-01-25,0.17954901
2013-01-26,0.17516969
2013-01-27,
2013-01-28,0.19480199
2013-01-29,0.19266053
2013-01-30,
2013-01-31,0.20051758
2013-02-01,0.19969375
2013-02-02,
2013-02-03,
2013-02-04,
2013-02-05,0.16120097
2013-02-06,0.16854943
2013-02-07,
2013-02-08,0.24980345
2013-02-09,
2013-02-10,0.17994499
2013-02-11,0.18593015
2013-02-12,
2013-02-13,0.2428313
2013-02-14,0.2423381
2013-02-15,0.20574936
2013-02-16,0.21995477
2013-02-17,
2013-02-18,
2013-02-19,0.20607027
2013-02-20,
2013-02-21,0.2037884
2013-02-22,0.17412429
2013-02-23,
2013-02-24,0.22352959
2013-02-25,
2013-02-26,0.14444461
2013-02-27,0.14746296
2013-02-28,
2013-03-01,0.22096422
2013-03-02,0.14397997
2013-03-03,0.16338597
2013-03-04,0.16569842
2013-03-05,0.19463791
2013-03-06,
2013-03-07,0.19701219
2013-03-08,
2013-03-09,0.16037464
2013-03-10,0.15188055
2013-03-11,
2013-03-12,0.19838767
2013-03-13,
2013-03-14,0.16853541
2013-03-15,0.15687206
2013-03-16,
2013-03-17,0.15313289
2013-03-18,0.1059018
2013-03-19,
2013-03-20,
2013-03-21,0.1380591
2013-03-22,
2013-03-23,0.15737285
2013-03-24,
2013-03-25,0.17988022
2013-03-26,0.19090322
2013-03-27,
2013-03-28,0.22394732
2013-03-29,
2013-03-30,0.1994117
2013-03-31,0.23458685
2013-04-01,
2013-04-02,0.22776565
2013-04-03,0.25088912
2013-04-04,0.15869538
2013-04-05,0.16524832
2013-04-06,
2013-04-07,
2013-04-08,0.25550148
2013-04-09,
2013-04-10,0.26461554
2013-04-11,0.26898748
2013-04-12,
2013-04-13,0.20392168
2013-04-14,
2013-04-15,
2013-04-16,0.17952979
2013-04-17,
2013-04-18,0.22775781
2013-04-19,0.14477241
2013-04-20,0.22995022
2013-04-21,0.25258124
2013-04-22,0.26011193
2013-04-23,
2013-04-24,
2013-04-25,
2013-04-26,0.27691928
2013-04-27,0.25200564
2013-04-28,
2013-04-29,0.21000756
2013-04-30,
2013-05-01,0.21584927
2013-05-02,0.19773856
2013-05-03,
2013-05-04,0.2343727
2013-05-05,
2013-05-06,
2013-05-07,0.20240302
2013-05-08,0.21746978
2013-05-09,
2013-05-10,0.23462318
2013-05-11,
2013-05-12,0.22807115
2013-05-13,0.22882177
2013-05-14,
2013-05-15,
2013-05-16,
2013-05-17,0.19596136
2013-05-18,0.17527778
2013-05-19,
2013-05-20,0.18683839
2013-05-21,0.19346714
2013-05-22,
2013-05-23,0.22058234
2013-05-24,0.22197749
2013-05-25,0.2585726
2013-05-26,0.23310858
2013-05-27,
2013-05-28,0.20374377
2013-05-29,0.20128724
2013-05-30,
2013-05-31,0.20083739
2013-06-01,
2013-06-02,
2013-06-03,0.20063138
2013-06-04,
2013-06-05,0.23127165
2013-06-06,0.24219622
2013-06-07,0.23365015
2013-06-08,0.22338912
2013-06-09,0.25155228
2013-06-10,0.24057959
2013-06-11,0.17527044
2013-06-12,
2013-06-13,0.26554346
2013-06-14,0.2273539
2013-06-15,
2013-06-16,0.23770192
2013-06-17,
2013-06-18,0.24352475
2013-06-19,
2013-06-20,
2013-06-21,0.22176303
2013-06-22,0.23036395
2013-06-23,0.23434547
2013-06-24,0.23860602
2013-06-25,0.25376332
2013-06-26,0.2398762
2013-06-27,0.24522682
2013-06-28,
2013-06-29,
2013-06-30,0.15089351
2013-07-01,
2013-07-02,0.19617718
2013-07-03,
2013-07-04,0.2081731
2013-07-05,0.24481599
2013-07-06,0.29627553
2013-07-07,0.25581247
2013-07-08,0.26045617
2013-07-09,
2013-07-10,0.21358721
2013-07-11,0.1841813
2013-07-12,0.1953161
2013-07-13,0.22163536
2013-07-14,
2013-07-15,0.16933663
2013-07-16,
2013-07-17,
2013-07-18,0.29052716
2013-07-19,
2013-07-20,0.2680581
2013-07-21,0.25031248
2013-07-22,
2013-07-23,0.26500723
2013-07-24,0.2730315
2013-07-25,0.23566851
2013-07-26,0.23723179
2013-07-27,0.2097757
2013-07-28,0.19292168
2013-07-29,0.20440441
2013-07-30,
2013-07-31,0.18312886
2013-08-01,0.16395889
2013-08-02,
2013-08-03,
2013-08-04,
2013-08-05,0.22445028
2013-08-06,0.2241018
2013-08-07,
2013-08-08,0.24869049
2013-08-09,0.21741113
2013-08-10,
2013-08-11,0.21613164
2013-08-12,0.17911236
2013-08-13,
2013-08-14,
2013-08-15,
2013-08-16,0.21144131
2013-08-17,0.22499496
2013-08-18,
2013-08-19,0.2578595
2013-08-20,
2013-08-21,0.25896028
2013-08-22,0.26485214
2013-08-23,
2013-08-24,0.27317452
2013-08-25,0.27304268
2013-08-26,0.24041286
2013-08-27,0.23423783
2013-08-28,0.20328273
2013-08-29,
2013-08-30,0.18865597
2013-08-31,
2013-09-01,0.17697547
2013-09-02,0.16711836
2013-09-03,
2013-09-04,0.18860471
2013-09-05,
2013-09-06,0.16376908
2013-09-07,0.14910702
2013-09-08,
2013-09-09,
2013-09-10,0.19321188
2013-09-11,0.20163399
2013-09-12,0.2264373
2013-09-13,0.22626859
2013-09-14,
2013-09-15,0.269934
2013-09-16,
2013-09-17,0.1890622
2013-09-18,0.18157344
2013-09-19,
2013-09-20,
2013-09-21,
2013-09-22,0.15395999
2013-09-23,0.2065139
2013-09-24,
2013-09-25,
2013-09-26,0.20106782
2013-09-27,
2013-09-28,0.19126156
2013-09-29,0.18953852
2013-09-30,
2013-10-01,0.21082942
2013-10-02,
2013-10-03,0.17558488
2013-10-04,0.18924087
2013-10-05,
2013-10-06,
2013-10-07,
2013-10-08,0.19227248
2013-10-09,0.18236627
2013-10-10,
2013-10-11,
2013-10-12,0.20971923
2013-10-13,0.19187577
2013-10-14,0.21520254
2013-10-15,0.2082285
2013-10-16,
2013-10-17,0.22321099
2013-10-18,
2013-10-19,0.21316993
2013-10-20,0.21910855
2013-10-21,
2013-10-22,0.26977256
2013-10-23,
2013-10-24,0.23835246
2013-10-25,0.22651508
2013-10-26,
2013-10-27,
2013-10-28,
2013-10-29,0.18598665
2013-10-30,0.1785482
2013-10-31,0.12834807
2013-11-01,
2013-11-02,
2013-11-03,
2013-11-04,0.13341367
2013-11-05,0.12115452
2013-11-06,
2013-11-07,
2013-11-08,
2013-11-09,
2013-11-10,0.15568534
2013-11-11,
2013-11-12,
2013-11-13,0.24915634
2013-11-14,0.1908787
2013-11-15,0.19215696
2013-11-16,0.17176595
2013-11-17,
2013-11-18,
2013-11-19,
2013-11-20,0.17026398
2013-11-21,0.16183603
2013-11-22,
2013-11-23,0.17817931
2013-11-24,
2013-11-25,
2013-11-26,0.1772245
2013-11-27,
2013-11-28,
2013-11-29,0.19169012
2013-11-30,0.15703425
2013-12-01,0.12153748
2013-12-02,0.16686442
2013-12-03,
2013-12-04,0.19658512
2013-12-05,
2013-12-06,0.18425044
2013-12-07,0.2002183
2013-12-08,
2013-12-09,0.24149024
2013-12-10,
2013-12-11,0.17660132
2013-12-12,0.16675098
2013-12-13,
2013-12-14,
2013-12-15,0.1993911
2013-12-16,
2013-12-17,0.18560082
2013-12-18,0.18680191
2013-12-19,
2013-12-20,0.22213185
2013-12-21,
2013-12-22,0.18564452
2013-12-23,0.17510097
2013-12-24,
2013-12-25,0.20245259
2013-12-26,
2013-12-27,0.21740463
2013-12-28,0.24498433
2013-12-29,
2013-12-30,0.26111826
2013-12-31,0.21932773
2014-01-01,0.20487352
2014-01-02,0.18900254
2014-01-03,0.17875831
2014-01-04,
2014-01-05,0.18624114
2014-01-06,
2014-01-07,0.16372637
2014-01-08,0.1633597
2014-01-09,
2014-01-10,0.18060122
2014-01-11,
2014-01-12,0.19991693
2014-01-13,0.19214986
2014-01-14,
2014-01-15,0.2573489
2014-01-16,0.22025281
2014-01-17,0.19080576
2014-01-18,0.17702377
2014-01-19,0.17023666
2014-01-20,
2014-01-21,0.2234137
2014-01-22,
2014-01-23,0.21065085
2014-01-24,0.20594428
2014-01-25,
2014-01-26,0.23302487
2014-01-27,
2014-01-28,0.19806659
2014-01-29,0.19966958
2014-01-30,
2014-01-31,0.23897095
2014-02-01,0.23357543
2014-02-02,0.20302816
2014-02-03,0.1988848
2014-02-04,0.19091286
2014-02-05,
2014-02-06,0.18987463
2014-02-07,
2014-02-08,0.17557141
2014-02-09,0.19810681
2014-02-10,
2014-02-11,0.24319775
2014-02-12,
2014-02-13,0.21808943
2014-02-14,0.23614244
2014-02-15,
2014-02-16,
2014-02-17,0.22465557
2014-02-18,0.16787985
2014-02-19,0.18367039
2014-02-20,0.21247996
2014-02-21,
2014-02-22,0.20260537
2014-02-23,
2014-02-24,0.18207052
2014-02-25,0.1737992
2014-02-26,
2014-02-27,0.19230331
2014-02-28,
2014-03-01,0.17452857
2014-03-02,0.1631369
2014-03-03,
2014-03-04,
2014-03-05,0.17999616
2014-03-06,0.16890961
2014-03-07,0.17376809
2014-03-08,0.17874837
2014-03-09,
2014-03-10,0.17115323
2014-03-11,
2014-03-12,0.16504954
2014-03-13,0.13509198
2014-03-14,
2014-03-15,0.15819825
2014-03-16,
2014-03-17,0.16508497
2014-03-18,0.16729482
2014-03-19,
2014-03-20,
2014-03-21,
2014-03-22,
2014-03-23,0.15772198
2014-03-24,0.16148636
2014-03-25,
2014-03-26,0.1493218
2014-03-27,
2014-03-28,0.13548873
2014-03-29,0.13260059
2014-03-30,
2014-03-31,
2014-04-01,
2014-04-02,0.14201014
2014-04-03,0.14255601
2014-04-04,
2014-04-05,
2014-04-06,0.14440674
2014-04-07,0.11135324
2014-04-08,0.12163898
2014-04-09,0.13486603
2014-04-10,
2014-04-11,0.17221358
2014-04-12,
2014-04-13,0.17065784
2014-04-14,0.1518353
2014-04-15,
2014-04-16,0.11840431
2014-04-17,
2014-04-18,
2014-04-19,
2014-04-20,0.16758154
2014-04-21,0.11877441
2014-04-22,
2014-04-23,
2014-04-24,0.12090062
2014-04-25,0.14370114
2014-04-26,
2014-04-27,0.14533177
2014-04-28,
2014-04-29,
2014-04-30,0.1698659
2014-05-01,
2014-05-02,0.22056745
2014-05-03,
2014-05-04,0.19038145
2014-05-05,0.1717781
2014-05-06,0.14946403
2014-05-07,0.15899256
2014-05-08,0.13518572
2014-05-09,
2014-05-10,0.16054215
2014-05-11,0.16112237
2014-05-12,0.17111537
2014-05-13,
2014-05-14,
2014-05-15,0.20147295
2014-05-16,0.211451
2014-05-17,
2014-05-18,0.21520206
2014-05-19,
2014-05-20,0.16433997
2014-05-21,0.15240271
2014-05-22,
2014-05-23,0.22880493
2014-05-24,0.1945917
2014-05-25,
2014-05-26,0.18127868
2014-05-27,0.17395648
2014-05-28,0.16422069
2014-05-29,
2014-05-30,
2014-05-31,0.17396417
2014-06-01,0.19782509
2014-06-02,
2014-06-03,0.22599116
2014-06-04,
2014-06-05,
2014-06-06,0.18111797
2014-06-07,
2014-06-08,0.21541841
2014-06-09,0.22351949
2014-06-10,
2014-06-11,0.2213914
2014-06-12,0.24260202
2014-06-13,0.25501394
2014-06-14,0.2668331
2014-06-15,
2014-06-16,0.20185217
2014-06-17,0.18240263
2014-06-18,
2014-06-19,0.19760622
2014-06-20,
2014-06-21,0.14362863
2014-06-22,0.1420898
2014-06-23,
2014-06-24,0.18451777
2014-06-25,
2014-06-26,0.17627093
2014-06-27,0.16943625
2014-06-28,0.17274974
2014-06-29,0.18085383
2014-06-30,0.17652954
2014-07-01,
2014-07-02,0.16705085
2014-07-03,0.1663556
2014-07-04,
2014-07-05,0.18181232
2014-07-06,
2014-07-07,0.162337
2014-07-08,0.19632569
2014-07-09,
2014-07-10,0.22287245
2014-07-11,0.23643099
2014-07-12,0.20570107
2014-07-13,0.19519237
2014-07-14,0.21550299
2014-07-15,0.21220183
2014-07-16,0.18894139
2014-07-17,
2014-07-18,0.18224172
2014-07-19,0.19172439
2014-07-20,
2014-07-21,0.19380373
2014-07-22,
2014-07-23,0.22804958
2014-07-24,0.20297736
2014-07-25,
2014-07-26,0.24326615
2014-07-27,0.23426904
2014-07-28,0.23828875
2014-07-29,0.22170313
2014-07-30,0.22009537
2014-07-31,
2014-08-01,0.19853386
2014-08-02,
2014-08-03,0.21912844
2014-08-04,0.21372573
2014-08-05,
2014-08-06,0.23953548
2014-08-07,
2014-08-08,0.208549
2014-08-09,0.16977684
2014-08-10,
2014-08-11,0.18245807
2014-08-12,0.15571812
2014-08-13,0.17124699
2014-08-14,0.18607686
2014-08-15,0.15726236
2014-08-16,
2014-08-17,
2014-08-18,
2014-08-19,
2014-08-20,0.20232698
2014-08-21,
2014-08-22,0.21760035
2014-08-23,
2014-08-24,0.23659204
2014-08-25,0.2349004
2014-08-26,
2014-08-27,
2014-08-28,0.21758574
2014-08-29,0.19560632
2014-08-30,0.17626096
2014-08-31,0.1639578
2014-09-01,
2014-09-02,0.18309373
2014-09-03,
2014-09-04,0.16542773
2014-09-05,
2014-09-06,
2014-09-07,
2014-09-08,
2014-09-09,0.19384554
2014-09-10,0.17366982
2014-09-11,
2014-09-12,
2014-09-13,0.16606195
2014-09-14,
2014-09-15,0.16281454
2014-09-16,0.14097825
2014-09-17,
2014-09-18,0.18637864
2014-09-19,
2014-09-20,0.20894048
2014-09-21,0.2241135
2014-09-22,
2014-09-23,
2014-09-24,
2014-09-25,0.17895593
2014-09-26,
2014-09-27,
2014-09-28,
2014-09-29,0.18250038
2014-09-30,
2014-10-01,0.18697537
2014-10-02,0.1758642
2014-10-03,
2014-10-04,0.1883332
2014-10-05,
2014-10-06,0.13794588
2014-10-07,0.12156052
2014-10-08,
2014-10-09,
2014-10-10,
2014-10-11,0.18820655
2014-10-12,0.1478674
2014-10-13,
2014-10-14,
2014-10-15,0.16286807
2014-10-16,0.15544836
2014-10-17,0.13776247
2014-10-18,0.14084989
2014-10-19,
2014-10-20,0.1459543
2014-10-21,
2014-10-22,0.19674754
2014-10-23,0.2032745
2014-10-24,
2014-10-25,
2014-10-26,
2014-10-27,0.1780821
2014-10-28,0.17612581
2014-10-29,
2014-10-30,
2014-10-31,0.1938948
2014-11-01,
2014-11-02,0.18051048
2014-11-03,0.18983683
2014-11-04,
2014-11-05,
2014-11-06,
2014-11-07,0.1588112
2014-11-08,0.16329795
2014-11-09,
2014-11-10,0.20328233
2014-11-11,
2014-11-12,
2014-11-13,0.16429897
2014-11-14,
2014-11-15,
2014-11-16,0.16173561
2014-11-17,0.16210058
2014-11-18,0.15050758
2014-11-19,0.15856324
2014-11-20,
2014-11-21,0.1577649
2014-11-22,
2014-11-23,0.1425984
2014-11-24,0.12347009
2014-11-25,
2014-11-26,0.14090161
2014-11-27,
2014-11-28,0.12696798
2014-11-29,0.12631297
2014-11-30,
2014-12-01,
2014-12-02,
2014-12-03,0.17220955
2014-12-04,0.17529273
2014-12-05,0.18337715
2014-12-06,
2014-12-07,0.17015783
2014-12-08,
2014-12-09,
2014-12-10,0.17799555
2014-12-11,
2014-12-12,
2014-12-13,
2014-12-14,
2014-12-15,0.1457376
2014-12-16,
2014-12-17,
2014-12-18,0.16647062
2014-12-19,0.16134614
2014-12-20,0.17318839
2014-12-21,0.17743143
2014-12-22,
2014-12-23,0.20938064
2014-12-24,
2014-12-25,0.16090685
2014-12-26,0.16464306
2014-12-27,
2014-12-28,0.13954994
2014-12-29,
2014-12-30,0.14569442
2014-12-31,0.15776657
2015-01-01,
2015-01-02,0.22059202
2015-01-03,0.21713471
2015-01-04,0.17650416
2015-01-05,0.17925622
2015-01-06,0.17270032
2015-01-07,
2015-01-08,0.20939302
2015-01-09,
2015-01-10,0.16884033
2015-01-11,0.1748718
2015-01-12,
2015-01-13,0.18398419
2015-01-14,
2015-01-15,0.15383436
2015-01-16,0.15976726
2015-01-17,
2015-01-18,0.16900198
2015-01-19,0.17306733
2015-01-20,
2015-01-21,0.18916458
2015-01-22,0.1936275
2015-01-23,
2015-01-24,0.19549486
2015-01-25,
2015-01-26,0.18608175
2015-01-27,0.16531116
2015-01-28,
2015-01-29,0.17357296
2015-01-30,
2015-01-31,0.15850018
2015-02-01,0.16641904
2015-02-02,
2015-02-03,
2015-02-04,
2015-02-05,0.17081226
2015-02-06,0.16893731
2015-02-07,0.16044188
2015-02-08,
2015-02-09,0.19091213
2015-02-10,
2015-02-11,0.1533326
2015-02-12,0.18447314
2015-02-13,
2015-02-14,0.26433823
2015-02-15,
2015-02-16,0.19409192
2015-02-17,0.16438551
2015-02-18,
2015-02-19,
2015-02-20,0.21525128
2015-02-21,0.20239191
2015-02-22,0.16517244
2015-02-23,0.16103534
2015-02-24,
2015-02-25,0.19040576
2015-02-26,
2015-02-27,0.13236344
2015-02-28,0.16831617
2015-03-01,
2015-03-02,0.15519062
2015-03-03,
2015-03-04,0.16196197
2015-03-05,0.17880416
2015-03-06,
2015-03-07,
2015-03-08,0.20106255
2015-03-09,0.14504746
2015-03-10,0.1539594
2015-03-11,
2015-03-12,
2015-03-13,0.15967514
2015-03-14,
2015-03-15,0.121556975
2015-03-16,
2015-03-17,
2015-03-18,
2015-03-19,
2015-03-20,0.1676555
2015-03-21,0.17289005
2015-03-22,
2015-03-23,
2015-03-24,0.16446504
2015-03-25,0.1794161
2015-03-26,0.18534368
2015-03-27,0.18573278
2015-03-28,
2015-03-29,0.21459408
2015-03-30,
2015-03-31,0.18778528
2015-04-01,0.12246628
2015-04-02,
2015-04-03,0.15315065
2015-04-04,
2015-04-05,0.13079338
2015-04-06,0.14233266
2015-04-07,
2015-04-08,0.12946019
2015-04-09,0.14537288
2015-04-10,
2015-04-11,0.12698554
2015-04-12,
2015-04-13,
2015-04-14,0.1665977
2015-04-15,
2015-04-16,0.104319006
2015-04-17,0.10169342
2015-04-18,
2015-04-19,0.13252082
2015-04-20,
2015-04-21,0.117555864
2015-04-22,0.13281535
2015-04-23,
2015-04-24,
2015-04-25,
2015-04-26,
2015-04-27,0.1756901
2015-04-28,0.149774
2015-04-29,
2015-04-30,
2015-05-01,
2015-05-02,0.17557183
2015-05-03,0.15251265
2015-05-04,
2015-05-05,0.1572904
2015-05-06,
2015-05-07,0.15291198
2015-05-08,0.16170964
2015-05-09,
2015-05-10,0.18465035
2015-05-11,
2015-05-12,
2015-05-13,0.17055734
2015-05-14,0.15961565
2015-05-15,0.14764656
2015-05-16,0.15319504
2015-05-17,
2015-05-18,0.15351857
2015-05-19,0.14786045
2015-05-20,
2015-05-21,0.15934326
2015-05-22,
2015-05-23,0.20251136
2015-05-24,0.17140588
2015-05-25,
2015-05-26,0.15954955
2015-05-27,0.15894142
2015-05-28,0.16219348
2015-05-29,0.14416227
2015-05-30,0.15602556
2015-05-31,0.13940468
2015-06-01,
2015-06-02,
2015-06-03,
2015-06-04,0.16415587
2015-06-05,
2015-06-06,0.15780456
2015-06-07,
2015-06-08,
2015-06-09,0.1686042
2015-06-10,
2015-06-11,0.17710914
2015-06-12,
2015-06-13,0.17693587
2015-06-14,0.17863794
2015-06-15,
2015-06-16,
2015-06-17,0.15527594
2015-06-18,
2015-06-19,0.18593118
2015-06-20,
2015-06-21,
2015-06-22,0.18702313
2015-06-23,
2015-06-24,0.17924124
2015-06-25,0.17026527
2015-06-26,
2015-06-27,0.1736417
2015-06-28,0.14720748
2015-06-29,
2015-06-30,0.16299962
2015-07-01,
2015-07-02,0.20849243
2015-07-03,0.2022307
2015-07-04,
2015-07-05,0.1524179
2015-07-06,0.13767405
2015-07-07,
2015-07-08,0.14271447
2015-07-09,
2015-07-10,
2015-07-11,0.1542587
2015-07-12,
2015-07-13,0.17908788
2015-07-14,
2015-07-15,
2015-07-16,0.16509518
2015-07-17,0.15914404
2015-07-18,0.14828931
2015-07-19,0.17097868
2015-07-20,
2015-07-21,0.16777098
2015-07-22,0.17911224
2015-07-23,
2015-07-24,0.1967099
2015-07-25,
2015-07-26,
2015-07-27,0.20549817
2015-07-28,
2015-07-29,0.21207556
2015-07-30,0.15550825
2015-07-31,
2015-08-01,0.11607232
2015-08-02,0.17951427
2015-08-03,
2015-08-04,
2015-08-05,
2015-08-06,0.17302962
2015-08-07,0.16772343
2015-08-08,
2015-08-09,0.16895561
2015-08-10,
2015-08-11,
2015-08-12,0.17032513
2015-08-13,
2015-08-14,0.19621603
2015-08-15,0.12662473
2015-08-16,
2015-08-17,
2015-08-18,
2015-08-19,
2015-08-20,
2015-08-21,
2015-08-22,0.15944391
2015-08-23,0.13964312
2015-08-24,
2015-08-25,0.1688719
2015-08-26,
2015-08-27,0.1463143
2015-08-28,0.1391501
2015-08-29,
2015-08-30,
2015-08-31,0.1269627
2015-09-01,0.1407687
2015-09-02,0.16213812
2015-09-03,
2015-09-04,
2015-09-05,
2015-09-06,
2015-09-07,0.19376977
2015-09-08,0.17557792
2015-09-09,
2015-09-10,
2015-09-11,
2015-09-12,0.13860889
2015-09-13,0.14385615
2015-09-14,
2015-09-15,
2015-09-16,0.19749852
2015-09-17,
2015-09-18,0.16350475
2015-09-19,0.16462374
2015-09-20,
2015-09-21,0.18847899
2015-09-22,
2015-09-23,
2015-09-24,0.13420305
2015-09-25,
2015-09-26,
2015-09-27,
2015-09-28,0.17575434
2015-09-29,0.1648406
2015-09-30,
2015-10-01,
2015-10-02,
2015-10-03,
2015-10-04,0.17203377
2015-10-05,0.16990405
2015-10-06,
2015-10-07,0.15841965
2015-10-08,
2015-10-09,0.14994135
2015-10-10,0.1410428
2015-10-11,
2015-10-12,
2015-10-13,
2015-10-14,0.17482635
2015-10-15,0.15323956
2015-10-16,
2015-10-17,
2015-10-18,
2015-10-19,
2015-10-20,0.14521626
2015-10-21,0.14054498
2015-10-22,
2015-10-23,0.11538394
2015-10-24,
2015-10-25,0.12713121
2015-10-26,0.117518604
2015-10-27,
2015-10-28,0.14328118
2015-10-29,
2015-10-30,0.13240774
2015-10-31,0.11828666
2015-11-01,
2015-11-02,
2015-11-03,
2015-11-04,0.11918896
2015-11-05,0.13112155
2015-11-06,0.13921341
2015-11-07,
2015-11-08,
2015-11-09,
2015-11-10,0.14186363
2015-11-11,0.12853573
2015-11-12,
2015-11-13,0.16707338
2015-11-14,
2015-11-15,0.117209084
2015-11-16,0.1284838
2015-11-17,
2015-11-18,
2015-11-19,
2015-11-20,
2015-11-21,
2015-11-22,
2015-11-23,
2015-11-24,
2015-11-25,
2015-11-26,
2015-11-27,0.12170548
2015-11-28,
2015-11-29,
2015-11-30,
2015-12-01,0.1435878
2015-12-02,0.14188293
2015-12-03,0.1410591
2015-12-04,
2015-12-05,
2015-12-06,
2015-12-07,
2015-12-08,0.14786959
2015-12-09,
2015-12-10,0.15663047
2015-12-11,
2015-12-12,
2015-12-13,0.12931462
2015-12-14,
2015-12-15,0.16179954
2015-12-16,
2015-12-17,
2015-12-18,0.14992395
2015-12-19,
2015-12-20,
2015-12-21,0.14812525
2015-12-22,
2015-12-23,
2015-12-24,
2015-12-25,
2015-12-26,0.14917468
2015-12-27,
2015-12-28,0.1434783
2015-12-29,0.14900295
2015-12-30,
2015-12-31,0.16467497
2016-01-01,
2016-01-02,
2016-01-03,0.13661684
2016-01-04,
2016-01-05,
2016-01-06,0.12043822
2016-01-07,
2016-01-08,0.14004557
2016-01-09,0.14611895
2016-01-10,
2016-01-11,0.1588447
2016-01-12,
2016-01-13,0.123778105
2016-01-14,0.12575224
2016-01-15,
2016-01-16,
2016-01-17,
2016-01-18,0.13069628
2016-01-19,
2016-01-20,
2016-01-21,0.15077144
2016-01-22,
2016-01-23,
2016-01-24,0.16028447
2016-01-25,0.16330424
2016-01-26,
2016-01-27,
2016-01-28,
2016-01-29,
2016-01-30,0.13540141
2016-01-31,
2016-02-01,0.16047463
2016-02-02,
2016-02-03,0.15077563
2016-02-04,0.12797797
2016-02-05,
2016-02-06,
2016-02-07,
2016-02-08,
2016-02-09,0.15610665
2016-02-10,0.16366073
2016-02-11,
2016-02-12,0.090266615
2016-02-13,
2016-02-14,
2016-02-15,0.11984811
2016-02-16,
2016-02-17,0.14428072
2016-02-18,
2016-02-19,0.14520732
2016-02-20,0.16951163
2016-02-21,
2016-02-22,
2016-02-23,
2016-02-24,
2016-02-25,
2016-02-26,
2016-02-27,
2016-02-28,
2016-02-29,
2016-03-01,0.20314994
2016-03-02,
2016-03-03,
2016-03-04,0.16624096
2016-03-05,
2016-03-06,0.17145023
2016-03-07,0.17608291
2016-03-08,
2016-03-09,
2016-03-10,
2016-03-11,0.17034385
2016-03-12,0.1770486
2016-03-13,
2016-03-14,
2016-03-15,
2016-03-16,
2016-03-17,0.25190842
2016-03-18,0.21920629
2016-03-19,
2016-03-20,0.17880721
2016-03-21,
2016-03-22,0.18093565
2016-03-23,0.19161892
2016-03-24,
2016-03-25,0.25141215
2016-03-26,0.2947362
2016-03-27,0.27438566
2016-03-28,0.3196557
2016-03-29,0.33956048
2016-03-30,
2016-03-31,0.23996593
2016-04-01,
2016-04-02,0.24617216
2016-04-03,0.28084105
2016-04-04,
2016-04-05,0.2750807
2016-04-06,
2016-04-07,
2016-04-08,0.18454213
2016-04-09,
2016-04-10,0.16482992
2016-04-11,0.17973404
2016-04-12,0.17261621
2016-04-13,0.17902155
2016-04-14,0.191529
2016-04-15,
2016-04-16,0.19670826
2016-04-17,
2016-04-18,0.16648707
2016-04-19,0.16227412
2016-04-20,
2016-04-21,0.18796802
2016-04-22,
2016-04-23,0.21039538
2016-04-24,0.18405825
2016-04-25,
2016-04-26,0.1913946
2016-04-27,0.1617778
2016-04-28,0.19180094
2016-04-29,0.19990788
2016-04-30,0.22575156
2016-05-01,
2016-05-02,0.20604326
2016-05-03,
2016-05-04,0.17140348
2016-05-05,
2016-05-06,
2016-05-07,0.16823806
2016-05-08,
2016-05-09,0.163142
2016-05-10,0.17074785
2016-05-11,
2016-05-12,0.25394142
2016-05-13,0.25540724
2016-05-14,0.23010726
2016-05-15,0.22858655
2016-05-16,0.23907731
2016-05-17,
2016-05-18,0.2625012
2016-05-19,
2016-05-20,0.22116415
2016-05-21,0.2475513
2016-05-22,
2016-05-23,0.21259142
2016-05-24,
2016-05-25,0.20727621
2016-05-26,0.20079906
2016-05-27,
2016-05-28,0.20965657
2016-05-29,0.13891181
2016-05-30,0.26634082
2016-05-31,0.267728
2016-06-01,0.24808341
2016-06-02,0.25215584
2016-06-03,0.21812744
2016-06-04,
2016-06-05,0.2029623
2016-06-06,0.21287733
2016-06-07,0.24271356
2016-06-08,0.23579644
2016-06-09,
2016-06-10,0.27343556
2016-06-11,0.24648419
2016-06-12,0.26977316
2016-06-13,0.26447865
2016-06-14,0.23603188
2016-06-15,0.21897978
2016-06-16,0.21161729
2016-06-17,0.22633825
2016-06-18,0.24265765
2016-06-19,0.20064597
2016-06-20,
2016-06-21,0.21440955
2016-06-22,0.19190384
2016-06-23,0.19723606
2016-06-24,0.22677723
2016-06-25,
2016-06-26,0.20187628
2016-06-27,0.20401113
2016-06-28,0.2321102
2016-06-29,0.21710631
2016-06-30,0.19946949
2016-07-01,
2016-07-02,0.21370685
2016-07-03,0.21428002
2016-07-04,0.21673784
2016-07-05,0.20123701
2016-07-06,
2016-07-07,0.19802934
2016-07-08,0.2008842
2016-07-09,0.2532998
2016-07-10,0.26588443
2016-07-11,
2016-07-12,0.26839906
2016-07-13,0.2756729
2016-07-14,
2016-07-15,0.33396494
2016-07-16,0.2839784
2016-07-17,0.2622495
2016-07-18,0.27558985
2016-07-19,0.25587493
2016-07-20,0.28126687
2016-07-21,0.30311495
2016-07-22,
2016-07-23,0.3038712
2016-07-24,0.22281925
2016-07-25,
2016-07-26,0.2879313
2016-07-27,
2016-07-28,0.2684846
2016-07-29,0.27809486
2016-07-30,
2016-07-31,0.22152747
2016-08-01,0.2665436
2016-08-02,
2016-08-03,0.23057386
2016-08-04,0.23374377
2016-08-05,
2016-08-06,0.25955874
2016-08-07,
2016-08-08,0.24214476
2016-08-09,0.21184725
2016-08-10,
2016-08-11,0.20971781
2016-08-12,
2016-08-13,0.1699477
2016-08-14,0.15642303
2016-08-15,
2016-08-16,0.16161871
2016-08-17,0.15872525
2016-08-18,0.13940482
2016-08-19,0.13874033
2016-08-20,0.15800327
2016-08-21,
2016-08-22,0.1827365
2016-08-23,
2016-08-24,0.1826374
2016-08-25,0.18605469
2016-08-26,
2016-08-27,0.20141727
2016-08-28,
2016-08-29,0.17197005
2016-08-30,0.15164576
2016-08-31,
2016-09-01,
2016-09-02,
2016-09-03,0.18802048
2016-09-04,0.13643882
2016-09-05,0.17808975
2016-09-06,
2016-09-07,0.17755799
2016-09-08,
2016-09-09,0.17806408
2016-09-10,0.1749761
2016-09-11,
2016-09-12,
2016-09-13,
2016-09-14,0.2100219
2016-09-15,0.21280718
2016-09-16,
2016-09-17,
2016-09-18,0.15853253
2016-09-19,0.17757116
2016-09-20,0.19004042
2016-09-21,0.1982696
2016-09-22,
2016-09-23,
2016-09-24,
2016-09-25,0.15111162
2016-09-26,
2016-09-27,
2016-09-28,
2016-09-29,
2016-09-30,0.16007969
2016-10-01,0.17526811
2016-10-02,
2016-10-03,
2016-10-04,0.20733953
2016-10-05,0.1726135
2016-10-06,0.19904669
2016-10-07,0.19119547
2016-10-08,
2016-10-09,0.18486919
2016-10-10,
2016-10-11,0.16218121
2016-10-12,0.15460442
2016-10-13,
2016-10-14,
2016-10-15,
2016-10-16,0.13966435
2016-10-17,0.14036913
2016-10-18,
2016-10-19,
2016-10-20,0.1902532
2016-10-21,0.15340781
2016-10-22,0.15503924
2016-10-23,0.14760317
2016-10-24,
2016-10-25,0.22195502
2016-10-26,
2016-10-27,0.16825178
2016-10-28,0.21889526
2016-10-29,
2016-10-30,0.2690796
2016-10-31,
2016-11-01,0.19711365
2016-11-02,0.24281722
2016-11-03,
2016-11-04,
2016-11-05,0.21610874
2016-11-06,0.17958072
2016-11-07,0.18121909
2016-11-08,0.2158051
2016-11-09,
2016-11-10,0.2834212
2016-11-11,
2016-11-12,0.2673032
2016-11-13,0.20370668
2016-11-14,
2016-11-15,0.21599135
2016-11-16,
2016-11-17,0.17304014
2016-11-18,0.15757501
2016-11-19,0.12674454
2016-11-20,
2016-11-21,0.1628986
2016-11-22,0.14218433
2016-11-23,0.15834726
2016-11-24,0.18342407
2016-11-25,
2016-11-26,0.19138348
2016-11-27,
2016-11-28,0.19124824
2016-11-29,0.18469104
2016-11-30,
2016-12-01,0.22323057
2016-12-02,
2016-12-03,0.19729173
2016-12-04,0.2030383
2016-12-05,0.22964127
2016-12-06,0.24144047
2016-12-07,0.2269977
2016-12-08,0.18749206
2016-12-09,0.1837006
2016-12-10,0.18352748
2016-12-11,
2016-12-12,0.18166548
2016-12-13,
2016-12-14,0.14605792
2016-12-15,0.14704998
2016-12-16,
2016-12-17,0.16018358
2016-12-18,
2016-12-19,0.11218994
2016-12-20,0.13265598
2016-12-21,
2016-12-22,0.14827608
2016-12-23,0.122805424
2016-12-24,
2016-12-25,0.14816543
2016-12-26,0.14563127
2016-12-27,
2016-12-28,0.15221506
2016-12-29,
2016-12-30,0.1440482
2016-12-31,0.15549667
2017-01-01,
2017-01-02,0.19474
2017-01-03,
2017-01-04,0.15842566
2017-01-05,0.20037955
2017-01-06,
2017-01-07,0.21432687
2017-01-08,0.18913491
2017-01-09,
2017-01-10,0.16490556
2017-01-11,0.14479369
2017-01-12,
2017-01-13,0.15166204
2017-01-14,
2017-01-15,0.14572904
2017-01-16,0.14734137
2017-01-17,
2017-01-18,0.17210096
2017-01-19,
2017-01-20,0.15122502
2017-01-21,0.15251233
2017-01-22,
2017-01-23,
2017-01-24,0.17014924
2017-01-25,0.14826414
2017-01-26,0.14195085
2017-01-27,0.13952185
2017-01-28,
2017-01-29,0.16346923
2017-01-30,
2017-01-31,0.1647745
2017-02-01,0.16158941
2017-02-02,
2017-02-03,0.21911065
2017-02-04,
2017-02-05,0.1796248
2017-02-06,0.17663236
2017-02-07,
2017-02-08,0.20909525
2017-02-09,0.15014437
2017-02-10,0.1386231
2017-02-11,0.15248902
2017-02-12,0.15549597
2017-02-13,
2017-02-14,0.14204572
2017-02-15,
2017-02-16,0.1334344
2017-02-17,0.14223114
2017-02-18,
2017-02-19,0.1979071
2017-02-20,
2017-02-21,0.19318737
2017-02-22,0.19235112
2017-02-23,
2017-02-24,0.2144391
2017-02-25,0.17626558
2017-02-26,0.15835366
2017-02-27,0.16254355
2017-02-28,0.15417235
2017-03-01,
2017-03-02,0.14702085
2017-03-03,
2017-03-04,0.17215443
2017-03-05,0.1705032
2017-03-06,
2017-03-07,0.23270774
2017-03-08,
2017-03-09,0.17808782
2017-03-10,0.171612
2017-03-11,
2017-03-12,0.14483374
2017-03-13,0.14367975
2017-03-14,0.14523979
2017-03-15,0.16867197
2017-03-16,
2017-03-17,
2017-03-18,0.17163655
2017-03-19,
2017-03-20,0.16238669
2017-03-21,0.16073558
2017-03-22,
2017-03-23,0.17864634
2017-03-24,
2017-03-25,
2017-03-26,0.16858245
2017-03-27,
2017-03-28,
2017-03-29,0.16562395
2017-03-30,0.14498614
2017-03-31,0.14340895
2017-04-01,0.13354836
2017-04-02,
2017-04-03,0.15230095
2017-04-04,
2017-04-05,0.14937036
2017-04-06,0.1535843
2017-04-07,
2017-04-08,0.17473845
2017-04-09,
2017-04-10,0.1284114
2017-04-11,0.14708962
2017-04-12,
2017-04-13,0.16072634
2017-04-14,
2017-04-15,0.15171058
2017-04-16,0.14952414
2017-04-17,0.16069877
2017-04-18,
2017-04-19,0.16760193
2017-04-20,
2017-04-21,0.14827713
2017-04-22,0.14605886
2017-04-23,
2017-04-24,0.15490459
2017-04-25,
2017-04-26,0.1696996
2017-04-27,
2017-04-28,
2017-04-29,0.20364057
2017-04-30,0.19292267
2017-05-01,0.16678679
2017-05-02,0.16833298
2017-05-03,0.1659915
2017-05-04,0.18763657
2017-05-05,0.18369302
2017-05-06,
2017-05-07,0.17546365
2017-05-08,0.17000413
2017-05-09,
2017-05-10,0.17780182
2017-05-11,
2017-05-12,0.14760779
2017-05-13,0.16038494
2017-05-14,
2017-05-15,0.1929191
2017-05-16,
2017-05-17,0.1590134
2017-05-18,0.15833294
2017-05-19,0.15998538
2017-05-20,0.17981961
2017-05-21,0.1948996
2017-05-22,
2017-05-23,0.14285839
2017-05-24,0.16432416
2017-05-25,
2017-05-26,0.17209506
2017-05-27,
2017-05-28,
2017-05-29,0.1834875
2017-05-30,
2017-05-31,0.24305256
2017-06-01,
2017-06-02,0.2663894
2017-06-03,
2017-06-04,0.25311127
2017-06-05,0.32562524
2017-06-06,0.28320813
2017-06-07,
2017-06-08,0.24423198
2017-06-09,0.24256489
2017-06-10,
2017-06-11,0.24903385
2017-06-12,
2017-06-13,0.19321774
2017-06-14,0.2140495
2017-06-15,0.17636858
2017-06-16,0.21939385
2017-06-17,0.1690703
2017-06-18,
2017-06-19,0.17516756
2017-06-20,0.17412634
2017-06-21,0.21015121
2017-06-22,0.1993775
2017-06-23,
2017-06-24,0.17273736
2017-06-25,0.20165554
2017-06-26,
2017-06-27,0.2207745
2017-06-28,
2017-06-29,0.18073955
2017-06-30,0.1913713
2017-07-01,
2017-07-02,0.21178621
2017-07-03,0.21539888
2017-07-04,
2017-07-05,
2017-07-06,0.24241404
2017-07-07,0.22822066
2017-07-08,0.23968512
2017-07-09,
2017-07-10,0.22120142
2017-07-11,0.21847704
2017-07-12,
2017-07-13,0.13184182
2017-07-14,
2017-07-15,0.18626103
2017-07-16,0.18647617
2017-07-17,
2017-07-18,0.1962875
2017-07-19,
2017-07-20,0.13774587
2017-07-21,0.20729548
2017-07-22,0.23239914
2017-07-23,0.24044478
2017-07-24,0.26214233
2017-07-25,
2017-07-26,0.26113528
2017-07-27,0.24345398
2017-07-28,
2017-07-29,0.24370106
2017-07-30,
2017-07-31,0.21945709
2017-08-01,0.17492534
2017-08-02,
2017-08-03,0.22448954
2017-08-04,0.22835357
2017-08-05,0.22386187
2017-08-06,0.21208706
2017-08-07,0.21075974
2017-08-08,0.23915507
2017-08-09,0.18005861
2017-08-10,
2017-08-11,0.18710351
2017-08-12,0.20594141
2017-08-13,
2017-08-14,0.2565216
2017-08-15,
2017-08-16,0.23636729
2017-08-17,0.22266981
2017-08-18,
2017-08-19,0.22703263
2017-08-20,0.20278497
2017-08-21,0.20530003
2017-08-22,0.15796727
2017-08-23,0.1537632
2017-08-24,
2017-08-25,0.16641797
2017-08-26,
2017-08-27,0.16618475
2017-08-28,0.20996815
2017-08-29,
2017-08-30,0.29749802
2017-08-31,
2017-09-01,0.20411834
2017-09-02,0.20929797
2017-09-03,
2017-09-04,
2017-09-05,
2017-09-06,
2017-09-07,0.15516594
2017-09-08,0.2003834
2017-09-09,
2017-09-10,0.24705353
2017-09-11,
2017-09-12,0.19583055
2017-09-13,0.23225038
2017-09-14,
2017-09-15,
2017-09-16,
2017-09-17,
2017-09-18,0.20369771
2017-09-19,
2017-09-20,
2017-09-21,0.19714938
2017-09-22,0.19504608
2017-09-23,0.16828606
2017-09-24,0.11483499
2017-09-25,
2017-09-26,0.16336755
2017-09-27,
2017-09-28,0.14823669
2017-09-29,0.14975646
2017-09-30,
2017-10-01,0.1611931
2017-10-02,
2017-10-03,
2017-10-04,0.16427234
2017-10-05,
2017-10-06,
2017-10-07,0.18081278
2017-10-08,0.22821298
2017-10-09,0.21393034
2017-10-10,0.23746614
2017-10-11,
2017-10-12,0.31203443
2017-10-13,
2017-10-14,0.22745082
2017-10-15,0.2024223
2017-10-16,
2017-10-17,
2017-10-18,
2017-10-19,0.15095231
2017-10-20,0.12587877
2017-10-21,
2017-10-22,
2017-10-23,
2017-10-24,0.16892852
2017-10-25,0.19573222
2017-10-26,0.19809303
2017-10-27,
2017-10-28,0.18298621
2017-10-29,
2017-10-30,0.13924229
2017-10-31,0.15447915
2017-11-01,
2017-11-02,
2017-11-03,
2017-11-04,0.17059344
2017-11-05,0.19045633
2017-11-06,
2017-11-07,
2017-11-08,0.18909684
2017-11-09,
2017-11-10,0.20426683
2017-11-11,0.21947059
2017-11-12,
2017-11-13,0.26947105
2017-11-14,
2017-11-15,0.1763479
2017-11-16,0.19803016
2017-11-17,
2017-11-18,0.26383573
2017-11-19,
2017-11-20,0.19791967
2017-11-21,0.20835716
2017-11-22,
2017-11-23,
2017-11-24,0.22819267
2017-11-25,0.20562382
2017-11-26,0.21431758
2017-11-27,0.21568623
2017-11-28,
2017-11-29,0.20006977
2017-11-30,
2017-12-01,0.16152824
2017-12-02,0.16623104
2017-12-03,
2017-12-04,0.15328299
2017-12-05,
2017-12-06,0.17986485
2017-12-07,0.17037667
2017-12-08,0.18262397
2017-12-09,0.2352437
2017-12-10,0.24225515
2017-12-11,0.1659718
2017-12-12,0.2297821
2017-12-13,0.20617679
2017-12-14,
2017-12-15,0.2441263
2017-12-16,
2017-12-17,0.22518873
2017-12-18,0.17975608
2017-12-19,
2017-12-20,0.26190427
2017-12-21,
2017-12-22,0.16007333
2017-12-23,0.16191098
2017-12-24,0.18582639
2017-12-25,0.18790886
2017-12-26,0.15874262
2017-12-27,0.17942092
2017-12-28,0.16319104
2017-12-29,0.14724706
2017-12-30,
2017-12-31,0.18132074
2018-01-01,
2018-01-02,0.13123554
2018-01-03,0.16945878
2018-01-04,
2018-01-05,0.20302898
2018-01-06,
2018-01-07,0.19516706
2018-01-08,0.189972
2018-01-09,
2018-01-10,0.19930291
2018-01-11,0.18695632
2018-01-12,0.13550715
2018-01-13,0.15159142
2018-01-14,0.14970267
2018-01-15,
2018-01-16,0.1709981
2018-01-17,
2018-01-18,0.15426017
2018-01-19,0.1505172
2018-01-20,
2018-01-21,
2018-01-22,
2018-01-23,0.18722036
2018-01-24,0.18583362
2018-01-25,
2018-01-26,
2018-01-27,
2018-01-28,0.18375485
2018-01-29,0.16267204
2018-01-30,0.15158646
2018-01-31,
2018-02-01,0.17236625
2018-02-02,
2018-02-03,0.15576266
2018-02-04,0.16401763
2018-02-05,
2018-02-06,0.15746696
2018-02-07,
2018-02-08,0.19581504
2018-02-09,0.20166929
2018-02-10,
2018-02-11,
2018-02-12,0.15522265
2018-02-13,
2018-02-14,0.17181991
2018-02-15,0.19372134
2018-02-16,
2018-02-17,0.19491516
2018-02-18,
2018-02-19,0.1558508
2018-02-20,0.17726783
2018-02-21,
2018-02-22,0.20817047
2018-02-23,
2018-02-24,0.19338274
2018-02-25,0.21407388
2018-02-26,
2018-02-27,
2018-02-28,0.21812952
2018-03-01,0.19427599
2018-03-02,0.168478
2018-03-03,0.17320846
2018-03-04,
2018-03-05,0.19521984
2018-03-06,
2018-03-07,0.15153687
2018-03-08,0.16439384
2018-03-09,
2018-03-10,0.16327222
2018-03-11,
2018-03-12,0.14620523
2018-03-13,0.14807986
2018-03-14,
2018-03-15,
2018-03-16,0.21722843
2018-03-17,0.19751449
2018-03-18,0.22106096
2018-03-19,
2018-03-20,
2018-03-21,0.22542234
2018-03-22,
2018-03-23,0.19097902
2018-03-24,0.15800236
2018-03-25,
2018-03-26,0.17807189
2018-03-27,
2018-03-28,0.15573409
2018-03-29,0.15780449
2018-03-30,
2018-03-31,0.1866749
2018-04-01,0.15663102
2018-04-02,0.15112972
2018-04-03,0.1444643
2018-04-04,0.1428969
2018-04-05,
2018-04-06,0.1698825
2018-04-07,
2018-04-08,0.17138685
2018-04-09,0.18094267
2018-04-10,
2018-04-11,0.21337092
2018-04-12,
2018-04-13,0.19398363
2018-04-14,0.17283571
2018-04-15,
2018-04-16,0.17937125
2018-04-17,
2018-04-18,0.17544915
2018-04-19,0.19965112
2018-04-20,0.23189482
2018-04-21,
2018-04-22,0.21844308
2018-04-23,
2018-04-24,0.19028254
2018-04-25,0.17958921
2018-04-26,
2018-04-27,0.14460129
2018-04-28,
2018-04-29,0.19148721
2018-04-30,0.17354725
2018-05-01,
2018-05-02,0.17670022
2018-05-03,
2018-05-04,
2018-05-05,0.18942244
2018-05-06,0.18441722
2018-05-07,0.20746732
2018-05-08,0.16042934
2018-05-09,
2018-05-10,0.15146628
2018-05-11,0.17152499
2018-05-12,
2018-05-13,0.17981094
2018-05-14,
2018-05-15,0.15804608
2018-05-16,0.15929559
2018-05-17,
2018-05-18,0.15775852
2018-05-19,0.17366682
2018-05-20,
2018-05-21,0.16935913
2018-05-22,0.17070405
2018-05-23,0.17772065
2018-05-24,0.18491155
2018-05-25,
2018-05-26,0.17730238
2018-05-27,0.1433917
2018-05-28,
2018-05-29,0.19500265
2018-05-30,
2018-05-31,0.19844006
2018-06-01,0.18169424
2018-06-02,
2018-06-03,0.18314394
2018-06-04,0.17462985
2018-06-05,0.18700579
2018-06-06,0.17469458
2018-06-07,0.18101789
2018-06-08,0.16902594
2018-06-09,0.17918819
2018-06-10,
2018-06-11,0.15375833
2018-06-12,0.14567629
2018-06-13,
2018-06-14,0.1597264
2018-06-15,
2018-06-16,0.15541391
2018-06-17,0.14654495
2018-06-18,0.1618452
2018-06-19,0.16573441
2018-06-20,0.17379817
2018-06-21,0.15099002
2018-06-22,0.17892571
2018-06-23,0.1569866
2018-06-24,
2018-06-25,
2018-06-26,
2018-06-27,0.20112796
2018-06-28,0.18895067
2018-06-29,
2018-06-30,0.20388746
2018-07-01,
2018-07-02,0.17719547
2018-07-03,0.18401402
2018-07-04,
2018-07-05,
2018-07-06,0.19769968
2018-07-07,
2018-07-08,0.16848072
2018-07-09,0.20663661
2018-07-10,0.2389332
2018-07-11,0.21109632
2018-07-12,
2018-07-13,0.1605433
2018-07-14,0.15279937
2018-07-15,
2018-07-16,0.11505178
2018-07-17,
2018-07-18,0.17014904
2018-07-19,0.1679728
2018-07-20,
2018-07-21,0.21546383
2018-07-22,0.18423712
2018-07-23,0.19452539
2018-07-24,0.20937215
2018-07-25,0.17390886
2018-07-26,
2018-07-27,
2018-07-28,
2018-07-29,0.14473584
2018-07-30,0.15805407
2018-07-31,
2018-08-01,0.10867823
2018-08-02,
2018-08-03,0.16585486
2018-08-04,0.1719451
2018-08-05,
2018-08-06,0.18356085
2018-08-07,0.17922159
2018-08-08,
2018-08-09,0.17526518
2018-08-10,0.21665847
2018-08-11,
2018-08-12,0.1980115
2018-08-13,
2018-08-14,0.19701004
2018-08-15,0.19788735
2018-08-16,
2018-08-17,0.18851942
2018-08-18,
2018-08-19,0.17466088
2018-08-20,0.16331142
2018-08-21,
2018-08-22,0.1753972
2018-08-23,
2018-08-24,
2018-08-25,0.13725856
2018-08-26,
2018-08-27,
2018-08-28,0.18692963
2018-08-29,
2018-08-30,0.18749948
2018-08-31,0.20184778
2018-09-01,
2018-09-02,0.20629942
2018-09-03,
2018-09-04,
2018-09-05,0.17043872
2018-09-06,
2018-09-07,
2018-09-08,0.1746298
2018-09-09,0.14716278
2018-09-10,0.16167824
2018-09-11,
2018-09-12,
2018-09-13,0.160723
2018-09-14,
2018-09-15,0.14545661
2018-09-16,0.13526338
2018-09-17,
2018-09-18,0.16037193
2018-09-19,
2018-09-20,0.17731285
2018-09-21,0.1760388
2018-09-22,
2018-09-23,
2018-09-24,0.17223364
2018-09-25,0.15712622
2018-09-26,0.15579481
2018-09-27,0.16409725
2018-09-28,
2018-09-29,0.15764327
2018-09-30,
2018-10-01,0.13454458
2018-10-02,0.12977804
2018-10-03,
2018-10-04,
2018-10-05,
2018-10-06,0.13225864
2018-10-07,0.14292672
2018-10-08,
2018-10-09,
2018-10-10,0.16736329
2018-10-11,
2018-10-12,0.1531918
2018-10-13,0.1736584
2018-10-14,
2018-10-15,0.18859947
2018-10-16,
2018-10-17,0.17336038
2018-10-18,0.17499323
2018-10-19,
2018-10-20,
2018-10-21,
2018-10-22,
2018-10-23,0.18567963
2018-10-24,
2018-10-25,
2018-10-26,0.1954352
2018-10-27,0.1536372
2018-10-28,0.15713397
2018-10-29,0.1612564
2018-10-30,
2018-10-31,0.17686099
2018-11-01,
2018-11-02,
2018-11-03,0.13894638
2018-11-04,
2018-11-05,0.1697655
2018-11-06,
2018-11-07,0.1469103
2018-11-08,0.14895451
2018-11-09,
2018-11-10,
2018-11-11,
2018-11-12,0.14486827
2018-11-13,0.1491358
2018-11-14,0.13983688
2018-11-15,
2018-11-16,
2018-11-17,
2018-11-18,0.154281
2018-11-19,0.14679152
2018-11-20,
2018-11-21,0.15109238
2018-11-22,
2018-11-23,0.14009766
2018-11-24,
2018-11-25,
2018-11-26,
2018-11-27,0.14761215
2018-11-28,0.12653543
2018-11-29,0.1387465
2018-11-30,0.13670398
2018-12-01,
2018-12-02,0.1609325
2018-12-03,
2018-12-04,0.15115055
2018-12-05,0.14603183
2018-12-06,
2018-12-07,0.18633424
2018-12-08,
2018-12-09,
2018-12-10,0.16064335
2018-12-11,
2018-12-12,
2018-12-13,0.15789711
2018-12-14,0.15646064
2018-12-15,0.14827134
2018-12-16,0.16082902
2018-12-17,
2018-12-18,0.17916986
2018-12-19,
2018-12-20,0.1571608
2018-12-21,0.16459437
2018-12-22,
2018-12-23,0.18367414
2018-12-24,
2018-12-25,0.14509276
2018-12-26,0.14940698
2018-12-27,
2018-12-28,0.20381658
2018-12-29,0.17104156
2018-12-30,
2018-12-31,0.12730195
2019-01-01,0.13171968
2019-01-02,
2019-01-03,0.15042894
2019-01-04,
2019-01-05,
2019-01-06,0.15671806
2019-01-07,
2019-01-08,0.17194115
2019-01-09,
2019-01-10,0.13150576
2019-01-11,0.1478992
2019-01-12,
2019-01-13,0.17404488
2019-01-14,
2019-01-15,
2019-01-16,0.16937912
2019-01-17,0.18279442
2019-01-18,
2019-01-19,0.19529721
2019-01-20,
2019-01-21,0.16664858
2019-01-22,0.14631443
2019-01-23,
2019-01-24,0.16453321
2019-01-25,
2019-01-26,0.14541511
2019-01-27,0.16006772
2019-01-28,
2019-01-29,
2019-01-30,0.14687566
2019-01-31,0.13443334
2019-02-01,0.14988153
2019-02-02,0.16300832
2019-02-03,
2019-02-04,0.13001399
2019-02-05,
2019-02-06,0.15100673
2019-02-07,0.14148687
2019-02-08,
2019-02-09,0.14871699
2019-02-10,
2019-02-11,0.13938884
2019-02-12,0.13687356
2019-02-13,
2019-02-14,
2019-02-15,0.15540725
2019-02-16,0.14754014
2019-02-17,0.15472075
2019-02-18,0.15307544
2019-02-19,
2019-02-20,0.15929824
2019-02-21,
2019-02-22,0.12041708
2019-02-23,0.11639185
2019-02-24,
2019-02-25,0.11058905
2019-02-26,
2019-02-27,0.12986542
2019-02-28,0.13598128
2019-03-01,
2019-03-02,
2019-03-03,
2019-03-04,
2019-03-05,0.12089696
2019-03-06,0.117593214
2019-03-07,
2019-03-08,0.126648
2019-03-09,
2019-03-10,0.13394253
2019-03-11,0.1348749
2019-03-12,
2019-03-13,0.14387739
2019-03-14,
2019-03-15,0.12179001
2019-03-16,0.11470397
2019-03-17,
2019-03-18,
2019-03-19,0.14155066
2019-03-20,0.12044428
2019-03-21,0.13075052
2019-03-22,0.13785416
2019-03-23,
2019-03-24,0.16018923
2019-03-25,
2019-03-26,0.14289545
2019-03-27,0.14419256
2019-03-28,
2019-03-29,
2019-03-30,
2019-03-31,0.120738685
2019-04-01,0.1366564
2019-04-02,
2019-04-03,0.22447188
2019-04-04,0.17755376
2019-04-05,0.14295715
2019-04-06,0.15038134
2019-04-07,0.16649202
2019-04-08,
2019-04-09,0.17808622
2019-04-10,
2019-04-11,0.17391157
2019-04-12,0.18744366
2019-04-13,
2019-04-14,0.18581307
2019-04-15,
2019-04-16,0.14405714
2019-04-17,0.15302202
2019-04-18,
2019-04-19,0.14943327
2019-04-20,0.13145463
2019-04-21,0.14834604
2019-04-22,0.16501555
2019-04-23,0.1792507
2019-04-24,0.19717708
2019-04-25,0.12917238
2019-04-26,
2019-04-27,0.14694218
2019-04-28,0.14953749
2019-04-29,
2019-04-30,0.14244655
2019-05-01,
2019-05-02,0.15699218
2019-05-03,0.14927258
2019-05-04,
2019-05-05,0.16040957
2019-05-06,
2019-05-07,0.1445719
2019-05-08,0.13941868
2019-05-09,0.12938356
2019-05-10,
2019-05-11,0.17420855
2019-05-12,
